country;countryname;edate;date;party;partyname;partyabbrev;parfam;threshold;threshold_lagged;Distrikter;Antal_pladser;pervote;absseat;totseats;total;per402;per403;per404;per405;per406;per407;per408;per409;per410;per411;per412;per413;per414;per415;per416;per501;per502;per503;per504;per505;per506;per507;rile;planeco;markeco;welfare;intpeace;avg_pervote
11;Sweden;20-09-1970;197009;11320;Social Democratic Labour Party;SAP;30;4;4;;;45,343;163;350;197;1;8,1;1;0,5;0;0,5;2,5;1,5;4,1;0,5;1;0;1,5;0;0;7,1;0,5;16,8;13,7;0;4,1;0;-41,2;10,1;1,5;30,5;4,1;40,42217268
11;Sweden;16-09-1973;197309;11320;Social Democratic Labour Party;SAP;30;4;4;;;43,559;156;350;41;0;5,1;0;0;0;0;7,7;0;0;0;0;0;5,1;0;0;0;0;10,3;12,8;0;0;0;-7,7;5,1;5,1;23,1;2,6;40,42217268
11;Sweden;19-09-1976;197609;11320;Social Democratic Labour Party;SAP;30;4;4;;;42,749;152;349;70;5,7;0;0;0;0;0;14,3;0;4,3;4,3;0;0;10;0;0;4,3;0;5,7;10;0;2,9;0;-11,5;0;10;15,7;8,6;40,42217268
11;Sweden;16-09-1979;197909;11320;Social Democratic Labour Party;SAP;30;4;4;;;43,244;154;349;151;0,7;4;0;0;0;0;6;0;4;0,7;0,7;0;9,9;0;0;7,3;0;7,3;15,2;0;2,7;0;-15,3;4,7;9,9;22,5;4,6;40,42217268
11;Sweden;19-09-1982;198209;11320;Social Democratic Labour Party;SAP;30;4;4;;;45,606;166;349;124;0;0;0;0;0;0;13,7;0;0,8;0,8;2,4;0;4;0;0;12,9;0;7,3;12,1;1,6;0;0;-18,5;2,4;4;19,4;8,8;40,42217268
11;Sweden;15-09-1985;198509;11320;Social Democratic Labour Party;SAP;30;4;4;;;44,684;159;349;81;0;0;0;0;0;0;3,7;0;6,2;3,7;0;0;8,6;0;0;9,9;2,5;0;16;0;2,5;0;-21,1;0;9,8;16;3,7;40,42217268
11;Sweden;18-09-1988;198809;11320;Social Democratic Labour Party;SAP;30;4;4;;;43,207;156;349;63;0;0;0;0;0;0;0;0;1,6;0;0;0;6,3;0;0;15,9;9,5;15,9;23,8;0;3,2;0;-23,9;0;6,3;39,7;1,6;40,42217268
11;Sweden;15-09-1991;199109;11320;Social Democratic Labour Party;SAP;30;4;4;;;37,705;138;349;130;1,538;0;0;0;0;0;0,769;0;3,077;3,846;0;0;5,385;0;0;11,538;0;15,385;4,615;0;0,769;0;-6,154;0;5,385;20;0;40,42217268
11;Sweden;18-09-1994;199409;11320;Social Democratic Labour Party;SAP;30;4;4;;;45,25;161;349;206;1,456;0;0;0;0;0;3,883;0;12,136;7,282;0;0;17,476;0;0;1,942;0;11,165;0,485;0;1,942;0;23,786;0;19,417;11,65;0;40,42217268
11;Sweden;21-09-1998;199809;11320;Social Democratic Labour Party;SAP;30;4;4;;;36,39;131;349;256;3,906;0;0;0;0;0;0,391;0;7,422;3,125;0;0;10,156;0;0;1,953;1,172;10,938;12,5;0;7,813;0;-3,516;0;10,547;23,438;0;40,42217268
11;Sweden;15-09-2002;200209;11320;Social Democratic Labour Party;SAP;30;4;4;;;39,854;144;349;273;1,832;0,366;0;0;0;0;0;0;0,733;2,198;0;0;2,198;0;0;5,128;8,425;5,861;9,89;0;10,989;0;-18,315;0,366;4,396;15,751;0,733;40,42217268
11;Sweden;17-09-2006;200609;11320;Social Democratic Labour Party;SAP;30;4;4;;;34,994;130;349;393;1,018;0;0,254;0,254;0;0,254;3,562;0;2,29;7,379;3,817;1,272;1,018;0;0;5,089;3,308;5,852;23,664;0;6,616;0;-24,173;4,071;1,527;29,517;1,781;40,42217268
11;Sweden;19-09-2010;201009;11320;Social Democratic Labour Party;SAP;30;4;4;;;30,66;112;349;282;3,546;1,064;2,128;0,709;0,355;0;2,837;0;3,901;2,837;0;0;0;0;0;0,709;1,773;14,184;25,887;0;15,248;0;-32,27;3,191;0;40,071;0,709;40,42217268
11;Sweden;14-09-2014;201409;11320;Social Democratic Labour Party;SAP;30;4;4;;;31,015;113;349;541;2,588;0,185;1,664;0,37;0,185;0;0,739;0;0,185;4,621;0;0,185;0;0;0,555;5,36;0,37;6,47;19,963;0;17,93;0;-52,495;1,848;0,37;26,433;2,588;40,42217268
11;Sweden;09-09-2018;201809;11320;Social Democratic Labour Party;SAP;30;4;4;;;28,261;100;349;310;1,935;0,645;0;0;0;0,645;0,645;0;0;3,226;0;0;0;0;0,645;6,129;3,548;6,129;16,129;0;12,258;0;-20;0,645;0;22,258;0,645;40,42217268
11;Sweden;11-09-2022;202209;11320;Social Democratic Labour Party;SAP;30;4;4;;;30,32628083;107;349;352;0,568;0,284;0;0;0;1,42;0;3,125;0,284;5,398;0;0;3,125;0;7,102;5,966;1,989;6,25;19,602;0,284;4,83;0;-5,114;0,284;3,409;25,852;1,42;40,42217268
11;Sweden;20-09-1970;197009;11420;People’s Party;FP;40;4;4;;;16,211;58;350;123;1,6;5,7;3,3;0,8;0;0;1,6;0,8;2,4;0,8;0;0;1,6;0;0;8,9;0;8,9;14,6;0;3,3;0;-33,5;9;2,4;23,5;3,3;10,15214203
11;Sweden;16-09-1973;197309;11420;People’s Party;FP;40;4;4;;;9,419;34;350;149;1,3;4,7;1,3;1,3;0;0;3,4;2;2;3,4;0;0;4;0;0;12,1;0;6;7,4;0;4,7;0;-11,5;6;8;13,4;0;10,15214203
11;Sweden;19-09-1976;197609;11420;People’s Party;FP;40;4;4;;;11,063;39;349;143;2,1;6,3;0;0;0;0,7;0,7;3,5;1,4;2,1;0;0;3,5;0;0;11,2;4,2;3,5;0;0;0;0;-2,1;6,3;5,6;3,5;0,7;10,15214203
11;Sweden;16-09-1979;197909;11420;People’s Party;FP;40;4;4;;;10,591;38;349;462;1,5;1,7;0;0,4;0;1,3;4,6;5,2;3;0,2;0,4;0;1,7;0;0;12,5;0,9;7,6;12,5;0;5,6;0;-15,2;2,1;3;20,1;0,9;10,15214203
11;Sweden;19-09-1982;198209;11420;People’s Party;FP;40;4;4;;;5,901;21;349;123;2,4;0;0;0;0;0,8;1,6;0;2,4;0;0;0;7,3;0;0;2,4;1,6;13;8,9;0,8;3,3;0;4,8;0;13,8;21,9;4,1;10,15214203
11;Sweden;15-09-1985;198509;11420;People’s Party;FP;40;4;4;;;14,231;51;349;201;6,5;0;0;0;0;0;0;0;0,5;0;0;0;11,9;0;0;6,5;4;3,5;13,4;0;4;0;12,9;0;24,8;16,9;3;10,15214203
11;Sweden;18-09-1988;198809;11420;People’s Party;FP;40;4;4;;;12,202;44;349;299;7,4;0;0;0;0;0;0;0;2;2,7;0;0;2;0;0;9,7;5,7;1;12;0;4,7;0;-7,7;0;10,7;13;0;10,15214203
11;Sweden;15-09-1991;199109;11420;Liberal People’s Party;FP;40;4;4;;;9,128;33;349;280;3,214;0,357;0;0;0;0;1,071;0;1,429;0,714;0;0;0,357;0;0;4,286;0,357;7,857;2,5;0;2,5;0;3,929;0,357;5,714;10,357;0;10,15214203
11;Sweden;18-09-1994;199409;11420;Liberal People’s Party;FP;40;4;4;;;7,192;26;349;192;7,813;0;0;0;0;0;1,563;0;0,521;4,167;0;0;10,417;0;0;3,646;1,042;26,563;2,083;0;3,646;0;19,271;0;16,146;28,646;1,563;10,15214203
11;Sweden;21-09-1998;199809;11420;Liberal People’s Party;FP;40;4;4;;;4,72;17;349;84;5,952;0;0;0;0;0;0;0;0;1,19;0;0;9,524;0;0;5,952;0;7,143;3,571;0;5,952;0;14,286;0;13,095;10,714;3,571;10,15214203
11;Sweden;15-09-2002;200209;11420;Liberal People’s Party;FP;40;4;4;;;13,394;48;349;429;3,73;1,865;0;0;0;1,632;0;0;0,699;2,331;0,233;0;1,399;0;0;8,392;4,429;5,594;2,331;0;10,49;0;0,932;2,098;6,76;7,925;0,233;10,15214203
11;Sweden;17-09-2006;200609;11420;Liberal People’s Party;FP;40;4;4;;;7,537;28;349;605;4,628;0,661;0,661;0;0;0,992;4,132;0;0,661;4,463;0,661;0;0,826;0;0;4,463;2,975;5,785;10,909;1,983;12,397;0;14,545;1,983;4,298;16,694;0;10,15214203
11;Sweden;19-09-2010;201009;11420;Liberal People’s Party;FP;40;4;4;;;7,06;24;349;916;3,384;1,528;0;0,328;0;0,655;5,349;0;0,328;4,694;0;0;0;0;0;8,297;4,367;2,948;15,939;0;10,59;0;-4,803;1,528;0,655;18,886;0,218;10,15214203
11;Sweden;14-09-2014;201409;11420;Liberal People’s Party;FP;40;4;4;;;5,42;19;349;436;2,294;0;0;0;0;2,523;0,229;0,688;0,229;2,064;0;0;0;0;0;8,486;5,963;5,505;5,505;2,294;12,615;0;-2,523;0;0,688;11,009;0;10,15214203
11;Sweden;09-09-2018;201809;11420;Liberals;L;40;4;4;;;5,49;20;349;612;2,288;1,144;0;0;0;0;0,163;0;0,163;1,471;0;0;0,327;0;0,49;7,68;2,941;7,353;9,15;2,451;11,601;0;-1,144;1,144;2,778;16,503;0;10,15214203
11;Sweden;11-09-2022;202209;11420;Liberals;L;40;4;4;;;4,608698579;16;349;433;0;0,693;0;0;0;0,462;0;1,617;0,231;2,54;0;0;0;0;3,464;4,388;0,462;5,081;12,24;1,155;12,009;0;10,624;0,693;9,007;17,321;0;10,15214203
11;Sweden;20-09-1970;197009;11620;Moderate Coalition Party;MSP;60;4;4;;;11,531;41;350;47;4,3;0;0;0;0;0;2,1;0;0;0;0;0;6,4;0;0;2,1;0;6,4;10,6;0;6,4;0;10,8;0;10,7;17;0;19,43040075
11;Sweden;16-09-1973;197309;11620;Moderate Coalition Party;MSP;60;4;4;;;14,294;51;350;76;7,9;0;0;0;0;0;1,3;0;1,3;0;0;0;3,9;0;0;6,6;0;10,5;10,5;0;9,2;0;19,7;0;15,7;21;2,6;19,43040075
11;Sweden;19-09-1976;197609;11620;Moderate Coalition Party;MSP;60;4;4;;;15,589;55;349;103;4,9;1,9;0;0;0;0;2,9;0;2,9;0;0;0;3,9;0;0;1;4,9;2,9;12,6;0;8,7;0;2,2;1,9;12,6;15,5;1,9;19,43040075
11;Sweden;16-09-1979;197909;11620;Moderate Coalition Party;MSP;60;4;4;;;20,343;73;349;127;8,7;0;0;0;0;0;3,2;0;0,8;0;0;0;4,8;0;0;12,7;4,8;4,8;7,1;0;7,1;0;23,1;0;15,1;11,9;0;19,43040075
11;Sweden;19-09-1982;198209;11620;Moderate Coalition Party;MSP;60;4;4;;;23,644;86;349;140;5,7;0;0;0;0;0;2,1;0;0,7;0;0;0;12,1;0;0;3,6;2,9;0,7;7,1;3,6;7,9;0;25,1;0;23,5;7,8;3,5;19,43040075
11;Sweden;15-09-1985;198509;11620;Moderate Coalition Party;MSP;60;4;4;;;21,328;76;349;104;15,4;0;0;0;0;0;1;0;0;0;0;0;9,6;0;0;4,8;1,9;0;2,9;1;3,8;0;59,8;0;30,8;2,9;1,9;19,43040075
11;Sweden;18-09-1988;198809;11620;Moderate Coalition Party;MSP;60;4;4;;;18,297;66;349;183;8,2;0;0;0;0;0;0,5;0;0,5;0,5;0;0;8,2;0;0;8,2;1,6;0;1,6;0;2,2;0;36,7;0;14,2;1,6;0,5;19,43040075
11;Sweden;15-09-1991;199109;11620;Moderate Coalition Party;MSP;60;4;4;;;21,924;80;349;192;9,375;0;0;0;0;0;0;0;0;0;0;0;15,104;0;0;3,646;1,563;2,604;2,083;0;8,333;0;43,75;0;22,917;4,688;0;19,43040075
11;Sweden;18-09-1994;199409;11620;Moderate Coalition Party;MSP;60;4;4;;;22,38;80;349;199;4,523;0;0;0;0;0;1,508;0;1,508;1,508;0;0;16,583;0;0;3,518;1,005;1,508;0;0;4,523;0;40,201;0;28,643;1,508;1,508;19,43040075
11;Sweden;21-09-1998;199809;11620;Moderate Coalition Party;MSP;60;4;4;;;22,9;82;349;334;8,084;0;0;0;0;0;0;0;1,198;3,892;0;0;15,868;0;0;2,994;10,778;4,79;0;0;5,988;0;37,425;0;27,844;4,79;1,198;19,43040075
11;Sweden;15-09-2002;200209;11620;Moderate Coalition Party;MSP;60;4;4;;;15,256;55;349;423;5,674;0,709;0;0;0;0,709;0,473;0;1,182;4,255;0;0;11,111;0;0;2,364;0;7,329;1,418;0,709;4,728;0;38,061;0,709;21,749;8,747;0,236;19,43040075
11;Sweden;17-09-2006;200609;11620;Moderate Coalition Party;MSP;60;4;4;;;26,23;97;349;858;4,545;0,35;1,282;0;0;0,233;6,061;0;1,282;7,343;0;0;2,331;0;0;6,76;0,466;3,73;13,52;0;8,625;0;3,963;1,632;4,196;17,249;0,583;19,43040075
11;Sweden;19-09-2010;201009;11620;Moderate Coalition Party;MSP;60;4;4;;;30,06;107;349;1896;4,061;0,686;0;0,264;0;0,316;9,019;0,053;1,002;6,382;0;0;3,27;0;0;10,179;0,053;6,382;11,973;0,264;6,171;0;2,479;0,686;4,905;18,354;1,108;19,43040075
11;Sweden;14-09-2014;201409;11620;Moderate Coalition Party;MSP;60;4;4;;;23,325;84;349;1634;1,224;0,734;0,49;0;0,122;0,918;1,04;0,796;0,49;4,59;0;0,612;0,979;0;0,734;8,262;1,958;4,529;12,668;0,979;9,547;0;-16,769;1,224;4,59;17,197;0,612;19,43040075
11;Sweden;09-09-2018;201809;11620;Moderate Coalition Party;MSP;60;4;4;;;19,836;70;349;1005;2,388;0,796;0;0;0;0,199;0,796;0;1,095;3,383;0;0,1;1,194;0;0,498;8,06;2,687;4,776;12,338;1,891;7,761;0,199;7,562;0,796;3,383;17,114;0,1;19,43040075
11;Sweden;11-09-2022;202209;11620;Moderate Coalition Party;MSP;60;4;4;;;19,10261425;68;349;742;0,943;0,539;0;0;0;0,135;0;0,943;0,943;4,178;0,539;0;1,213;0;1,348;8,221;1,617;5,526;9,03;2,83;9,03;0;18,194;1,078;3,639;14,555;0;19,43040075
11;Sweden;19-09-2010;201009;11710;Sweden Democrats;SD;70;4;4;;;5,7;20;349;204;5,882;0;0;0;0;0;1,961;0;0,49;1,961;0;0;0;0;0;5,392;0;1,471;13,725;0;5,882;0;15,686;0;0,49;15,196;0,49;14,15692454
11;Sweden;14-09-2014;201409;11710;Sweden Democrats;SD;70;4;4;;;12,857;49;349;315;2,54;0;0;0;0;0;0;0;0;3,175;0;0;0;0;0;5,397;2,222;3,81;16,508;1,27;6,984;0,317;-6,984;0;0,952;20,317;0;14,15692454
11;Sweden;09-09-2018;201809;11710;Sweden Democrats;SD;70;4;4;;;17,534;62;349;429;0,466;0,233;0;0;0;0,466;0,932;0;0,233;4,196;0;0;0;0;0;4,429;3,963;4,196;16,084;0,932;5,361;0;-9,091;0,233;0,466;20,28;0,699;14,15692454
11;Sweden;11-09-2022;202209;11710;Sweden Democrats;SD;70;4;4;;;20,53669814;73;349;1327;1,206;0;0;0;0,075;0,226;0;0,904;1,432;5,878;0;0;0;0;0,829;4,446;4,295;5,803;19,367;1,13;2,185;0;4,295;0;3,693;25,17;0,075;14,15692454
11;Sweden;20-09-1970;197009;11810;Centre Party;CP;80;4;4;;;19,919;71;350;96;11,5;5,2;4,2;0;0;0;0;0;4,2;0;1;0;2,1;0;0;5,2;0;6,3;14,6;0;1;0;-14,6;10,4;5,2;20,9;2,1;12,20554737
11;Sweden;16-09-1973;197309;11810;Centre Party;CP;80;4;4;;;25,101;90;350;167;4;8;1,7;0;0;0;4,6;4;0;1,7;0;0;1,2;0;0;6,9;0,6;5,2;12,6;0;4,6;0;-24;9,7;1,2;17,8;1,2;12,20554737
11;Sweden;19-09-1976;197609;11810;Centre Party;CP;80;4;4;;;24,085;86;349;296;4,4;3,7;1;0;0;0;2,4;0;1,3;0;1;0;0,7;0;0;17,2;0,7;5,1;17,6;0;3,4;0;-18,2;5,7;1,4;22,7;1,3;12,20554737
11;Sweden;16-09-1979;197909;11810;Centre Party;CP;80;4;4;;;18,07;64;349;280;5,4;1,8;1,4;0;0;0;1,8;0;2,1;2,5;0;0;0,7;0;0;14,3;3,2;4,6;7,9;0;7,1;0;-8,1;3,2;1,8;12,5;1,8;12,20554737
11;Sweden;19-09-1982;198209;11810;Centre Party;CP;80;4;4;;;15,476;56;349;339;5,3;0,9;1,2;0,3;0,3;0;3,8;0;3,8;2,9;0;0;2,9;0;0;14,6;0,9;2,3;10,5;0;9,9;0;-14;2,1;5,2;12,8;4,4;12,20554737
11;Sweden;15-09-1985;198509;11810;Centre Party;CP;80;4;4;;;12,13;43;349;168;2,4;0;0;0;0;0;0;0;6;3;0;0;9,5;0;0;15,5;1,2;3;14,9;0;7,1;0;-1,1;0;12,5;17,9;1,8;12,20554737
11;Sweden;18-09-1988;198809;11810;Centre Party;CP;80;4;4;;;11,3;42;349;96;3,1;0;0;0;0;0;0;0;1;0;0;0;5,2;0;0;26;5,2;9,4;6,3;0;12,5;0;-5,3;0;8,3;15,7;1;12,20554737
11;Sweden;15-09-1991;199109;11810;Centre Party;CP;80;4;4;;;8,503;31;349;129;6,202;0;0;0;0;0;0,775;0;4,651;7,752;0;0;2,326;0;0;22,481;1,55;11,628;6,202;0;2,326;0;5,426;0;3,101;17,829;0,775;12,20554737
11;Sweden;18-09-1994;199409;11810;Centre Party;CP;80;4;4;;;7,653;27;349;165;9,091;0;0,606;0;0;0;2,424;0;1,212;1,818;0;0;11,515;0;0;21,818;0;18,182;0;0;1,818;0;21,818;0,606;14,545;18,182;0,606;12,20554737
11;Sweden;21-09-1998;199809;11810;Centre Party;CP;80;4;4;;;5,13;18;349;242;13,223;0,826;0;0;0;0;0,413;0;0,413;1,653;1,653;0;2,893;0;0;11,57;0,413;8,264;6,612;0;7,438;0;11,57;2,479;9,091;14,876;0,826;12,20554737
11;Sweden;15-09-2002;200209;11810;Centre Party;CP;80;4;4;;;6,193;22;349;263;9,506;0,38;0;0;0;0,76;0;0;1,521;1,141;0;0;5,323;0;0;9,886;1,521;3,802;8,365;0;4,183;0;10,646;0,38;8,365;12,167;0;12,20554737
11;Sweden;17-09-2006;200609;11810;Centre Party;CP;80;4;4;;;7,879;29;349;314;5,414;0;1,911;0;0;0;5,414;0,637;2,548;3,822;2,229;0;0;0;0;14,013;0;4,777;14,013;0,637;6,369;0;-4,459;4,14;3,822;18,79;0,318;12,20554737
11;Sweden;19-09-2010;201009;11810;Centre Party;CP;80;4;4;;;6,56;23;349;759;5,007;0;0,264;1,186;0;0;8,696;0;1,054;5,534;0;0;0;0;0;22,925;0,395;5,402;8,827;0,132;7,115;0;-2,24;0,264;4,743;14,229;0,527;12,20554737
11;Sweden;14-09-2014;201409;11810;Centre Party;CP;80;4;4;;;6,113;22;349;380;7,895;0;0,263;0;0;0,789;0,263;0;2,632;5,263;0;0;0;0;0,789;30,263;0;2,632;5;3,421;4,211;0;7,895;0,263;5,526;7,632;0,263;12,20554737
11;Sweden;09-09-2018;201809;11810;Centre Party;CP;80;4;4;;;8,608;31;349;460;2,174;0;0;0;0;0,217;0,652;0;0,652;3,043;0;0;0;0;3,043;15,652;0;8,043;9,565;0,652;2,609;0;9,783;0;4,565;17,609;0;12,20554737
11;Sweden;11-09-2022;202209;11810;Centre Party;CP;80;4;4;;;6,714399995;24;349;574;2,091;0;0;0;0;1,742;0;0;1,394;5,052;0;0;2,265;0;7,317;5,749;0,174;9,059;10,801;0,697;6,794;0;4,704;0;7,84;19,861;0,174;12,20554737
12;Norway;11-09-1977;197709;12320;Norwegian Labour Party;DnA;30;1,878835752;1,878835752;19;155;42,259;76;155;884;0,2;1,8;3,3;0,2;0;0;3,4;0,7;2,5;4,9;4;0,1;0;0;0;7,7;7,4;7,2;8,6;0;4,2;0;-31,6;9,1;0,8;15,8;1,5;36,58306667
12;Norway;14-09-1981;198109;12320;Norwegian Labour Party;DnA;30;1,878835752;1,878835752;19;155;37,204;65;155;1084;0,1;1,6;1,8;0,3;0,2;0;4,8;0,7;4,3;3,3;1,9;0,3;0,3;0;0;8,1;7,9;5,6;4,7;0,5;3;0;-22,7;5,3;0,8;10,3;4,7;36,58306667
12;Norway;08-09-1985;198509;12320;Norwegian Labour Party;DnA;30;1,857485345;1,87;19;157;40,807;71;157;1991;0,4;2,2;0,9;0,5;0;0;0,8;0,7;5,3;5,2;1,8;0;0,4;0;0;2,4;8;9,9;8,6;0;2,8;0;-25,5;4,9;0,4;18,5;4,3;36,58306667
12;Norway;11-09-1989;198909;12320;Norwegian Labour Party;DnA;30;1,857485345;1,857485345;19;157;34,272;63;165;NA;0,5;3,8;0;0,4;0;0,3;0,9;0,1;7;8,1;1,9;0;0,4;0;0;10,1;6,8;5,4;11,8;0;8,2;0;-36;5,7;0,6;17,2;2,3;36,58306667
12;Norway;13-09-1993;199309;12320;Norwegian Labour Party;DnA;30;1,857485345;1,857485345;19;157;36,911;67;165;1162;0,344;0,086;0;0;0;0,172;4,991;0;2,582;8,778;0,172;0,43;0,775;0;2,668;7,831;3,098;5,164;10,413;0,43;4,647;0;-19,707;0,258;1,721;15,577;0,516;36,58306667
12;Norway;16-09-1997;199709;12320;Norwegian Labour Party;DnA;30;1,857485345;1,857485345;19;157;35;65;165;3633;1,156;2,863;0;0,551;0,055;0,138;0,248;0,055;0,688;6,579;0,138;0,385;1,294;0,028;2,422;7,322;6,579;5,312;8,01;0,633;3,688;0;-18,112;3;2,175;13,322;1,018;36,58306667
12;Norway;10-09-2001;200109;12320;Norwegian Labour Party;DnA;30;1,857485345;1,857485345;19;157;24,293;43;165;2860;0,42;0,455;0,035;0,105;0,035;0,175;0,175;0;5,559;8,636;2,098;0,524;0,315;0;0,734;6,329;8,357;5,105;18,951;0;7,238;0;-38,182;2,587;0,42;24,056;0,559;36,58306667
12;Norway;12-09-2005;200509;12320;Norwegian Labour Party;DnA;30;1,934422608;1,85;19;150;32,69;61;169;1664;3,185;0,962;3,666;0,18;0;0,3;1,022;0,24;0;8,594;0,3;1,683;0;0;0;4,928;5,469;7,632;16,587;0;6,37;0;-33,293;4,928;0;24,219;1,262;36,58306667
12;Norway;14-09-2009;200909;12320;Norwegian Labour Party;DnA;30;1,934422608;1,934422608;19;150;35,379;64;188;2125;2,259;1,459;0,188;0,376;0,094;0,612;0;0,141;2,918;5,318;0;0,894;0,141;1,412;0;8,8;3,059;6,824;17,365;0;12,753;0;-29,788;1,647;0,141;24,188;0,329;36,58306667
12;Norway;09-09-2013;201309;12320;Labour Party;Ap;30;1,934422608;1,934422608;19;150;30,845;55;169;2691;0,223;1,115;0;0;0,037;0;2,044;0,483;0,297;10,219;0;0,818;0,186;0;3,344;5,054;2,75;4,496;17,02;0,037;6,094;0;-17,986;1,115;0,223;21,516;0,743;36,58306667
12;Norway;11-09-2017;201709;12320;Labour Party;Ap;30;1,934422608;1,934422608;19;150;27,366;49;169;2363;0,889;7,364;0,973;1,016;0,127;0;0;0,042;5,882;14,642;0,085;1,481;0,508;0,127;2,201;7,744;3,047;4,867;11,807;0,042;7,406;0,127;-29,793;8,421;0,55;16,674;0,973;36,58306667
12;Norway;11-09-1977;197709;12620;Conservative Party;H;60;1,878835752;1,878835752;19;155;27,08;41;155;1238;2,5;2,8;3,2;0,2;0;0,3;1;0;2,2;5,7;0,6;0;4,7;0;0;6,7;5,3;6;5,3;0;7,8;0,2;-10,2;6,6;5,4;11,3;0,4;21,9806
12;Norway;14-09-1981;198109;12620;Conservative Party;H;60;1,878835752;1,878835752;19;155;31,739;54;155;1740;3,6;1,2;2,2;0,1;0,1;0,1;1;0;2,9;4;0,2;0;2,2;0;0;7,4;4;4,4;3,2;2,9;7,7;0;8,2;3,6;12,4;7,6;0,3;21,9806
12;Norway;08-09-1985;198509;12620;Conservative Party;H;60;1,857485345;1,87;19;157;30,422;50;157;2104;1,7;3,2;0,2;0;0;0,9;1;0,3;6,3;8,3;0,9;0;1,4;0;0;3,3;6,6;2,8;7,1;0;8,6;0;-7,9;4,3;8,9;9,9;0,9;21,9806
12;Norway;11-09-1989;198909;12620;Conservative Party;H;60;1,857485345;1,857485345;19;157;22,235;37;165;NA;4,4;3,2;0;0,1;0;0,1;0,6;0,1;8,7;8,5;0,1;0;2;0;0;6,7;5,4;2,2;10;0,5;9,7;0;-7,1;3,3;9;12,2;0,3;21,9806
12;Norway;13-09-1993;199309;12620;Conservative Party;H;60;1,857485345;1,857485345;19;157;17,034;28;165;1084;1,107;0,83;0;0;0;0,738;1,015;0;4,705;6,642;0;0,092;3,598;0;0,738;5,904;1,753;0,646;7,472;0,738;8,118;0,277;14,391;0,83;14,391;8,118;0,092;21,9806
12;Norway;16-09-1997;199709;12620;Conservative Party;H;60;1,857485345;1,857485345;19;157;14,34;23;165;1246;2,247;2,327;0;0;0;0,401;0,963;0;1,364;5,859;0,08;0;1,284;0;0,722;3,451;2,167;1,284;8,587;1,605;9,069;0,08;3,692;2,408;8,989;9,872;0,482;21,9806
12;Norway;10-09-2001;200109;12620;Conservative Party;H;60;1,857485345;1,857485345;19;157;21,208;38;165;1328;6,702;0,527;0;0;0;1,13;0,151;0;2,861;6,175;0;0;0,753;0;0,151;7,53;3,84;0,828;7,681;0,904;12,952;0,075;9,789;0,527;7,907;8,509;0;21,9806
12;Norway;12-09-2005;200509;12620;Conservative Party;H;60;1,934422608;1,85;19;150;14,098;23;169;1622;4,439;1,233;0,123;0;0;1,665;0,493;0;0,062;7,028;0;0,308;0;0;0;4,932;4,192;1,726;8,508;3,822;8,261;0;13,379;1,356;11,036;10,234;0,74;21,9806
12;Norway;14-09-2009;200909;12620;Conservative Party;H;60;1,934422608;1,934422608;19;150;17,236;33;188;1473;2,308;0,272;0;0;0;0,407;0,339;0;7,739;5,906;0;0,068;0,339;0;0;8,69;4,005;0,815;15,547;0;10,794;0;-11,405;0,272;3,462;16,361;0,136;21,9806
12;Norway;09-09-2013;201309;12620;Conservative Party;H;60;1,934422608;1,934422608;19;150;26,806;48;169;1365;0,733;0;0;0;0;0;4,029;0;0,147;10,916;0;0;0,513;0;4,103;3,37;3,37;1,392;17,436;0,147;7,106;0,147;-9,011;0;2,564;18,828;0,22;21,9806
12;Norway;11-09-2017;201709;12620;Conservative Party;H;60;1,934422608;1,934422608;19;150;25,041;45;169;1921;5,206;0,833;1,51;0,469;0,156;0,208;0,521;0,26;1,926;13,535;0,104;0,416;0,104;0;4,581;5,726;2,655;3,175;11,088;0,26;9,839;0,104;-7,808;2,447;3,019;14,263;0,364;21,9806
12;Norway;11-09-1977;197709;12951;Progress Party;FrP;70;1,878835752;1,878835752;19;155;1,884;0;155;1203;1,7;3,1;2,3;0;0,3;0,1;1;0;4,4;3,5;0,8;0;9,5;0;0;2,4;2;3,8;3,7;2,7;3,8;0,8;21,8;6,2;23;7,5;0;11,7355
12;Norway;14-09-1981;198109;12951;Progress Party;FrP;70;1,878835752;1,878835752;19;155;4,456;4;155;891;0,8;2,9;0,6;0;0,2;0;1,1;0;2,6;2,7;2,1;0;11,5;0;0;2,4;2;2,6;3;4,8;1,3;0,8;32,1;5,6;27,5;5,6;0;11,7355
12;Norway;08-09-1985;198509;12951;Progress Party;FrP;70;1,857485345;1,87;19;157;3,72;2;157;856;2;3,2;0;0;0;1,8;0,5;0;2;6,9;0,1;0;6,7;0;0;0,7;4,2;1,4;2,2;4,1;5,6;1,3;34;3,3;27,5;3,6;0,1;11,7355
12;Norway;11-09-1989;198909;12951;Progress Party;FrP;70;1,857485345;1,857485345;19;157;13,038;22;165;NA;7,4;4,4;0;0;0;1,8;0,4;0;1,6;8;0;0;4,2;0;0;4,1;4,8;1,1;7,4;5;6,8;1,2;24,2;4,4;16,2;8,5;0,4;11,7355
12;Norway;13-09-1993;199309;12951;Progress Party;FrP;70;1,857485345;1,857485345;19;157;6,275;10;165;1602;1,685;0,874;0;0;0;2,559;0,062;0;1,311;4,931;0;0,125;4,432;0;0,375;4,245;0,437;0,811;3,496;4,432;3,87;0,375;43,571;0,874;24,844;4,307;0,25;11,7355
12;Norway;16-09-1997;199709;12951;Progress Party;FrP;70;1,857485345;1,857485345;19;157;15,3;25;165;2070;1,594;3,237;0;0;0;1,014;0,242;0;0,338;4,203;0;0;2,077;0;0,338;3,092;1,304;2,077;5,845;1,787;4,01;0,386;23,478;3,237;19,662;7,923;0,242;11,7355
12;Norway;10-09-2001;200109;12951;Progress Party;FrP;70;1,857485345;1,857485345;19;157;14,641;26;165;2362;3,26;0,677;0;0;0,085;1,101;0;0;1,016;12,405;0;0,042;1,058;0;0,508;3,091;1,185;0,847;10,796;0,635;6,943;0,042;23,963;0,677;20,025;11,643;0,423;11,7355
12;Norway;12-09-2005;200509;12951;Progress Party;FrP;70;1,934422608;1,85;19;150;22,056;38;169;2638;3,033;0,834;0,265;0;0,076;4,208;1,061;0;0,341;10,538;0;0;0,417;0;0,038;4,776;2,957;2,464;11,334;2,199;9,439;0;16,945;1,099;13,154;13,798;0,038;11,7355
12;Norway;14-09-2009;200909;12951;Progress Party;FrP;70;1,934422608;1,934422608;19;150;22,91;44;188;2011;5,022;0,05;0,199;0;0;1,343;0,149;1,492;3,68;9,398;0;0,099;0,348;0;0;2,984;5,172;0,497;10,443;1,84;8,404;0,199;6,763;0,249;7,161;10,94;0,099;11,7355
12;Norway;09-09-2013;201309;12951;Progress Party;FrP;70;1,934422608;1,934422608;19;150;16,345;29;169;2519;1,509;0,119;0;0,119;0;0;5,359;0,198;0,159;12,029;0;0,04;0,397;0;2,382;3,295;5,081;0,516;14,728;0,675;6,233;0,913;-1,945;0,119;5,32;15,244;0,04;11,7355
12;Norway;11-09-2017;201709;12951;Progress Party;FrP;70;1,934422608;1,934422608;19;150;15,193;27;169;3128;1,055;2,973;0,256;0,512;0;2,014;0;0;2,877;13,363;0,096;0,096;0,575;0;0,352;1,79;2,366;2,685;10,358;2,302;6,49;0,448;14,162;3,325;12,468;13,043;0,096;11,7355
13;Denmark;09-01-1975;197501;13320;Social Democratic Party;SD;30;2,034427118;;17;135;32,43;2,034427118;;115;0;0;0;1,7;0;0;0;2,6;12,9;0;5,2;1,7;4,3;0;0;1,7;0;14,7;8,6;0;0,9;0;-9,5;5,2;4,3;23,3;0;32,43309091
13;Denmark;15-02-1977;197702;13320;Social Democratic Party;SD;30;2,034427118;2,034427118;17;135;32,43;2,034427118;;47;0;0;2,1;2,1;0;0;4,3;2,1;8,5;2,1;0;0;0;0;0;0;0;10,6;8,5;0;4,3;0;-12,8;2,1;0;19,1;0;32,43309091
13;Denmark;23-10-1979;197910;13320;Social Democratic Party;SD;30;2,034427118;2,034427118;17;135;32,43;2,034427118;;132;0;0,8;1,5;0;0;0;58,3;0;1,5;2,3;3,8;0;0;0;0;0,8;0;9,1;3;0;0,8;0;-11,4;6,1;0;12,1;0;32,43309091
13;Denmark;08-12-1981;198112;13320;Social Democratic Party;SD;30;2,034427118;2,034427118;17;135;32,43;2,034427118;;106;0,9;1,9;0;0;0;0;3,8;0;11,3;1,9;0;0;3,8;0;0;1,9;0,9;6,6;3,8;0;1,9;0;-5,7;1,9;3,8;10,4;2,8;32,43309091
13;Denmark;10-01-1984;198401;13320;Social Democratic Party;SD;30;2,034427118;2,034427118;17;135;32,43;2,034427118;;169;0;0;0;0;0;0;11,834;0;4,142;0,592;3,55;0,592;1,183;0;0;4,142;2,367;15,976;7,692;0;5,917;0;-23,669;3,55;1,183;23,669;6,509;32,43309091
13;Denmark;08-09-1987;198709;13320;Social Democratic Party;SD;30;2,034427118;2,034427118;17;135;32,43;2,034427118;;124;1,613;8,065;0;4,032;0;0;0;0;1,613;5,645;3,226;0;2,419;0;8,065;0;2,419;5,645;8,065;0,806;8,065;0;-29,032;11,29;2,419;13,71;0;32,43309091
13;Denmark;10-05-1988;198805;13320;Social Democratic Party;SD;30;2,034427118;2,034427118;17;135;32,43;2,034427118;;153;3,268;2,614;0,654;4,575;0;0;1,961;0;0;1,307;0,654;0;2,614;0;0,654;3,922;0;5,882;1,307;0;5,229;0;-20,261;3,922;2,614;7,19;0;32,43309091
13;Denmark;12-12-1990;199012;13320;Social Democratic Party;SD;30;2,034427118;2,034427118;17;135;32,43;2,034427118;;62;1,613;0;0;0;0;0;4,839;0;1,613;4,839;3,226;0;0;0;0;6,452;0;3,226;19,355;0;8,065;0;-35,484;3,226;0;22,581;0;32,43309091
13;Denmark;21-09-1994;199409;13320;Social Democratic Party;SD;30;2,034427118;2,034427118;17;135;32,43;2,034427118;;217;0;0,922;0,922;0,922;0;0;2,765;0;0;0,922;0,461;0;0,461;0;0;4,608;0;2,304;6,912;0;8,756;0;-7,373;2,304;0,461;9,217;0;32,43309091
13;Denmark;11-03-1998;199803;13320;Social Democratic Party;SD;30;2,034427118;2,034427118;17;135;32,43;2,034427118;;384;0;0;0;0;0;0;2,604;0;0;0,521;0;0;6,771;0;0;7,812;0;3,125;14,062;0;7,812;0;-1,042;0;7,031;17,188;0;32,43309091
13;Denmark;20-11-2001;200111;13320;Social Democratic Party;SD;30;2,034427118;2,034427118;17;135;32,43;2,034427118;;1125;0;0,978;0;0;0;0,8;4;0;0,444;7,111;0;0;1,867;0;0;8,889;2,933;7,733;11,467;0;9,244;0;-13,422;0,978;1,867;19,2;0,178;32,43309091
13;Denmark;08-02-2005;200502;13320;Social Democratic Party;SD;30;2,034427118;2,034427118;17;135;32,43;2,034427118;;289;0;0;0;0;0;2,076;7,958;0;1,038;12,111;0;0;2,076;0;0;8,304;0,346;1,038;26,298;0;16,609;0;-36,332;0;2,076;27,336;0;32,43309091
13;Denmark;13-11-2007;200711;13320;Social Democratic Party;SD;30;1,635660859;2,034427118;10;135;32,43;1,635660859;;117;1,709;1,709;3,419;1,709;0;0;4,274;0;1,709;4,274;0,855;0;0;0;11,966;7,692;0;11,111;6,838;0;0,855;0;-8,547;5,983;0;17,949;0,855;32,43309091
13;Denmark;15-09-2011;201109;13320;Social Democratic Party;SD;30;1,635660859;1,635660859;10;135;32,43;1,635660859;;169;1,775;1,183;0;0,592;0;0;7,692;4,734;1,775;3,55;4,734;0;3,55;0;0;7,101;0;2,367;13,609;0;5,325;0;-6,509;5,917;4,142;15,976;0;32,43309091
13;Denmark;18-06-2015;201506;13320;Social Democratic Party;SD;30;1,635660859;1,635660859;10;135;32,43;1,635660859;;574;1,916;0;2,265;0;0;0,348;0;2,091;2,613;4,181;0;0;3,31;0;0,871;4,878;0;10,279;20,557;0;7,666;0;-2,091;2,265;3,31;30,836;0;32,43309091
13;Denmark;05-06-2019;201906;13320;Social Democratic Party;SD;30;1,635660859;1,635660859;10;135;32,43;1,635660859;;2597;0,077;0,193;0,462;0;0;0;0;0;1,463;8,933;0;0;0;0;5,968;16,095;0,385;12,784;12,091;0;5,429;0;-18,483;0,655;0;24,875;0;32,43309091
13;Denmark;09-01-1975;197501;13420;Liberals;V;40;2,034427118;;17;135;23,325;42;175;67;13,4;1,5;0;1,5;0;0;1,5;0;4,5;3;9;0;7,5;0;0;4,5;0;1,5;1,5;1,5;4,5;1,5;11,9;10,5;7,5;3;0;19,11009091
13;Denmark;15-02-1977;197702;13420;Liberals;V;40;2,034427118;2,034427118;17;135;11,967;21;175;98;3,1;0;0;1;0;0;1;0;6,1;0;4,1;0;8,2;0;0;1;1;6,1;2;0;1;0;20,5;4,1;9,2;8,1;0;19,11009091
13;Denmark;23-10-1979;197910;13420;Liberals;V;40;2,034427118;2,034427118;17;135;12,503;22;175;44;2,1;0;0;4,3;0;0;8,5;0;0;0;6,4;0;6,4;0;0;0;0;8,5;0;6,4;0;0;51,1;6,4;10,7;8,5;0;19,11009091
13;Denmark;08-12-1981;198112;13420;Liberals;V;40;2,034427118;2,034427118;17;135;11,31;21;175;78;3,7;0;2,5;1,2;0;0;1,2;0;7,4;0;2,5;0;17,3;0;0;0;1,2;3,7;3,7;2,5;1,2;0;23,5;5;23,5;7,4;0;19,11009091
13;Denmark;10-01-1984;198401;13420;Liberals;V;40;2,034427118;2,034427118;17;135;12,068;22;175;659;1,669;0;0;0;0;0;8,042;0;3,338;7,739;0,152;0;4,856;0;0;0;0;1,517;0,152;0;0,303;0,759;13,657;0,152;8,346;1,669;3,187;19,11009091
13;Denmark;08-09-1987;198709;13420;Liberals;V;40;2,034427118;2,034427118;17;135;10,536;19;175;284;1,056;0;0;1,056;0;0;0,352;3,521;0;1,408;0;0;3,169;0;0;3,521;2,113;0,352;8,803;1,056;2,817;0,352;29,225;0;26,408;9,155;0;19,11009091
13;Denmark;10-05-1988;198805;13420;Liberals;V;40;2,034427118;2,034427118;17;135;11,841;22;175;40;12,5;0;0;0;0;0;2,5;0;2,5;0;0;0;0;0;0;5;0;2,5;0;0;0;0;37,5;0;5;2,5;2,5;19,11009091
13;Denmark;12-12-1990;199012;13420;Liberals;V;40;2,034427118;2,034427118;17;135;15,793;29;175;179;0;0;0;0;0;0;2,235;0;0;1,117;0;0;0;0;0;3,911;1,676;0;0;0;0,559;0;10,056;0;0,559;0;3,352;19,11009091
13;Denmark;21-09-1994;199409;13420;Liberals;V;40;2,034427118;2,034427118;17;135;23,295;42;175;209;18,66;4,785;0,478;0;0,478;0;2,871;0;0;1,914;0,957;0;5,263;0;0;0;0;0,478;0;3,828;0,478;0;54,067;6,22;17,225;0,478;0;19,11009091
13;Denmark;11-03-1998;199803;13420;Liberals;V;40;2,034427118;2,034427118;17;135;24,01;42;175;70;0;0;0;0;0;0;2,857;0;0;0;0;0;21,429;0;0;0;0;0;11,429;0;8,571;0;28,571;0;21,429;11,429;0;19,11009091
13;Denmark;20-11-2001;200111;13420;Liberals;V;40;2,034427118;2,034427118;17;135;31,25;56;175;69;0;0;0;0;0;0;0;0;0;0;0;0;11,594;0;0;0;0;0;13,043;0;1,449;0;36,232;0;11,594;13,043;0;19,11009091
13;Denmark;08-02-2005;200502;13420;Liberals;V;40;2,034427118;2,034427118;17;135;29,031;52;175;253;1,976;0;0;0;0;0;7,51;0;3,162;8,696;0;0;8,3;0;0;12,648;0;0;19,763;0;8,696;0;-2,372;0;15,81;19,763;0;19,11009091
13;Denmark;13-11-2007;200711;13420;Liberals;V;40;1,635660859;2,034427118;10;135;26,26;46;175;129;3,876;1,55;3,876;0;0;0;10,078;0;0;12,403;0;0;4,651;0;0;6,202;0;1,55;5,426;0;0;0;-6,977;5,426;5,426;6,977;0;19,11009091
13;Denmark;15-09-2011;201109;13420;Liberals;V;40;1,635660859;1,635660859;10;135;26,739;47;175;226;1,77;0;0,442;0;0;0;5,31;5,31;6,637;0,442;0;0;6,637;0;0;0;0;4,425;20,796;2,655;9,735;2,212;-13,717;0,442;13,274;25,221;0;19,11009091
13;Denmark;18-06-2015;201506;13420;Liberals;V;40;1,635660859;1,635660859;10;135;19,471;34;175;101;1,98;0;0;0;0;0;0;0;12,871;0;0;0;0;0;0;0;0;0,99;19,802;7,921;0;0;17,822;0;4,95;20,792;0;19,11009091
13;Denmark;05-06-2019;201906;13420;Liberals;V;40;1,635660859;1,635660859;10;135;23,393;43;175;143;0;0;0;0;0;0,699;0;2,098;0;0;0;0;0;0;4,196;8,392;0;12,587;20,979;0;0,699;0;-17,483;0;0;33,566;0;19,11009091
13;Denmark;09-01-1975;197501;13620;Conservative People’s Party;KF;60;2,034427118;;17;135;5,515;10;175;72;0;12,5;0;1,4;0;0;1,4;0;4,2;0;4,2;0;12,5;0;0;0;1,4;0;0;2,8;1,4;2,8;8,4;16,7;16,7;0;0;13,26772727
13;Denmark;15-02-1977;197702;13620;Conservative People’s Party;KF;60;2,034427118;2,034427118;17;135;8,475;15;175;59;1,7;0;0;1,7;0;0;0;0;5,1;1,7;8,5;0;8,5;0;0;0;0;1,7;1,7;1,7;0;0;22,1;8,5;13,6;3,4;0;13,26772727
13;Denmark;23-10-1979;197910;13620;Conservative People’s Party;KF;60;2,034427118;2,034427118;17;135;12,477;22;175;75;1,3;0;0;5,3;0;0;6,7;1,3;2,7;2,7;6,7;0;13,3;0;0;0;0;0;0;4;0;0;35,9;6,7;21,3;0;0;13,26772727
13;Denmark;08-12-1981;198112;13620;Conservative People’s Party;KF;60;2,034427118;2,034427118;17;135;14,454;26;175;91;9,9;0;0;1,1;0;0;1,1;0;4,4;1,1;0;0;20,9;0;0;0;0;0;1,1;7,7;0;0;51,7;0;30,8;1,1;0;13,26772727
13;Denmark;10-01-1984;198401;13620;Conservative People’s Party;KF;60;2,034427118;2,034427118;17;135;23,445;42;175;49;6,122;2,041;0;0;0;0;10,204;0;4,082;2,041;0;0;4,082;0;0;2,041;0;4,082;0;0;2,041;0;34,694;2,041;8,163;4,082;0;13,26772727
13;Denmark;08-09-1987;198709;13620;Conservative People’s Party;KF;60;2,034427118;2,034427118;17;135;20,844;38;175;178;5,056;0;0,562;0;0;0;1,124;1,124;0;5,618;0,562;0;0,562;0;0;7,303;6,18;0;6,742;0;3,371;0;4,494;1,124;5,056;6,742;0;13,26772727
13;Denmark;10-05-1988;198805;13620;Conservative People’s Party;KF;60;2,034427118;2,034427118;17;135;19,286;35;175;25;12;0;0;0;0;0;4;0;4;4;0;0;0;0;0;0;0;0;0;0;0;0;36;0;0;0;4;13,26772727
13;Denmark;12-12-1990;199012;13620;Conservative People’s Party;KF;60;2,034427118;2,034427118;17;135;15,967;30;175;109;0,917;0;0;0;0;0;1,835;0;0;1,835;0;0;0,917;0;0;8,257;0;1,835;4,587;0;0;0;10,092;0;12,844;6,422;0,917;13,26772727
13;Denmark;21-09-1994;199409;13620;Conservative People’s Party;KF;60;2,034427118;2,034427118;17;135;15,021;27;175;113;1,77;2,655;0,885;0,885;0;0;6,195;0;0;3,54;0;0;0,885;0;0;1,77;0;0;4,425;0,885;9,735;0;15,929;3,54;6,195;4,425;0;13,26772727
13;Denmark;11-03-1998;199803;13620;Conservative People’s Party;KF;60;2,034427118;2,034427118;17;135;8,92;16;175;241;7,054;0,415;0;0;0;0;0,83;0;3,734;2,905;0;0;5,809;0;0;9,544;0;0;7,469;0;9,129;0;18,672;0,415;10,373;7,469;0,415;13,26772727
13;Denmark;20-11-2001;200111;13620;Conservative People’s Party;KF;60;2,034427118;2,034427118;17;135;9,07;16;175;108;0;0;0;0;0;0;3,704;0;2,778;1,852;0;0;9,259;0;0;0,926;0;0;5,556;0,926;6,481;0;20,37;0;16,667;5,556;0;13,26772727
13;Denmark;08-02-2005;200502;13620;Conservative People’s Party;KF;60;2,034427118;2,034427118;17;135;10,273;18;175;175;0;0;0;0;0;0;4,571;0;2,857;4;0,571;0;10,857;0;0;1,714;0;0,571;19,429;0;4;0;9,714;0,571;13,714;20;1,143;13,26772727
13;Denmark;13-11-2007;200711;13620;Conservative People’s Party;KF;60;1,635660859;2,034427118;10;135;10,39;18;175;121;4,959;0,826;0,826;0;0;1,653;4,132;0;0,826;7,438;0;0;0;0;0;8,264;0;0;23,967;0;7,438;0;-17,355;1,653;0;23,967;0;13,26772727
13;Denmark;15-09-2011;201109;13620;Conservative People’s Party;KF;60;1,635660859;1,635660859;10;135;4,922;8;175;142;1,408;0;0;0;0;0;6,338;0;0;0;0;0;4,225;0;0;0,704;0;12,676;0;4,93;9,859;0;47,887;0;14,789;12,676;0,704;13,26772727
13;Denmark;18-06-2015;201506;13620;Conservative People’s Party;KF;60;1,635660859;1,635660859;10;135;3,353;6;175;35;0;0;0;0;0;0;0;0;0;0;0;0;0;0;0;0;17,143;0;0;0;11,429;0;60;0;34,286;0;0;13,26772727
13;Denmark;05-06-2019;201906;13620;Conservative People’s Party;KF;60;1,635660859;1,635660859;10;135;6,622;12;175;972;2,058;3,395;0;0;0;0,103;0;0,617;0,72;3,704;0;0;0;0;1,749;9,774;0,514;4,835;21,399;0;3,909;0;-7,202;3,395;2,366;26,235;0;13,26772727
13;Denmark;11-03-1998;199803;13720;Danish People’s Party;DF;70;2,034427118;2,034427118;17;135;8,92;13;175;72;0;0;0;0;0;0;4,167;0;0;0;0;0;2,778;0;0;2,778;2,778;1,389;9,722;4,167;1,389;0;9,722;0;9,722;11,111;1,389;12,66271429
13;Denmark;20-11-2001;200111;13720;Danish People’s Party;DF;70;2,034427118;2,034427118;17;135;9,07;22;175;20;0;0;0;0;0;0;0;0;0;0;0;0;0;0;0;0;0;5;0;0;0;0;35;0;0;5;0;12,66271429
13;Denmark;08-02-2005;200502;13720;Danish People’s Party;DF;70;2,034427118;2,034427118;17;135;10,273;24;175;50;4;0;0;0;0;0;0;0;0;0;0;0;2;0;0;10;0;4;10;0;6;0;38;0;2;14;0;12,66271429
13;Denmark;13-11-2007;200711;13720;Danish People’s Party;DF;70;1,635660859;2,034427118;10;135;10,39;25;175;47;0;0;0;0;0;0;0;0;0;0;0;0;0;0;0;17,021;0;4,255;8,511;0;0;0;14,894;0;0;12,766;0;12,66271429
13;Denmark;15-09-2011;201109;13720;Danish People’s Party;DF;70;1,635660859;1,635660859;10;135;4,922;22;175;346;0;0;0;0;0;0;0;0;0;1,156;0;0;0;0;0;2,312;0;3,179;5,78;0;7,803;0;30,925;0;0,867;8,96;0;12,66271429
13;Denmark;18-06-2015;201506;13720;Danish People’s Party;DF;70;1,635660859;1,635660859;10;135;3,353;37;175;32;0;0;0;0;0;0;0;0;0;0;0;0;0;0;0;0;0;0;25;0;0;0;18,75;0;0;25;0;12,66271429
13;Denmark;05-06-2019;201906;13720;Danish People’s Party;DF;70;1,635660859;1,635660859;10;135;6,622;16;175;94;0;0;0;0;0;0;0;0;0;0;0;0;0;0;0;7,447;0;7,447;14,894;0;0;0;32,979;0;0;22,34;0;12,66271429
14;Finland;22-09-1975;197509;14221;Finnish People’s Democratic Union;SKDL;20;1,351040702;1,351040702;15;200;18,892;40;200;94;0;0;8,511;3,191;1,064;0;4,255;0;2,128;0;1,064;2,128;0;0;0;4,255;0;10,638;14,894;0;4,255;0;-42,553;9,574;0;25,532;1,064;17,124125
14;Finland;13-03-1979;197903;14221;Finnish People’s Democratic Union;SKDL;20;1,351040702;1,351040702;15;200;17,898;35;200;98;0;14,286;6,122;0;0;0;0;0;1,02;2,041;2,041;2,041;0;0;0;3,061;1,02;16,327;0;0;7,143;0;-13,265;22,449;0;16,327;1,02;17,124125
14;Finland;21-03-1983;198303;14221;Finnish People’s Democratic Union;SKDL;20;1,351040702;1,351040702;15;200;13,97;27;200;140;0;0,714;17,857;0;0;0;0;0;0;0;0;0;0;0,714;0;3,571;2,143;7,143;4,286;0,714;0,714;0;-64,286;18,571;0;11,429;7,143;17,124125
14;Finland;16-03-1987;198703;14221;Finnish People’s Democratic Union;SKDL;20;1,351040702;1,351040702;15;200;9,39;16;200;660;0;0,455;0;0;0,303;0;0;0;0;0,455;6,061;0;0;1,364;0;4,545;15,606;8,182;3,333;0;5,152;0;-46,515;6,515;0;11,515;3,485;17,124125
14;Finland;22-09-1975;197509;14320;Finnish Social Democrats;SSDP;30;1,351040702;1,351040702;15;200;24,859;54;200;36;0;2,778;11,111;0;0;0;0;0;0;0;22,222;0;0;0;0;2,778;2,778;25;0;0;8,333;0;-33,333;36,111;0;25;0;23,0029375
14;Finland;13-03-1979;197903;14320;Finnish Social Democrats;SSDP;30;1,351040702;1,351040702;15;200;23,891;52;200;162;0;0,617;21,605;0;0;0;6,79;0;0,617;2,469;0;0;0;0;0;4,938;2,469;13,58;0;0;8,642;0;-40,123;22,222;0;13,58;1,852;23,0029375
14;Finland;21-03-1983;198303;14320;Finnish Social Democrats;SSDP;30;1,351040702;1,351040702;15;200;26,713;57;200;37;0;0;2,703;0;0;0;0;0;0;0;0;0;0;0;0;16,216;0;8,108;0;0;0;0;43,243;2,703;0;8,108;5,405;23,0029375
14;Finland;16-03-1987;198703;14320;Finnish Social Democrats;SSDP;30;1,351040702;1,351040702;15;200;24,143;56;200;77;0;0;0;0;0;0;0;0;0;11,688;6,494;0;0;0;0;7,792;0;0;38,961;0;0;0;-45,455;6,494;0;38,961;0;23,0029375
14;Finland;17-03-1991;199103;14320;Finnish Social Democrats;SSDP;30;1,351040702;1,351040702;15;200;22,124;48;200;85;0;0;0;0;0;0;0;0;0;1,176;8,235;0;0;0;0;12,941;2,353;0;10,588;0;7,059;0;1,176;8,235;7,059;10,588;0;23,0029375
14;Finland;19-03-1995;199503;14320;Finnish Social Democrats;SSDP;30;1,351040702;1,351040702;15;200;28,251;63;200;51;0;0;0;0;0;0;7,843;0;5,882;0;0;0;5,882;0;1,961;5,882;1,961;31,373;7,843;0;9,804;0;-13,725;0;7,843;39,216;0;23,0029375
14;Finland;21-03-1999;199903;14320;Finnish Social Democrats;SSDP;30;1,351040702;1,351040702;15;200;22,86;51;200;73;1,37;0;0;0;0;0;13,699;0;2,74;2,74;0;0;6,849;0;0;2,74;0;8,219;13,699;0;5,479;0;-1,37;0;6,849;21,918;1,37;23,0029375
14;Finland;16-03-2003;200303;14320;Finnish Social Democrats;SSDP;30;1,351040702;1,351040702;15;200;24,473;53;200;194;2,577;0,515;6,701;1,031;0;0;4,639;0;1,031;2,577;0;0;2,062;0;0;4,639;6,186;6,701;15,464;0;5,67;0;-24,742;7,216;2,577;22,165;0,515;23,0029375
14;Finland;18-03-2007;200703;14320;Finnish Social Democrats;SSDP;30;1,351040702;1,351040702;15;200;21,44;45;200;398;1,005;1,508;0,251;0,251;0;0,251;2,261;0,251;3,015;11,307;0;0;0,754;0;1,005;4,523;2,261;5,025;18,342;0,251;6,03;0;-36,432;1,759;0,754;23,367;0;23,0029375
14;Finland;17-04-2011;201104;14320;Finnish Social Democrats;SSDP;30;1,351040702;1,351040702;15;200;19,103;42;200;571;3,678;1,751;3,327;2,627;0,701;0,35;8,932;0,175;8,757;10,508;0;0,701;11,033;0;2,802;0,701;0,35;3,853;3,152;0,35;2,277;0;-11,384;5,079;11,033;7,005;0;23,0029375
14;Finland;19-04-2015;201504;14320;Finnish Social Democrats;SSDP;30;1,351040702;1,351040702;15;200;16,51;34;200;248;4,032;1,21;0,806;0;0,403;0;0;2,823;5,242;7,661;0;0;1,21;0;1,21;3,226;2,016;10,484;17,742;0,806;6,048;0;-27,016;2,016;1,21;28,226;0,806;23,0029375
14;Finland;14-04-2019;201904;14320;Finnish Social Democrats;SSDP;30;1,351040702;1,351040702;15;200;17,732;40;200;3024;2,348;3,604;0,893;0,397;0,595;0,132;0;0,198;1,753;9,358;0;0,265;0,794;0;3,472;12,136;2,05;8,366;9,722;0,86;8,929;0;-23,413;4,497;0,926;18,089;0,562;23,0029375
14;Finland;22-09-1975;197509;14620;National Coalition;KK;60;1,351040702;1,351040702;15;200;18,37;35;200;29,5;12,5;0;0;0;0;0;10,55;0;0;0;0;0;1,064;0;0;0;0;12,766;29,167;0;0;0;2,482;0;1,064;41,933;0;18,9986875
14;Finland;13-03-1979;197903;14620;National Coalition;KK;60;1,351040702;1,351040702;15;200;21,654;47;200;12;25;0;0;0;0;0;8,333;0;0;0;0;0;0;0;0;0;0;0;58,333;0;0;0;-33,333;0;0;58,333;0;18,9986875
14;Finland;21-03-1983;198303;14620;National Coalition;KK;60;1,351040702;1,351040702;15;200;22,119;44;200;24;0;0;0;0;0;0;0;0;0;0;0;0;0;0;0;16,667;0;0;12,5;0;0;0;-16,667;0;0;12,5;0;18,9986875
14;Finland;16-03-1987;198703;14620;National Coalition;KK;60;1,351040702;1,351040702;15;200;23,132;53;200;141;0;4,965;0;0;0;0;0;0;6,383;0;0;0;0;0;0;10,638;0;0;36,17;0;0;0;-30,496;4,965;10,638;36,17;0;18,9986875
14;Finland;17-03-1991;199103;14620;National Coalition;KK;60;1,351040702;1,351040702;15;200;19,314;40;200;67;8,955;0;0;0;0;0;0;0;0;14,925;13,433;0;0;0;0;10,448;0;1,493;7,463;0;0;0;-4,478;13,433;7,463;8,955;1,493;18,9986875
14;Finland;19-03-1995;199503;14620;National Coalition;KK;60;1,351040702;1,351040702;15;200;17,894;39;200;171;4,678;1,17;0;0,585;0;1,17;14,62;0;3,509;4,094;0;0;1,754;0;0,585;3,509;3,509;12,865;4,678;5,263;6,433;1,17;14,62;1,17;5,263;17,544;0,585;18,9986875
14;Finland;21-03-1999;199903;14620;National Coalition;KK;60;1,351040702;1,351040702;15;200;21,03;46;200;112;3,571;0;0;0;0;0;8,036;0;0;0;0;0;2,679;0;0;1,786;0;5,357;2,679;0;8,929;0;29,464;0;14,286;8,036;0;18,9986875
14;Finland;16-03-2003;200303;14620;National Coalition;KK;60;1,351040702;1,351040702;15;200;18,551;40;200;205;27,317;0;0;0;0;0;3,415;0;2,439;1,463;0,976;0;11,707;0;0;5,366;0;0;22,927;0;13,659;0;9,756;0,976;12,195;22,927;0;18,9986875
14;Finland;18-03-2007;200703;14620;National Coalition;KK;60;1,351040702;1,351040702;15;200;22,26;50;200;180;5;0,556;0;0,556;0;0;3,333;0;0;2,222;0;0;0;0;1,111;6,667;0;6,667;22,222;5,556;5,556;2,222;-20,556;0,556;1,111;28,889;0,556;18,9986875
14;Finland;17-04-2011;201104;14620;National Coalition;KK;60;1,351040702;1,351040702;15;200;20,382;44;200;400;0,75;1,5;0,25;0;0;0;1;0,5;2;1,5;0;0;10,5;0;1;5,25;0;2;10;0;2,25;0;13,75;1,75;12;12;0,25;18,9986875
14;Finland;19-04-2015;201504;14620;National Coalition;KK;60;1,351040702;1,351040702;15;200;18,198;37;200;359;5,571;1,671;0;0;0,836;0,557;0;0;2,507;11,421;0;0;6,128;0;1,114;8,078;0;1,114;8,914;0,836;13,37;0,557;-12,535;1,671;6,128;10,028;0,557;18,9986875
14;Finland;14-04-2019;201904;14620;National Coalition;KK;60;1,351040702;1,351040702;15;200;17,001;38;200;250;4;2,4;0,8;0;0,4;0,8;0;0;0,8;6;0;0;3,2;0;1,6;10,8;2;6,8;5,6;1,6;12,8;0,8;1,2;3,2;5,2;12,4;0;18,9986875
14;Finland;22-09-1975;197509;14810;Centre Party;KESK;80;1,351040702;1,351040702;15;200;17,629;39;200;82;0;2,439;12,195;0;1,22;0;18,293;0;2,439;1,22;3,659;0;0;0;0;4,878;0;9,756;15,854;0;0;0;-40,244;18,293;0;25,61;4,878;19,5853125
14;Finland;13-03-1979;197903;14810;Centre Party;KESK;80;1,351040702;1,351040702;15;200;17,291;36;200;120;0;6,667;13,333;0;0,833;0;1,667;0;0,833;0;0;0;0;0;0;8,333;2,5;18,333;0;0;1,667;0;-24,167;20;0;18,333;0,833;19,5853125
14;Finland;21-03-1983;198303;14810;Centre Party;KESK;80;1,351040702;1,351040702;15;200;17,626;38;200;49;0;8,163;10,204;0;0;0;2,041;0;2,041;0;0;0;0;0;0;10,204;0;20,408;0;0;6,122;0;-36,735;18,367;0;20,408;0;19,5853125
14;Finland;16-03-1987;198703;14810;Centre Party;KESK;80;1,351040702;1,351040702;15;200;17,62;40;200;237;0;9,705;0;0;0;0;0;0;0;1,688;6,329;0;0;0;0;8,017;8,439;0;7,595;0;0;0;-10,549;16,034;0;7,595;5,485;19,5853125
14;Finland;17-03-1991;199103;14810;Finnish Centre;SK;80;1,351040702;1,351040702;15;200;24,825;55;200;79;0;0;0;0;0;0;0;0;0;0;18,987;0;0;0;0;11,392;0;0;1,266;0;2,532;0;1,266;18,987;0;1,266;0;19,5853125
14;Finland;19-03-1995;199503;14810;Finnish Centre;SK;80;1,351040702;1,351040702;15;200;19,85;44;200;41;4,878;0;0;0;0;0;9,756;0;4,878;0;0;0;0;0;0;21,951;0;4,878;4,878;9,756;0;0;26,829;0;12,195;9,756;0;19,5853125
14;Finland;21-03-1999;199903;14810;Finnish Centre;SK;80;1,351040702;1,351040702;15;200;22,399;48;200;286;7,343;0,35;0,35;2,098;1,399;0;3,147;0;1,049;3,147;0;0;0;0;6,643;4,196;0;5,594;9,441;0;0,699;0;-1,049;0,699;2,098;15,035;2,448;19,5853125
14;Finland;16-03-2003;200303;14810;Finnish Centre;SK;80;1,351040702;1,351040702;15;200;24,694;55;200;550;3,455;7,455;0;0;0;0;5,273;0;0,182;0,909;0;0,909;0;0;0;7,455;0;6;19,818;0;1,636;0;-7,636;7,455;4,364;25,818;0;19,5853125
14;Finland;18-03-2007;200703;14810;Finnish Centre;SK;80;1,351040702;1,351040702;15;200;23,11;51;200;782;4,731;2,174;0,384;0,767;0,384;1,151;2,046;0,128;4,987;12,788;0;0;0,128;0;1,151;4,476;1,407;5,882;13,939;1,535;4,859;0,512;-15,09;2,558;0,128;19,821;0,767;19,5853125
14;Finland;17-04-2011;201104;14810;Finnish Centre;SK;80;1,351040702;1,351040702;15;200;15,76;35;200;1056;2,462;2,083;0,284;0;0,095;0,095;1,326;0,758;2,462;4,735;0;0,663;1,705;0;2,557;2,936;4,64;3,788;10,985;2,652;10,417;0,095;-16,383;2,367;3,03;14,773;0,189;19,5853125
14;Finland;19-04-2015;201504;14810;Finnish Centre;SK;80;1,351040702;1,351040702;15;200;21,096;49;200;230;7,391;0,87;0,435;0;0,87;0;0;0;2,174;7,826;0;0,435;2,609;0;0;5,217;1,304;2,609;12,609;2,174;6,522;0,87;-4,348;1,304;3,478;15,217;1,304;19,5853125
14;Finland;14-04-2019;201904;14810;Finnish Centre;SK;80;1,351040702;1,351040702;15;200;13,755;31;200;498;1,205;2,209;0,201;0;2,008;0;0,201;0,402;0,602;6,426;0;0;0,803;0;1,205;9,639;2,008;6,225;13,253;0,803;9,036;0;-21,687;2,41;1,205;19,478;0,803;19,5853125
22;Netherlands;25-05-1977;197705;22320;Labour Party;PvdA;30;0,67;0,67;;;33,829;53;150;963;1,6;3,3;0,1;0;0;0;2,4;0;0;3,1;5,1;1,7;0,3;0;0;6,1;2,2;11,5;13,2;0;4,9;0;-45,6;8,5;0,3;24,7;5,6;24,08920228
22;Netherlands;26-05-1981;198105;22320;Labour Party;PvdA;30;0,67;0,67;;;28,288;44;150;1493;1;2,6;3,2;0,1;0;0;8,3;0,7;2;1;4;1,4;4;0;0;5,1;3,4;7,1;10,4;0;3;0;-28,6;9,8;4;17,5;4,6;24,08920228
22;Netherlands;08-09-1982;198209;22320;Labour Party;PvdA;30;0,67;0,67;;;30,395;47;150;767;4,8;1,7;1;0,4;0;0,1;2,9;0,3;0,1;2,5;2,9;0,8;7,6;0;0;2,4;2,6;13,2;4,7;0,1;1,3;0;-20,7;5,6;8;17,9;7,5;24,08920228
22;Netherlands;21-05-1986;198605;22320;Labour Party;PvdA;30;0,67;0,67;;;33,271;52;150;1718;3,4;1,1;0,6;0,4;0;0,4;2,7;0,1;1;7,7;3,3;0,2;0,7;0;0;7,5;3,7;6,9;6,1;0,5;1,8;0,1;-20,2;5;0,9;13;6,1;24,08920228
22;Netherlands;06-09-1989;198909;22320;Labour Party;PvdA;30;0,67;0,67;;;31,881;49;150;1130;1,1;0,5;0;0,6;0;0,5;1,8;0;1;5,8;1,6;0;0,4;0;2;10;3,4;5,7;5;0;3,3;0;-20,6;2,1;0,4;10,7;6,4;24,08920228
22;Netherlands;03-05-1994;199405;22320;Labour Party;PvdA;30;0,67;0,67;;;23,973;37;150;2278;1,273;0,176;0;0,878;0;0,483;7,858;0,395;1,01;3,687;0;0;0,79;0;1,097;7,287;1,668;3,117;2,063;1,229;2,546;0;4,258;0,176;1,493;5,18;1,141;24,08920228
22;Netherlands;06-05-1998;199805;22320;Labour Party;PvdA;30;0,67;0,67;;;28,98;45;150;2030;0,985;4,039;0;0,197;0;0,099;2,463;0;1,379;10,049;0;0;0,345;0;0,887;9,36;3,941;6,847;10,148;1,527;6,158;0,246;-22,069;4,039;0,493;16,995;0,739;24,08920228
22;Netherlands;15-05-2002;200205;22320;Labour Party;PvdA;30;0,67;0,67;;;15,11;23;150;2559;1,758;3,517;0;0,117;0,039;0,391;1,133;0;0,742;8,128;0;0;0,977;0;0,234;5,08;3,439;2,735;6,956;0,625;5,784;0;-7,581;3,517;2,11;9,691;0,391;24,08920228
22;Netherlands;22-01-2003;200301;22320;Labour Party;PvdA;30;0,67;0,67;;;27,28;42;150;399;3,509;0,501;0;0;0;0,752;4,01;0;0;5,514;0;0;1,504;0;1,003;5,514;2,256;4,261;6,767;0;9,524;0;-2,757;0,501;1,504;11,028;0,251;24,08920228
22;Netherlands;22-11-2006;200611;22320;Labour Party;PvdA;30;0,67;0,67;;;21,193;33;150;2268;0,573;1,631;0,309;0,176;0,044;0,132;0,088;0,088;1,367;3,792;0;0,176;0,397;0;2,205;2,734;5,732;7,055;8,069;0,265;4,541;0;0,838;1,94;2,778;15,123;0,265;24,08920228
22;Netherlands;09-06-2010;201006;22320;Labour Party;PvdA;30;0,67;0,67;;;19,63;30;150;1682;1,13;3,746;0,357;1,011;0;0,416;1,843;0,416;1,724;4,102;0;0,773;1,367;0;4,816;1,962;1,427;11,653;4,637;1,902;6,421;0;0,654;4,102;2,497;16,29;0,892;24,08920228
22;Netherlands;12-09-2012;201209;22320;Labour Party;PvdA;30;0,67;0,67;;;24,838;38;150;2760;1,087;3,804;0,072;0;0,109;0,072;2,174;1,014;1,268;3,043;0,725;1,196;1,159;0;4,964;2,935;2,029;8,188;5,145;0,652;6,848;0;-6,558;4,601;3,116;13,333;0,435;24,08920228
22;Netherlands;15-03-2017;201703;22320;Labour Party;PvdA;30;0,67;0,67;;;5,703;9;150;2190;0,502;2,74;0,594;1,142;0,685;0;0,091;0,091;0,046;2,237;6,256;1,644;0,32;0,639;4,429;7,808;4,292;7,945;8,676;0,046;5,936;0;-13,836;9,589;0,639;16,621;0,137;24,08920228
22;Netherlands;17-03-2021;202103;22320;Labour Party;PvdA;30;0,67;0,67;;;5,729640985;9;150;3390;0,118;8,997;0,472;0,059;0,059;0;0,059;0,885;0,088;5,044;0,501;0,029;0,059;0,383;4,484;3,864;2,773;19,469;12,891;0,324;5,487;0;-27,906;9,971;0,059;32,36;0,531;24,08920228
22;Netherlands;25-05-1977;197705;22420;People’s Party for Freedom and Democracy;VVD;40;0,67;0,67;;;17,946;28;150;961;3,4;0,9;0,1;0,2;0;0;4,6;1;0,4;3,2;0;0;5,6;0;0;3,1;3,1;2,7;5;1,1;9,2;0,2;13,4;1;15;7,7;0,5;17,72437021
22;Netherlands;26-05-1981;198105;22420;People’s Party for Freedom and Democracy;VVD;40;0,67;0,67;;;17,321;26;150;1308;2,9;1,1;0,2;0;0;0;2,8;0,2;2,2;5,1;0,3;0;5,7;0;0;4;2,9;3,4;5,1;0,7;4,7;0,2;7,6;1,6;12,2;8,5;1;17,72437021
22;Netherlands;08-09-1982;198209;22420;People’s Party for Freedom and Democracy;VVD;40;0,67;0,67;;;23,077;36;150;317;6,6;0,3;0;0;0;0;3,2;0;0,3;6,9;1,6;0;12,6;0;0;2,5;1,3;5,1;1,6;6,3;4,1;0,3;21;1,9;17,3;6,7;1,3;17,72437021
22;Netherlands;21-05-1986;198605;22420;People’s Party for Freedom and Democracy;VVD;40;0,67;0,67;;;17,411;27;150;1587;2,5;2,1;0,1;0,3;0;0,2;1,3;0;2;6,9;1,9;0,1;5,8;0;0;7,9;3,2;3,4;2,7;1,6;3,5;0,1;6,6;4,1;7,8;6,1;1,6;17,72437021
22;Netherlands;06-09-1989;198909;22420;People’s Party for Freedom and Democracy;VVD;40;0,67;0,67;;;14,566;22;150;1338;2,2;0,8;0;0;0;0,2;0,8;0;2;6,1;1,8;0,1;6;0;0,7;9,6;3,8;3,1;6,3;0,2;4,2;0,1;4,5;2,6;7,9;9,4;1,2;17,72437021
22;Netherlands;03-05-1994;199405;22420;People’s Party for Freedom and Democracy;VVD;40;0,67;0,67;;;19,956;31;150;549;2,914;0,364;0;0,182;0;0,911;4,918;0;0,546;5,464;0;0;1,821;0;0,546;3,279;0,546;0,911;2,186;3,279;4,554;1,639;15,118;0,364;5,829;3,097;0,911;17,72437021
22;Netherlands;06-05-1998;199805;22420;People’s Party for Freedom and Democracy;VVD;40;0,67;0,67;;;24,69;38;150;939;5,005;3,621;0;0;0,106;0,426;2,875;0;2,343;11,928;0;0;1,81;0;0;4,792;3,301;1,491;3,301;2,556;6,39;0;7,242;3,621;2,769;4,792;0;17,72437021
22;Netherlands;15-05-2002;200205;22420;People’s Party for Freedom and Democracy;VVD;40;0,67;0,67;;;15,44;24;150;1337;4,488;3,067;0,075;0;0;1,122;1,795;0;0,823;8,153;0;0;2,019;0;0,15;2,019;2,319;1,346;4,039;1,197;5,46;0;18,923;3,141;8,302;5,385;0,598;17,72437021
22;Netherlands;22-01-2003;200301;22420;People’s Party for Freedom and Democracy;VVD;40;0,67;0,67;;;17,95;28;150;203;4,433;1,478;0;0;0;0,985;7,389;0;0;8,374;0;0;3,448;0;0;1,97;0,493;0,985;6,897;1,478;3,448;0;28,079;1,478;7,389;7,882;0,493;17,72437021
22;Netherlands;22-11-2006;200611;22420;People’s Party for Freedom and Democracy;VVD;40;0,67;0,67;;;14,67;22;150;543;2,762;0;0;0;0;0,184;1,657;0;2,578;6,814;0;0;0,921;0;1,657;2,762;2,947;2,394;4,972;0,921;5,341;0;20,81;0;5,525;7,366;0;17,72437021
22;Netherlands;09-06-2010;201006;22420;People’s Party for Freedom and Democracy;VVD;40;0,67;0,67;;;20,47;31;150;1522;1,511;1,248;2,3;0,131;0;0,131;0,92;0;1,643;3,942;0;0;2,628;0;2,365;1,971;2,037;3,614;3,022;4,928;8,607;0;19,382;3,548;8,87;6,636;0;17,72437021
22;Netherlands;12-09-2012;201209;22420;People’s Party for Freedom and Democracy;VVD;40;0,67;0,67;;;26,58;41;150;1719;1,396;2,269;0;0,058;0;0,175;4,421;0;0,814;5,294;0;0;2,152;0;0,989;0,931;1,163;2,443;2,734;4,247;5,41;0;22,629;2,269;9,889;5,177;0;17,72437021
22;Netherlands;15-03-2017;201703;22420;People’s Party for Freedom and Democracy;VVD;40;0,67;0,67;;;21,285;33;150;2812;2,809;2,347;0,391;1,245;1,174;0,071;0,32;0;0,818;8,642;1,316;0;1,849;0;3,627;4,516;2,952;2,169;6,223;1,138;6,863;0;10,953;4,054;5,405;8,393;0;17,72437021
22;Netherlands;17-03-2021;202103;22420;People’s Party for Freedom and Democracy;VVD;40;0,67;0,67;;;21,86666375;34;150;2838;3,77;6,272;0,176;0,035;0,141;0,634;0,529;0,564;2,678;8,069;1,057;0,211;0,282;0;4,299;3,77;1,797;7,611;6,977;2,431;3,805;0;3,594;7,505;1,903;14,588;0,106;17,72437021
22;Netherlands;25-05-1977;197705;22521;Christian Democratic Appeal;CDA;50;0,67;0,67;;;31,887;49;150;746;3,2;3,8;1,1;1,2;0;0,1;3,6;1,7;0,1;4,2;0,9;0;1,6;0;0;5,8;2,6;3,3;6,2;1,1;6,4;0;-11,6;5,8;2,9;9,5;2,6;23,54822329
22;Netherlands;26-05-1981;198105;22521;Christian Democratic Appeal;CDA;50;0,67;0,67;;;30,806;48;150;2167;1,4;0,7;2,1;1,1;0;0,3;5,4;0,4;0,6;3,1;1,2;0;2;0;0;5,1;3,1;4;10;1,4;4,3;0,1;-19,3;4;3,5;14;2,6;23,54822329
22;Netherlands;08-09-1982;198209;22521;Christian Democratic Appeal;CDA;50;0,67;0,67;;;29,387;45;150;2055;1,9;1,7;0,3;0,5;0;0,1;1,7;0;0,7;7,1;1,9;0;4,7;0;0;7,1;2,2;5,4;7,3;1,4;3;0;-11,7;3,9;5,3;12,7;3,6;23,54822329
22;Netherlands;21-05-1986;198605;22521;Christian Democratic Appeal;CDA;50;0,67;0,67;;;34,593;54;150;2063;1,6;0,8;0,1;0,5;0;0,2;1,8;0,1;1,1;8,9;1,7;0;4,9;0;0;6,9;5,6;3,3;4,3;1,4;4,4;0;-4;2,6;5,7;7,6;2,2;23,54822329
22;Netherlands;06-09-1989;198909;22521;Christian Democratic Appeal;CDA;50;0,67;0,67;;;35,313;54;150;2096;1,3;0,5;0;1;0;0,1;0,8;0;1,5;5,5;1,5;0;2,1;0;0,9;12,2;3;3;4,9;0,2;5,1;0,1;-8,8;2;2,4;7,9;2;23,54822329
22;Netherlands;03-05-1994;199405;22521;Christian Democratic Appeal;CDA;50;0,67;0,67;;;22,217;34;150;2005;1,696;4,688;0;1,097;0;0,1;1,646;0;0,2;4,14;0;0;0,748;0;2,095;8,728;0,798;2,544;0,249;1,047;4,09;0,399;-2,594;4,688;3,192;2,793;1,746;23,54822329
22;Netherlands;06-05-1998;199805;22521;Christian Democratic Appeal;CDA;50;0,67;0,67;;;18,37;29;150;2028;1,036;3,205;0;0,838;0;0,099;0,641;0;0,197;4,98;0;0;0,542;0;2,071;6,854;2,761;3,797;9,32;0,69;4,29;0,296;-1,627;3,205;0,838;13,116;0,592;23,54822329
22;Netherlands;15-05-2002;200205;22521;Christian Democratic Appeal;CDA;50;0,67;0,67;;;27,93;43;150;1378;2,322;2,25;0;0;0;0,508;1,306;0;0,435;6,749;0;0;1,451;0;0,29;3,628;1,887;1,742;9,289;1,234;8,273;0;2,467;2,25;3,266;11,03;0,363;23,54822329
22;Netherlands;22-01-2003;200301;22521;Christian Democratic Appeal;CDA;50;0,67;0,67;;;28,65;44;150;1378;2,322;2,25;0;0;0;0,508;1,306;0;0,435;6,749;0;0;1,451;0;0,29;3,628;1,887;1,742;9,289;1,234;8,273;0;2,467;2,25;3,266;11,03;0,363;23,54822329
22;Netherlands;22-11-2006;200611;22521;Christian Democratic Appeal;CDA;50;0,67;0,67;;;26,513;41;150;2225;0,629;1,213;0;0,135;0;0,27;1,393;0;1,663;6,157;0;0,045;1,573;0;4,404;2,247;2,876;1,843;9,124;1,303;4,854;0;4;1,213;3,91;10,966;0;23,54822329
22;Netherlands;09-06-2010;201006;22521;Christian Democratic Appeal;CDA;50;0,67;0,67;;;13,62;21;150;1931;1,088;3,263;0;0,207;0;0,311;5,748;0;0,725;6,473;0;0,052;2,693;0;5,748;3,729;2,745;6,007;3,366;1,45;5,541;0;9,581;3,263;5,127;9,373;0,207;23,54822329
22;Netherlands;12-09-2012;201209;22521;Christian Democratic Appeal;CDA;50;0,67;0,67;;;8,506;13;150;1192;1,342;1,594;0;0,839;0;0,168;3,272;0;0,755;3,691;0;0,168;2,181;0;5,034;1,594;0,923;3,356;6,628;2,517;5,956;0;17,701;1,594;5,117;9,983;0;23,54822329
22;Netherlands;15-03-2017;201703;22521;Christian Democratic Appeal;CDA;50;0,67;0,67;;;12,379;19;150;1415;0,636;6,502;0;1,201;0,212;0;0,707;0,565;0;5,3;4,24;0,424;1,343;0;4,099;0,707;2,473;2,191;10,177;0;5,371;0;3,604;10,742;2,615;12,367;0,353;23,54822329
22;Netherlands;17-03-2021;202103;22521;Christian Democratic Appeal;CDA;50;0,67;0,67;;;9,504126126;15;150;1633;1,837;5,45;0,061;0,245;0,306;0,122;0;0,919;0,674;7,471;0,429;0;1,408;0;3,735;2,511;1,408;9,614;7,41;0,367;4,103;0,061;-0,367;5,94;1,837;17,024;0;23,54822329
22;Netherlands;15-05-2002;200205;22720;List Pim Fortuyn;LPF;70;0,67;0,67;;;17;26;150;127;4,724;1,575;0;0;0;0;3,937;0,787;2,362;8,661;0;0;2,362;0;0;0,787;2,362;5,512;7,087;3,15;4,724;0;14,961;1,575;3,15;12,598;0,787;11,355
22;Netherlands;22-01-2003;200301;22720;List Pim Fortuyn;LPF;70;0,67;0,67;;;5,71;8;150;1020;3,431;0,588;0;0;0;0,294;1,373;0;0;11,275;0;0;0,98;0;0;2,353;3,235;1,373;7,059;1,176;8,824;0;3,235;0,588;2,451;8,431;0;11,355
22;Netherlands;22-11-2006;200611;22722;Party of Freedom;PVV;70;0,67;0,67;;;5,89;9;150;137;0;0;0;0;0;0;0;0;1,46;2,19;0;0;0;0;0;2,92;0;0;2,92;0,73;2,92;0;38,686;0;4,38;2,92;0,73;11,0535242
22;Netherlands;09-06-2010;201006;22722;Party of Freedom;PVV;70;0,67;0,67;;;15,45;24;150;678;0,442;1,77;0;0;0;0,442;6,49;0;0;1,622;0;0,59;3,54;0;0;4,13;1,18;3,392;4,277;1,18;5,457;0,295;13,274;1,77;7,67;7,67;1,917;11,0535242
22;Netherlands;12-09-2012;201209;22722;Party of Freedom;PVV;70;0,67;0,67;;;10,083;15;150;927;0,216;1,618;0;0;0;0,324;3,56;1,51;0,216;1,079;0,108;0,324;0,755;0;0;2,05;0,108;0,863;3,991;0,216;1,942;0;15,642;1,726;2,913;4,854;0,647;11,0535242
22;Netherlands;15-03-2017;201703;22722;Party of Freedom;PVV;70;0,67;0,67;;;13,056;20;150;25;0;4;0;0;0;0;0;0;0;0;4;0;4;0;0;0;0;0;12;0;0;0;20;8;8;12;0;11,0535242
22;Netherlands;17-03-2021;202103;22722;Party of Freedom;PVV;70;0,67;0,67;;;10,788621;17;150;671;1,639;1,788;0;0;0;0;0,596;1,043;1,192;6,11;1,937;0;0;0;0;2,981;0;4,024;11,028;0;3,279;0,149;9,091;3,726;1,043;15,052;0,149;11,0535242
23;Luxembourg;10-06-1979;197906;23320;Socialist Workers’ Party of Luxembourg;LSAP/POSL;30;2,95;2,95;;;22,5;14;59;986;0,609;2,231;2,738;0;0;0;3,854;0;0,913;11,156;2,13;0;0;0;0;6,998;5,781;4,361;5,477;0;10,345;0;-27,586;7,099;1,014;9,838;1,217;26,10936364
23;Luxembourg;17-06-1984;198406;23320;Socialist Workers’ Party of Luxembourg;LSAP/POSL;30;2,95;2,95;;;31,8;21;64;734;3,27;0,409;0,817;0;0;0,136;3,951;0;0;10,082;0,409;0;0,409;0,136;0,136;6,403;10,627;2,18;12,943;0;9,673;0;-29,428;1,635;1,771;15,123;1,09;26,10936364
23;Luxembourg;18-06-1989;198906;23320;Socialist Workers’ Party of Luxembourg;LSAP/POSL;30;2,95;2,95;;;26,2;18;60;954;1,5;0,7;0,2;0,7;0,3;0;1,8;0,1;0,1;12,6;0;0;1,1;0;0;9,9;6,3;4,4;9,9;0;7,7;0;-16,2;0,9;1,4;14,3;2,4;26,10936364
23;Luxembourg;12-06-1994;199406;23320;Socialist Workers’ Party of Luxembourg;LSAP/POSL;30;2,95;2,95;;;25,4;17;60;1020;4,118;2,843;0;0,49;0,098;0,098;2,745;0;0;13,725;0;0,294;2,157;0;2,647;6,863;9,02;1,471;13,824;0;7,059;0,294;-20,294;2,843;2,157;15,294;0,196;26,10936364
23;Luxembourg;13-06-1999;199906;23320;Socialist Workers’ Party of Luxembourg;LSAP/POSL;30;2,95;2,95;;;22,2;13;60;1235;1,619;6,397;0;0,729;0;0;1,296;0;0,648;11,336;0;0;0,648;0;0;5,749;5,506;6,883;6,316;0;13,117;0;-20,891;6,397;0,648;13,198;0;26,10936364
23;Luxembourg;13-06-2004;200406;23320;Socialist Workers’ Party of Luxembourg;LSAP/POSL;30;2,95;2,95;;;23,373;14;60;1364;2,126;2,126;0;0;0;0,147;0,733;0,587;0,513;13,196;0,22;2,419;0,806;0,073;2,933;3,299;4,106;2,346;15,029;0;8,431;0;-25,147;2,346;0,88;17,375;0,44;26,10936364
23;Luxembourg;07-06-2009;200906;23320;Socialist Workers’ Party of Luxembourg;LSAP/POSL;30;2,95;2,95;;;21,548;13;60;2372;1,349;6,324;0,253;0,084;0,042;0,253;0,211;0,548;1,686;9,696;0,379;0;2,234;0;2,782;11,046;0,169;3,288;12,226;0,042;9,781;0;-29,132;6,956;2,234;15,514;0,885;26,10936364
23;Luxembourg;20-10-2013;201310;23320;Socialist Workers’ Party of Luxembourg;LSAP/POSL;30;2,95;2,95;;;20,282;13;60;1155;2,165;6,32;0,779;0,346;0;0,173;0,173;0,346;1,818;10,043;1,039;0,519;0,693;0;0,433;3,81;5,281;5,887;13,42;0,693;5,281;0;-24,589;8,139;0,952;19,307;0,433;26,10936364
23;Luxembourg;10-06-1979;197906;23420;Democratic Party;DP/PD;40;2,95;2,95;;;21,9;15;59;937;2,455;1,174;0,534;0;0;0,213;9,498;0;0;12,487;4,269;0;0,427;0;0;9,285;4,696;2,561;5,763;1,814;7,471;0;-15,048;5,977;1,281;8,324;0;18,54245455
23;Luxembourg;17-06-1984;198406;23420;Democratic Party;DP/PD;40;2,95;2,95;;;20,4;14;64;775;1,032;1,806;0;0,516;0;0;9,935;0;0,516;6,194;0;0;11,484;0;0;2,839;8,516;0,387;6,194;1,806;5,935;0;13,677;1,806;16,903;6,581;1,29;18,54245455
23;Luxembourg;18-06-1989;198906;23420;Democratic Party;DP/PD;40;2,95;2,95;;;17,2;11;60;574;6,6;0,5;0;0;0,2;0;2,3;0;0,3;10,6;0;0;0,3;0;0;6,3;3,3;2,6;4,5;0;4,7;0;1,7;0,5;3,8;7,1;0,5;18,54245455
23;Luxembourg;12-06-1994;199406;23420;Democratic Party;DP/PD;40;2,95;2,95;;;19,3;12;60;521;7,294;0,192;0;0;0,576;0,384;6,334;0;0;10,173;0;0;0,96;0;0;7,294;3,455;0,576;3,647;7,869;6,334;0;15,163;0,192;3,455;4,223;0,384;18,54245455
23;Luxembourg;13-06-1999;199906;23420;Democratic Party;DP/PD;40;2,95;2,95;;;22,4;15;60;889;2,812;4,612;0;0;0;0;3,6;0;1,35;9,561;0;0;2,025;0;0;5,962;3,487;2,587;2,362;1,912;8,661;0;1,237;4,612;3,712;4,949;0;18,54245455
23;Luxembourg;13-06-2004;200406;23420;Democratic Party;DP/PD;40;2,95;2,95;;;16,048;10;60;1317;7,289;0,228;0,683;0,076;0;0;0,076;0,683;1,139;7,289;0;0,076;3,265;0;0,076;8,2;7,973;1,746;11,921;0,152;11,39;0,076;-13,212;0,911;4,1;13,667;0,228;18,54245455
23;Luxembourg;07-06-2009;200906;23420;Democratic Party;DP/PD;40;2,95;2,95;;;14,973;9;60;2293;3,184;0,916;0,829;1,221;0,131;0;0,48;1,09;0,741;8,94;0;0;1,919;0;1,875;8,853;5,364;3,009;9,071;1,134;6,324;0;-8,242;1,744;3,663;12,08;0,392;18,54245455
23;Luxembourg;20-10-2013;201310;23420;Democratic Party;DP/PD;40;2,95;2,95;;;18,246;13;60;2733;4,647;4,171;4,757;1,244;0;0,037;0,037;0,183;0,549;8,123;0,768;0,073;2,891;0;1,134;3,769;3,22;2,342;5,232;2,744;6,769;0;-7,172;9,696;5,013;7,574;0,293;18,54245455
23;Luxembourg;10-06-1979;197906;23520;Christian Social People’s Party;CSV/PCS;50;2,95;2,95;;;36,4;24;59;666;4,655;1,502;1,952;0;0;0;5,405;0;0,601;5,255;0;0,15;0,45;0;0;4,354;9,009;2,402;12,312;0,3;4,505;0;-9,76;3,453;3,453;14,715;0,3;34,24536364
23;Luxembourg;17-06-1984;198406;23520;Christian Social People’s Party;CSV/PCS;50;2,95;2,95;;;36,6;25;64;1001;5,195;0,999;0,2;0;0;0;5,894;0;0;5,894;0;0;0,1;0;0;6,693;7,093;0,699;11,588;0,599;7,293;0;-12,987;1,199;2,997;12,288;2,398;34,24536364
23;Luxembourg;18-06-1989;198906;23520;Christian Social People’s Party;CSV/PCS;50;2,95;2,95;;;32,4;22;60;1793;3,8;1,6;0,3;0,2;0;0;1;0;0,4;6,4;0;0;2,1;0;0;3;5,5;2,6;7;0;5,2;0;5,4;1,9;4,3;9,6;0;34,24536364
23;Luxembourg;12-06-1994;199406;23520;Christian Social People’s Party;CSV/PCS;50;2,95;2,95;;;30,3;21;60;1268;3,864;4,338;0;0,473;0,315;0,315;5,836;0;0;4,811;0;0;3,628;0;0;2,603;5,599;2,208;10,41;0,789;6,703;0;-17,587;4,338;3,628;12,618;0,237;34,24536364
23;Luxembourg;13-06-1999;199906;23520;Christian Social People’s Party;CSV/PCS;50;2,95;2,95;;;30,1;19;60;1883;2,602;5,258;0,053;0,584;0;0;3,824;0;0,159;7,647;0;0;2,602;0;0;4,567;5,842;3,346;9,187;0,053;11,79;0;-10,781;5,311;4,089;12,533;0;34,24536364
23;Luxembourg;13-06-2004;200406;23520;Christian Social People’s Party;CSV/PCS;50;2,95;2,95;;;36,112;24;60;1967;3,864;3,254;0,763;1,118;0,051;0,051;0,508;0;1,068;10,981;0,966;0;1,017;0;0,254;6,253;2,339;2,034;9,405;0,102;7,473;0;-17,844;4,982;1,474;11,439;0,051;34,24536364
23;Luxembourg;07-06-2009;200906;23520;Christian Social People’s Party;CSV/PCS;50;2,95;2,95;;;38,006;26;60;1735;3,573;4,957;0,058;1,326;0;0;0,346;0,519;1,729;11,124;0;0;3,746;0;0,346;4,323;6,455;2,651;8,242;1,441;5,879;0,058;-5,648;5,014;3,804;10,893;0,173;34,24536364
23;Luxembourg;20-10-2013;201310;23520;Christian Social People’s Party;CSV/PCS;50;2,95;2,95;;;33,681;23;60;1135;2,379;2,026;0,793;2,115;0,088;0,088;0,352;0;1,057;7,401;1,145;0,176;2,555;0;1,498;4,053;5,374;3,7;12,423;3,084;5,022;0,176;-7,753;3,965;3,084;16,123;0,088;34,24536364
32;Italy;13-04-2008;200804;32061;People of Freedom;PdL;60;4;4;;;37,217;276;630;252;12,302;1,19;0;0;0;0;0,397;0;2,381;13,889;0;0;0;0;0;3,175;2,778;0;11,111;0;4,365;0;13,889;1,19;1,984;11,111;0;29,3915
32;Italy;24-02-2013;201302;32061;People of Freedom;PdL;60;4;4;;;21,566;97;630;210;16,19;6,19;0,476;0;0;0;0,476;0;0,952;10,476;0;0;1,429;0;0;6,19;3,333;0,952;6,667;0;5,238;0;3,81;6,667;3,81;7,619;0;29,3915
32;Italy;20-06-1976;197606;32220;Italian Communist Party;PCI;20;0,640882279;0,640882279;32;630;34,372;227;630;490;2,041;0,204;1,837;0,816;0;0;11,633;0;3,469;1,224;0;0,204;1,837;0;0;0,408;2,857;2,245;2,857;0;4,898;0;-7,551;2,041;2,041;5,102;0,816;24,88236364
32;Italy;03-06-1979;197906;32220;Italian Communist Party;PCI;20;0,640882279;0,640882279;32;630;30,383;201;630;876;4,909;0,114;2,968;1,598;0;0;13,813;0;1,484;5,822;0;0;1,142;0;0;2,397;7,534;1,256;10,616;0;6,963;0;-16,667;3,082;2,169;11,872;0,799;24,88236364
32;Italy;26-06-1983;198306;32220;Italian Communist Party;PCI;20;0,640882279;0,640882279;32;630;28,983;192;630;943;0,106;0,106;0,742;0,954;0;0;4,454;1,273;1,166;2,757;0;0,106;0,212;0;0;0,954;1,06;0,212;0,742;0;1,06;0;-6,681;0,848;0,212;0,954;4,136;24,88236364
32;Italy;14-06-1987;198706;32220;Italian Communist Party;PCI;20;0,640882279;0,640882279;32;630;26,572;177;630;284;1,056;7,746;2,113;0;0;0;0;0;0;8,451;2,465;0,352;4,577;0;0;7,394;1,761;5,986;6,69;0;2,465;0;-22,887;12,324;4,577;12,676;1,056;24,88236364
32;Italy;06-04-1992;199204;32220;Democratic Party of the Left;PDS;20;0,640882279;0,640882279;32;630;16,108;107;630;270;1,111;2,222;0;0;0;0;0;0;0,37;1,852;0,741;0;4,074;0;0;0,37;0;7,778;0,37;0;0;0;10,741;2,963;4,074;8,148;0,37;24,88236364
32;Italy;20-06-1976;197606;32320;Italian Socialist Party;PSI;30;0,640882279;0,640882279;32;630;9,645;57;630;202;0,495;0,99;0,99;0;0;0;13,366;0,495;0,495;1,485;0;0,495;0;0;0;2,475;1,98;0,495;11,386;0;3,96;0,99;-10,396;1,98;0;11,881;0;10,549
32;Italy;03-06-1979;197906;32320;Italian Socialist Party;PSI;30;0,640882279;0,640882279;32;630;9,805;62;630;733;3,411;0;3,82;0;0;0;16,917;0,682;1,501;4,093;0;0;1,228;0;0;0,819;2,046;0,136;3,411;0;3,001;0;-11,187;3,82;2,729;3,547;0,136;10,549
32;Italy;26-06-1983;198306;32320;Italian Socialist Party;PSI;30;0,640882279;0,640882279;32;630;11,441;73;630;637;0,157;0;0,314;0,942;0;0;12,245;4,71;0,314;2,512;0;0;2,826;0;0;0,314;0;1,884;6,75;0,471;2,198;0;-6,75;0,314;4,396;8,634;4,396;10,549
32;Italy;14-06-1987;198706;32320;Italian Socialist Party;PSI;30;0,640882279;0,640882279;32;630;14,264;94;630;283;3,18;1,413;0,353;1,767;0;0;0;0;4,24;4,594;0,707;0;3,534;0;0;2,827;3,534;6,36;4,947;0;0,707;0;4,24;2,473;3,887;11,307;7,42;10,549
32;Italy;06-04-1992;199204;32320;Italian Socialist Party;PSI;30;0,640882279;0,640882279;32;630;13,61;92;630;761;3,811;2,76;1,445;0;0;0,394;0;0;0,526;6,965;1,445;0;3,154;0;0;1,84;4,862;4,993;0,788;1,445;4,862;0;8,016;5,65;3,679;5,782;0,526;10,549
32;Italy;10-04-2006;200604;32329;Olive Tree;;30;4;4;;;31,265;226;630;3766;2,95;7,01;2,76;0;0;0;1,19;0;2,44;7,83;0;0;1,65;0;2,97;4,73;5,36;1,65;8,44;0;4,2;0;-17,71;9,77;1,65;10,09;0,58;31,265
32;Italy;13-04-2008;200804;32440;Democratic Party;PD;30;4;4;;;33,163;217;630;198;8,081;2,525;0;0;0;0;0;0;0;7,576;0;0;1,01;0;0,505;4,04;0;1,01;7,071;0;8,081;0;-7,576;2,525;5,556;8,081;1,01;25,85566667
32;Italy;24-02-2013;201302;32440;Democratic Party;PD;30;4;4;;;25,423;292;630;204;0,49;3,431;0;0;0;0;0;0;0,49;0;0;0;0;0;3,922;0;0;18,627;0;0;5,882;0;-6,863;3,431;0;18,627;0;25,85566667
32;Italy;04-03-2018;201803;32440;Democratic Party;PD;30;4;4;;;18,981;112;630;1281;4,606;1,171;1,171;0,468;0,078;0,234;0;0,156;0,781;10,07;1,015;0;0,937;0;3,357;3,201;5,386;5,621;9,524;0;4,606;0;-8,275;3,357;1,093;15,144;0,234;25,85566667
32;Italy;20-06-1976;197606;32520;Christian Democrats;DC;50;0,640882279;0,640882279;32;630;38,71;263;630;473;1,691;0;1,691;1,268;0;0;8,879;0;1,691;0,846;0;0,211;0,423;0;0;0;1,057;0,634;5,708;0;6,765;0;3,171;1,691;1,48;6,342;0,423;32,95044444
32;Italy;03-06-1979;197906;32520;Christian Democrats;DC;50;0,640882279;0,640882279;32;630;38,293;261;630;143;0;1,399;1,399;0,699;0;0;6,993;0,699;6,993;2,098;0;0;0;0;0;0,699;1,399;0;3,497;0;2,098;0;-6,294;2,797;1,399;3,497;1,399;32,95044444
32;Italy;26-06-1983;198306;32520;Christian Democrats;DC;50;0,640882279;0,640882279;32;630;32,921;225;630;420;1,429;0,476;0;0,476;0;0,952;18,095;5,238;3,571;3,095;0,238;0;2,619;0;0;0,476;0,238;0,238;5,952;0,952;0,714;0;-2,619;0,714;3,333;6,19;0;32,95044444
32;Italy;14-06-1987;198706;32520;Christian Democrats;DC;50;0,640882279;0,640882279;32;630;34,304;234;630;847;3,896;2,952;1,417;0,118;0;1,063;0;0;2,479;11,688;1,417;0,708;3,424;0;0;7,556;0,118;1,889;0,708;0,236;8,146;0;4,25;5,785;4,604;2,597;0,118;32,95044444
32;Italy;06-04-1992;199204;32520;Christian Democrats;DC;50;0,640882279;0,640882279;32;630;29,656;206;630;1504;3,856;4,388;2,926;0,399;0;0,532;0;0,066;0,532;11,037;0,997;0;2,593;0;0;2,992;5,253;1,995;0,931;1,396;5,253;0,133;8,777;8,311;5,585;2,926;0,066;32,95044444
32;Italy;10-04-2006;200604;32610;Go Italy;FI;60;4;4;;;23,709;140;630;249;9,64;0;0;0;1,2;0;8,03;0;0,4;4,02;0;0;9,64;0;2,01;0;0,4;0,4;9,64;0;0;0;48,19;0;11,24;10,04;0;21,653
32;Italy;04-03-2018;201803;32610;Go Italy;FI;60;4;4;;;13,525;106;630;96;7,292;1,042;0;0;0;0;0;0;0;11,458;0;0;0;0;0;3,125;2,083;5,208;9,375;0;4,167;1,042;15,625;1,042;5,208;14,583;0;21,653
32;Italy;24-02-2013;201302;32956;Five Star Movement;M5S;95;4;4;;;25,555;108;630;155;2,581;23,226;0;0;0;0;0;0;0;3,226;0;0,645;0,645;0;1,935;25,806;0;0;14,194;0;7,742;0;-49,032;23,226;0,645;14,194;0;28,86
32;Italy;04-03-2018;201803;32956;Five Star Movement;M5S;95;4;4;;;32,165;227;630;6515;0,829;4,728;0,107;0,43;0,353;0,092;0,031;0,338;0,077;9,977;0,491;0,445;0;0;11,297;22,84;0,998;0,798;3,085;0;4,083;0,031;-7,429;5,326;0,077;3,883;0,89;28,86
33;Spain;26-06-2016;201606;33025;United We Can;;90;1,345354954;1,345354954;52;350;13,416;45;350;344;1,744;7,558;0;0,291;0,872;0;4,942;2,907;0,581;2,035;0,581;1,163;0,581;0;7,849;10,174;0,581;7,558;14,535;0;2,616;0;-36,919;8,14;0,581;22,093;0;13,416
33;Spain;20-12-2015;201512;33210;We can;;20;1,345354954;1,345354954;52;350;12,6;42;350;1748;0,858;7,208;0,057;0,286;0,343;0;2,117;0,286;0,915;8,467;1,087;0,572;0;0;3,375;6,693;8,867;6,636;11,156;0;5,32;0;-32,952;8,352;0;17,792;0,286;10,9
33;Spain;26-06-2016;201606;33210;We can;;20;1,345354954;1,345354954;52;350;NA;NA;350;1748;0,858;7,208;0,057;0,286;0,343;0;2,117;0,286;0,915;8,467;1,087;0,572;0;0;3,375;6,693;8,867;6,636;11,156;0;5,32;0;-32,952;8,352;0;17,792;0,286;10,9
33;Spain;28-04-2019;201904;33210;We can;;20;1,345354954;1,345354954;52;350;9,445;28;350;1149;0,522;13,229;0,174;0,435;0,522;0;0,435;0,435;0,435;7,224;1,044;1,305;0;0;6,789;3,829;1,741;8,529;15,492;0;2,698;0;-39,948;14,447;0;24,021;0,261;10,9
33;Spain;10-11-2019;201911;33210;We can;;20;1,345354954;1,345354954;52;350;10,655;29;350;1318;0,455;13,202;0,076;0,455;0,759;0;0,379;0,455;0,455;7,967;1,062;1,29;0,303;0;5,69;4,704;1,745;8,498;14,34;0;3,035;0;-37,633;14,34;0,303;22,838;0,228;10,9
33;Spain;15-06-1977;197706;33320;Spanish Socialist Workers’ Party;PSOE;30;1,345354954;1,345354954;;;30,348;118;350;281;1,068;0,356;0;0;0,712;0;3,559;0;0,356;0,356;0;0,356;0,356;0;0;1,068;3,559;4,982;8,541;0;0,356;0;-9,253;0,356;0,712;13,523;1,423;34,79766667
33;Spain;01-03-1979;197903;33320;Spanish Socialist Workers’ Party;PSOE;30;1,345354954;1,345354954;;;30,489;121;350;767;0,913;0,522;1,434;0;0;0;2,868;0;3,781;5,606;3,52;0,782;1,304;0;0,13;1,434;2,999;3,259;11,473;0;2,477;0;-10,691;5,476;1,304;14,733;0,652;34,79766667
33;Spain;28-10-1982;198210;33320;Spanish Socialist Workers’ Party;PSOE;30;1,345354954;1,345354954;;;48,38;202;350;2018;0,595;2,18;3,964;0,05;0;0,297;1,982;0;2,924;6,046;0,347;0,297;2,279;0;0,149;2,18;4,063;3,32;10,456;0;3,964;0;-10,951;6,492;2,329;13,776;1,189;34,79766667
33;Spain;22-06-1986;198606;33320;Spanish Socialist Workers’ Party;PSOE;30;1,345354954;1,345354954;;;44,344;184;350;2172;1,98;0,322;1,888;0,829;0;0,138;2,624;0;6,262;12,799;0,322;0,276;1,427;0,138;1,243;2,21;2,624;4,604;9,715;0,046;1,335;0;-11,648;2,532;1,565;14,319;1,519;34,79766667
33;Spain;29-10-1989;198910;33320;Spanish Socialist Workers’ Party;PSOE;30;1,345354954;1,345354954;;;39,877;175;350;1479;0,744;0,338;0,068;0,473;0;0;2,772;0;4,53;10,751;0,811;0;0,473;0;1,42;4,057;4,598;3,313;17,512;0,068;3,313;0;-22,312;1,217;0,541;20,825;1,487;34,79766667
33;Spain;06-06-1993;199306;33320;Spanish Socialist Workers’ Party;PSOE;30;1,345354954;1,345354954;;;39,1;159;350;1525;1,246;1,639;1,246;1,049;0,066;0,197;2,885;0;2,82;11,344;0,262;0,984;0,59;0;1,311;4,393;3,148;2,164;11,344;0;5,049;0;-23,213;3,148;1,18;13,508;0,262;34,79766667
33;Spain;03-03-1996;199603;33320;Spanish Socialist Workers’ Party;PSOE;30;1,345354954;1,345354954;;;37,633;141;350;3529;3,315;1,303;0,142;0;0;0,028;2,579;0,028;1,757;14,367;0,17;0,113;1,417;0;0,085;5,582;1,927;4,421;6,291;0;2,947;0;-4,109;1,615;2,947;10,711;0,737;34,79766667
33;Spain;12-03-2000;200003;33320;Spanish Socialist Workers’ Party;PSOE;30;1,345354954;1,345354954;;;34,16;125;350;1282;2,262;5,148;0,468;0,234;0;0;1,248;0,468;1,17;9,75;0;0,312;0,936;0;0,78;3,198;2,028;5,07;10,92;0;3,978;0;-19,657;5,616;0,936;15,991;2,418;34,79766667
33;Spain;14-03-2004;200403;33320;Spanish Socialist Workers’ Party;PSOE;30;1,345354954;1,345354954;;;42,586;164;350;4471;0,962;4,697;0,112;0,38;0;0;1,722;0;0,939;8,701;0,917;0;0,649;0;0,179;2,348;6,106;5,234;7,649;0,022;6,531;0;-12,391;5,726;0,693;12,883;1,208;34,79766667
33;Spain;09-03-2008;200803;33320;Spanish Socialist Workers’ Party;PSOE;30;1,345354954;1,345354954;;;44,139;169;350;4554;1,383;8,235;0,022;0,944;0;0;1,427;0;2,064;5,819;0,351;0;0,593;0;0,088;7,993;4,436;4,348;8,278;0;4,436;0;-22,903;8,608;0,593;12,626;0,922;34,79766667
33;Spain;20-11-2011;201111;33320;Spanish Socialist Workers’ Party;PSOE;30;1,345354954;1,345354954;;;29,13;110;350;2075;1,928;6,892;0,048;1,157;0,241;0;5,349;0,337;1,928;8,675;0;0;2,313;0;3,904;4,386;1,494;8,675;10,12;0;6,554;0;-27,229;6,94;2,313;18,795;0,241;34,79766667
33;Spain;20-12-2015;201512;33320;Spanish Socialist Workers’ Party;PSOE;30;1,345354954;1,345354954;;;21,995;90;350;4453;2,942;6,086;0;0,517;0,135;0;3,907;0,337;2,291;9,499;0,202;0,022;0,629;0;4,042;1,437;3,997;7,231;14,462;0;3,211;0;-25,556;6,288;0,764;21,693;0,382;34,79766667
33;Spain;26-06-2016;201606;33320;Spanish Socialist Workers’ Party;PSOE;30;1,345354954;1,345354954;;;22,632;85;350;4788;3,091;5,973;0;0,501;0,125;0;3,739;0,334;2,318;9,085;0,23;0,021;0,668;0;4,094;1,399;3,759;7,999;13,889;0;3,112;0;-24,624;6,203;0,815;21,888;0,355;34,79766667
33;Spain;28-04-2019;201904;33320;Spanish Socialist Workers’ Party;PSOE;30;1,345354954;1,345354954;;;28,899;123;350;2238;1,743;4,155;0;0,179;0,089;0;0,447;0;0,536;10,545;0,357;0;0,268;0;2,547;2,324;5,004;11,662;18,633;0;5,139;0;-29,267;4,513;0,268;30,295;0,536;34,79766667
33;Spain;10-11-2019;201911;33320;Spanish Socialist Workers’ Party;PSOE;30;1,345354954;1,345354954;;;28,253;120;350;520;1,346;4,231;0;0,577;0,385;0;0;0,192;0,385;10,385;1,154;0;0;0;7,5;3,077;2,115;9,423;11,731;0;6,346;0;-28,654;5,385;0;21,154;0,192;34,79766667
33;Spain;20-12-2015;201512;33420;Citizens - Party of the Citizens;C's;40;1,345354954;1,345354954;;;13,94;40;350;5051;3,168;5,761;0,139;0,02;0,218;0,257;5,207;0,198;1,92;12,512;0,198;0;1,049;0;3,286;4,732;3,603;3,88;8,751;0,218;7,187;0,079;-16,036;6,098;2,079;12,631;0,059;12,4615
33;Spain;26-06-2016;201606;33420;Citizens - Party of the Citizens;C's;40;1,345354954;1,345354954;;;13,061;32;350;830;3,253;8,795;0,12;0;0,602;0,241;1,325;0;0,12;12,892;0,241;0;1,687;0;2,892;4,217;2,771;5,663;11,566;0;9,88;0;-27,349;9,157;2,53;17,229;0;12,4615
33;Spain;28-04-2019;201904;33420;Citizens - Party of the Citizens;C's;40;1,345354954;1,345354954;;;15,98;57;350;664;5,271;7,229;0;0;0;0;0,452;0;0,753;7,229;0;0;0,602;0;4,066;2,41;4,669;6,476;9,639;0;5,873;0,602;-10,542;7,229;1,657;16,114;0;12,4615
33;Spain;10-11-2019;201911;33420;Citizens - Party of the Citizens;C's;40;1,345354954;1,345354954;;;6,865;10;350;752;4,654;7,713;0;0;0;0;1,463;0,133;0,532;6,915;0;0;0,399;0;2,793;3,723;4,92;5,585;12,766;0;5,851;0,399;-15,293;7,713;0,798;18,351;0;12,4615
33;Spain;15-06-1977;197706;33430;Union of the Democratic Centre/Centrist Bloc;UCD;40;1,345354954;1,345354954;;;34,829;165;350;213;0,469;0,469;0,469;0;0,469;0;3,286;0;1,878;0;1,408;0;5,634;0;1,408;1,878;1,408;6,103;9,39;0;2,347;0;-0,469;2,347;6,103;15,493;3,286;25,56166667
33;Spain;01-03-1979;197903;33430;Union of the Democratic Centre/Centrist Bloc;UCD;40;1,345354954;1,345354954;;;35,047;168;350;641;2,34;3,276;1,56;0,156;0,156;0,312;6,24;0;4,368;6,552;0,156;0;2,34;0;0,936;0,78;3,744;2,652;9,516;0;3,12;0;0,468;4,992;3,432;12,168;0,624;25,56166667
33;Spain;28-10-1982;198210;33430;Union of the Democratic Centre/Centrist Bloc;UCD;40;1,345354954;1,345354954;;;6,809;12;350;1457;3,569;1,922;2,128;0,206;0,069;0,137;2,196;0,412;4,598;9,54;0,069;0,069;2,265;0;1,784;1,784;4,049;3,157;12,835;0,343;5,765;0;-7,207;4,118;4,255;15,992;0,137;25,56166667
33;Spain;15-06-1977;197706;33610;Popular Alliance;AP;60;1,345354954;1,345354954;52;350;8,417;16;350;116;5,172;3,448;0;0;0;0;5,172;0;0;6,034;0;0;11,207;0;0;0;0;2,586;18,103;0;1,724;0;12,069;3,448;14,655;20,69;0;28,0624
33;Spain;01-03-1979;197903;33610;Popular Alliance;AP;60;1,345354954;1,345354954;52;350;6,459;9;350;116;5,172;3,448;0;0;0;0;5,172;0;0;6,034;0;0;11,207;0;0;0;0;2,586;18,103;0;1,724;0;12,069;3,448;14,655;20,69;0;28,0624
33;Spain;28-10-1982;198210;33610;Popular Alliance;AP;60;1,345354954;1,345354954;52;350;20,5;82;350;2790;4,624;1,326;1,971;0;0,036;0,215;1,971;0;6,81;7,491;0;0;2,867;0;0,753;1,971;3,871;1,541;5,341;0,394;6,237;0;13,262;3,297;5,484;6,882;0,143;28,0624
33;Spain;22-06-1986;198606;33610;Popular Alliance;AP;60;1,345354954;1,345354954;52;350;18,17;73;350;2628;3,463;0,457;1,56;0;0;0,152;2,702;0;4,909;4,566;0;0;1,979;0;0,761;1,636;3,843;2,093;6,431;0,457;3,158;0;13,166;2,017;9,855;8,524;0,342;28,0624
33;Spain;29-10-1989;198910;33610;People's Party;PP;60;1,345354954;1,345354954;52;350;25,974;107;350;2157;0,325;2,133;1,252;0;0;0;1,854;0;2,828;15,531;0,046;0;1,113;0;0;3,848;4,682;0,603;14,001;0,417;3,523;0;-3,106;3,431;5,053;14,604;0,139;28,0624
33;Spain;06-06-1993;199306;33610;People's Party;PP;60;1,345354954;1,345354954;52;350;35,04;141;350;1863;2,093;1,557;0,805;0,215;0,054;0,483;2,362;0;4,724;11,702;0;0;3,328;0;0,751;3,221;2,684;0,913;11,165;0,268;5,69;0;-8,427;2,362;5,904;12,077;0,107;28,0624
33;Spain;03-03-1996;199603;33610;People's Party;PP;60;1,345354954;1,345354954;52;350;38,792;156;350;2715;5,046;1,326;0,037;0;0,074;0;2,284;0;0,626;11,197;0,147;0,037;2,468;0;0,037;2,836;2,394;2,615;4,273;0,037;3,204;0;9,871;1,51;4,162;6,888;0,368;28,0624
33;Spain;12-03-2000;200003;33610;People's Party;PP;60;1,345354954;1,345354954;52;350;44,524;183;350;2955;3,79;2,944;0,034;0,406;0;0;0,575;0;1,591;15,905;0;0;2,944;0;0,203;4,738;4,162;2,572;4,467;0,677;7,174;0;3,587;2,978;3,79;7,039;0,575;28,0624
33;Spain;14-03-2004;200403;33610;People's Party;PP;60;1,345354954;1,345354954;52;350;37,708;148;350;4211;4,583;2,256;0;0,142;0;0;3,633;0;1,449;13,061;0;0;0,926;0;0,57;4,654;4,512;2,85;6,768;0;3,657;0;9,309;2,256;0,926;9,618;0,19;28,0624
33;Spain;09-03-2008;200803;33610;People's Party;PP;60;1,345354954;1,345354954;52;350;40,571;153;350;4068;2,016;4,941;0;0,197;0;0,074;3,441;0;1,155;6,514;0,172;0;1,549;0;0,147;8,26;6,539;2,311;7,645;0;5,924;0;-3,786;5,113;2,581;9,956;0,098;28,0624
33;Spain;20-11-2011;201111;33610;People's Party;PP;60;1,345354954;1,345354954;52;350;45,24;186;350;1914;2,403;3,03;0,209;0,104;0,052;0,157;6,792;0,157;2,769;8,777;0;0;3,657;0;1,097;2,247;2,508;2,821;5,068;0;6,897;0;-3,448;3,239;5,381;7,889;0,104;28,0624
33;Spain;20-12-2015;201512;33610;People's Party;PP;60;1,345354954;1,345354954;52;350;28,705;123;350;2377;2,314;2,398;0,084;0,042;0;0,421;4,67;0,042;6,689;11,191;0,084;0;2,272;0;2,23;1,851;3,955;5,048;10,938;0,463;3,87;0;-4,249;2,566;2,566;15,987;0,084;28,0624
33;Spain;26-06-2016;201606;33610;People's Party;PP;60;1,345354954;1,345354954;52;350;33,015;137;350;2377;2,314;2,398;0,084;0,042;0;0,421;4,67;0,042;6,689;11,191;0,084;0;2,272;0;2,23;1,851;3,955;5,048;10,938;0,463;3,87;0;-4,249;2,566;2,566;15,987;0,084;28,0624
33;Spain;28-04-2019;201904;33610;People's Party;PP;60;1,345354954;1,345354954;52;350;16,828;66;350;1171;4,441;2,733;0;0,171;0,342;0,683;0,171;0,085;1,11;11,699;0;0;0,769;0;3,843;2,391;2,818;7,003;13,322;0,769;3,757;0,598;6,063;2,733;3,501;20,325;0;28,0624
33;Spain;10-11-2019;201911;33610;People's Party;PP;60;1,345354954;1,345354954;52;350;20,993;89;350;424;3,774;4,009;0;0;0;0;0,472;0;1,651;9,434;0;0;0;0;2,83;3,774;3,538;4,481;11,557;0;5,896;0,943;4,481;4,009;2,358;16,038;0;28,0624
33;Spain;28-04-2019;201904;33710;Voice;VOX;70;1,345354954;1,345354954;52;350;10,342;24;350;253;4,743;0;0;0;0;0;1,976;1,186;0,395;0,791;0;0;0;0;0,791;0;1,976;3,557;7,51;1,581;2,767;0;34,783;0;2,767;11,067;0;12,7765
33;Spain;10-11-2019;201911;33710;Voice;VOX;70;1,345354954;1,345354954;52;350;15,211;52;350;203;5,419;0;0;0;0;0;0,493;1,97;0,493;0,493;0;0;0;0;0,985;0;1,478;3,448;8,374;1,478;2,463;0;33,005;0;2,956;11,823;0;12,7765
34;Greece;17-06-2012;201206;34212;Coalition of the Radical Left - Unionist Social Front;SYRIZA-EKN;20;3;3;;;26,887;71;300;1127;0;0,799;0,177;0;0,444;0;1,331;0;0,799;2,041;0,532;2,928;3,017;0;0;9,406;20,142;1,952;8,429;0;5,679;0;-25,732;1,508;3,017;10,382;2,396;32,553193
34;Greece;25-01-2015;201501;34212;Coalition of the Radical Left;SYRIZA;20;3;3;;;36,34;149;300;151;0;1,987;0,662;0;0;0;0,662;2,649;5,298;7,285;0,662;1,987;10,596;0;0;2,649;0;0,662;18,543;0;0,662;0;-41,722;3,311;10,596;19,205;0;32,553193
34;Greece;20-09-2015;201509;34212;Coalition of the Radical Left;SYRIZA;20;3;3;;;35,46;145;300;2883;1,179;5,168;0,243;0,139;0,659;0,069;0;0,139;2,359;14,672;0,486;1,041;8,429;0,832;1,977;2,081;2,879;1,769;8,117;0;3,954;0;-22,234;5,897;8,463;9,886;1,11;32,553193
34;Greece;07-07-2019;201907;34212;Coalition of the Radical Left;SYRIZA;20;3;3;;;31,52577198;86;300;225;5,333;0,889;1,778;0;0;0;2,667;5,778;2,667;3,556;1,333;0;1,333;0;1,333;2,667;2,667;5,333;27,111;0;8;0;-44,444;4;1,333;32,444;0;32,553193
34;Greece;20-11-1977;197711;34313;Panhellenic Socialist Movement;PASOK;30;1,576541034;1,576541034;56;;25,343;93;300;2704;0,962;4,438;1,257;0,074;0,148;0,074;0,777;0;1,516;6,583;0,148;0,259;0,185;0,259;0,481;5,917;4,253;4,771;7,027;0;4,031;0;-27,182;5,843;0,185;11,797;1,405;31,85523529
34;Greece;18-10-1981;198110;34313;Panhellenic Socialist Movement;PASOK;30;1,576541034;1,576541034;56;;48,074;172;300;2991;1,17;3,176;0,836;0,067;0,736;0;1,839;0;3,143;2,942;0,568;0,602;0,936;0;1,304;3,243;4,313;6,887;4,881;0,1;4,313;0;-27,115;4,58;0,97;11,769;1,973;31,85523529
34;Greece;02-06-1985;198506;34313;Panhellenic Socialist Movement;PASOK;30;1,576541034;1,576541034;56;;45,824;161;300;3244;2,004;4,778;2,004;0,031;0,771;0,031;3,946;0;4,223;7,244;0,339;0,925;0,432;0;0,462;3,545;4,809;4,285;9,587;0;3,915;0;-28,637;7,121;0,863;13,872;1,11;31,85523529
34;Greece;18-06-1989;198906;34313;Panhellenic Socialist Movement;PASOK;30;1,576541034;1,576541034;56;;39,126;125;300;2215;2,167;1,309;0,316;0,045;0,632;0,181;2,619;0;4,65;8,352;0,135;0,406;0,767;0,045;0,903;3,837;6,411;3,115;9,526;0,181;9,074;0;-20,677;1,761;1,084;12,641;1,67;31,85523529
34;Greece;05-11-1989;198911;34313;Panhellenic Socialist Movement;PASOK;30;1,576541034;1,576541034;56;;40,676;128;300;417;0,719;0,24;0,24;0;0;0;4,317;0;3,357;3,837;0,24;1,199;0,719;0;0,48;0,719;0,959;3,597;9,592;0;1,918;0;-8,633;0,719;0,719;13,189;1,439;31,85523529
34;Greece;08-04-1990;199004;34313;Panhellenic Socialist Movement;PASOK;30;1,576541034;1,576541034;56;;38,613;123;300;2239;1,251;2,367;0,223;0;0,134;0;3,126;0;2,501;5,851;0,045;0,179;0,938;0;0,134;3,305;5,895;4,109;18,401;0;7,235;0;-29,701;2,635;0,983;22,51;3,037;31,85523529
34;Greece;10-10-1993;199310;34313;Panhellenic Socialist Movement;PASOK;30;3;1,576541034;56;;46,883;170;300;2862;1,328;2,236;1,363;0,245;0,035;0,105;1,887;0;5,031;5,765;0,14;0,978;0,874;0;1,153;6,569;6,674;3,529;6,883;0;7,687;0;-18,763;3,739;1,153;10,412;0,664;31,85523529
34;Greece;22-09-1996;199609;34313;Panhellenic Socialist Movement;PASOK;30;3;3;;;41,495;162;300;6314;1,061;1,726;0,19;0,158;0,032;0;2,724;0;6,224;7,048;0,19;0,143;0,634;0,048;0,586;4,023;10,754;3,912;9,645;0,048;4,799;0;-13,795;2,106;1,283;13,557;1,346;31,85523529
34;Greece;09-04-2000;200004;34313;Panhellenic Socialist Movement;PASOK;30;3;3;;;43,79;158;300;3790;1,214;2,507;0;0;0,633;0,026;3,404;0;5,198;11,583;0;0,053;0,317;0;0;5,937;8,734;1,847;12,639;0;7,018;0;-17,23;2,507;1,557;14,485;1,398;31,85523529
34;Greece;07-03-2004;200403;34313;Panhellenic Socialist Movement;PASOK;30;3;3;;;40,548;117;300;3433;3,175;1,923;0;0,204;0;2,33;1,748;0;0,612;14,623;0,029;0;0,379;0;0;6,467;7,719;1,602;9,03;0;4,457;0;-9,467;1,952;2,767;10,632;0,961;31,85523529
34;Greece;16-09-2007;200709;34313;Panhellenic Socialist Movement;PASOK;30;3;3;;;38,097;102;300;2233;2,06;3,493;1,254;0,493;0;0;3;0;1,97;5,329;0;0,582;0,672;0,09;2,06;6,494;2,866;3,851;11,151;0,09;8,016;0;-14,644;4,747;2,015;15,002;1,12;31,85523529
34;Greece;04-10-2009;200910;34313;Panhellenic Socialist Movement;PASOK;30;3;3;;;43,923;160;300;1293;2,63;7,27;0,464;0;0;0;0,464;0,541;1,701;4,95;0;1,237;0;0;2,011;9,667;4,718;4,022;8,739;0;6,032;0;-20,727;7,734;0,077;12,761;1,779;31,85523529
34;Greece;06-05-2012;201205;34313;Panhellenic Socialist Movement;PASOK;30;3;3;;;13,18;41;300;408;2,696;2,206;0;0;2,451;0,98;0;0;6,127;4,657;3,676;0,245;12,745;0;0;0;0,245;2,941;11,029;0;0,49;0;-13,48;5,882;13,48;13,971;0,245;31,85523529
34;Greece;17-06-2012;201206;34313;Panhellenic Socialist Movement;PASOK;30;3;3;;;12,279;33;300;49;6,122;0;0;0;0;0;0;0;12,245;0;0;0;4,082;0;0;0;0;0;8,163;0;0;0;26,531;0;4,082;8,163;0;31,85523529
34;Greece;25-01-2015;201501;34313;Panhellenic Socialist Movement;PASOK;30;3;3;;;4,573;13;300;584;1,027;1,884;0,342;0;1,027;1,541;0;0;5,137;6,849;0;0,171;3,596;0;0;8,733;0;3,425;16,096;0;13,699;0,171;-37,842;2,226;3,596;19,521;0,342;31,85523529
34;Greece;20-09-2015;201509;34313;Panhellenic Socialist Movement;PASOK;30;3;3;;;5,54;15;300;413;3,874;11,38;0,242;0;0,242;0,242;0;0;10,412;12,349;0;0;10,654;0;2,421;0,726;0,242;0,484;7,264;0;1,453;0;-24,455;11,622;10,654;7,748;0;31,85523529
34;Greece;17-11-1974;197411;34510;Centre Union;EK;50;1,576541034;1,576541034;56;300;20,423;60;300;194;0;0;0,515;0;0;0;0;0;1,031;0;0,515;1,546;0,515;0;0;0;0;5,67;3,608;0;3,608;0;-32,99;1,031;1,031;9,278;3,608;16,1845
34;Greece;20-11-1977;197711;34510;Union of the Democratic Centre;EDIK;50;1,576541034;1,576541034;56;300;11,946;16;300;300;0,667;1,333;0,667;0;0;0;1,333;0;0,333;0,333;0;0;0;0;0;0,333;1,667;4;6,667;0;6;0;-16,333;2;0;10,667;4;16,1845
34;Greece;17-11-1974;197411;34511;New Democracy;ND;50;1,576541034;1,576541034;56;300;54,373;220;300;168;0;0;0;0;0;0;2,976;0;1,19;0;0;0;1,19;0;0;0;0;2,381;0;0;1,19;0;-3,571;0;1,19;2,381;0,595;38,55755459
34;Greece;20-11-1977;197711;34511;New Democracy;ND;50;1,576541034;1,576541034;56;300;41,841;171;300;161;0;0;0;0;0;0;1,242;0;1,242;0;0;0;0;0;0;0;0;0;0;0;0;0;32,298;0;0;0;8,696;38,55755459
34;Greece;18-10-1981;198110;34511;New Democracy;ND;50;1,576541034;1,576541034;56;300;35,875;115;300;217;2,304;0,461;0;0;0;0;3,687;0;2,765;0,461;0;0;1,382;0;0;1,843;0;3,226;2,765;0;3,226;0;24,424;0,461;3,687;5,991;2,304;38,55755459
34;Greece;02-06-1985;198506;34511;New Democracy;ND;50;1,576541034;1,576541034;56;300;40,843;126;300;409;0,244;6,357;0;0;0;0;5,134;0;2,2;0;0;0;6,112;0;0;0;0;1,467;3,178;0;0,489;0;3,667;6,357;13,936;4,645;5,134;38,55755459
34;Greece;18-06-1989;198906;34511;New Democracy;ND;50;1,576541034;1,576541034;56;300;44,278;145;300;158;0,633;0;0;0;0;0;1,266;0;1,899;1,266;0;0;3,165;0;0;0;0;0;3,797;0;0;0;37,975;0;5,063;3,797;0;38,55755459
34;Greece;05-11-1989;198911;34511;New Democracy;ND;50;1,576541034;1,576541034;56;300;46,188;148;300;172,5;0,316;1,337;0;0;0;0;4,376;0;1,484;0,633;0;0;4,256;0;0;0,802;0;1,07;3,503;0;0,535;0;33,961;1,337;5,205;4,573;0,267;38,55755459
34;Greece;08-04-1990;199004;34511;New Democracy;ND;50;1,576541034;1,576541034;56;300;46,889;150;300;187;0;2,674;0;0;0;0;7,487;0;1,07;0;0;0;5,348;0;0;1,604;0;2,139;3,209;0;1,07;0;29,947;2,674;5,348;5,348;0,535;38,55755459
34;Greece;10-10-1993;199310;34511;New Democracy;ND;50;3;1,576541034;56;300;39,295;111;300;226;0,885;2,655;0;0;0;0;2,655;0;1,77;7,08;0;0;12,389;2,212;0;2,212;0;2,212;3,54;0;3,54;0;35,398;2,655;14,602;5,752;0,442;38,55755459
34;Greece;22-09-1996;199609;34511;New Democracy;ND;50;3;3;;;38,124;108;300;7336;1,295;1,022;0,15;0;0;0;9,583;0;3,326;3,721;0;0,191;0,941;0;0,232;14,94;16,753;0,45;1,486;0;13,795;0;-11,164;1,172;3,817;1,936;0;38,55755459
34;Greece;09-04-2000;200004;34511;New Democracy;ND;50;3;3;;;42,73;125;300;2213;1,582;3,208;0,136;0;0;0;4,293;0;3,389;8,043;0;0;0,362;0;0;3,841;3,977;2,033;9,399;0,09;5,784;0;-4,971;3,344;1,491;11,432;1,853;38,55755459
34;Greece;07-03-2004;200403;34511;New Democracy;ND;50;3;3;;;45,362;165;300;3187;2,008;1,318;0;0,063;0;0,722;1,506;0,031;0,722;4,142;0,157;0;0,282;0;0;6,119;6,495;0,659;15,657;0;12,363;0;-17,603;1,475;1,757;16,316;0,188;38,55755459
34;Greece;16-09-2007;200709;34511;New Democracy;ND;50;3;3;;;41,835;152;300;624;3,526;0,801;0;0,801;0;0;1,923;0,16;5,449;20,353;0;0;0,962;0;0;9,455;0;5,609;12,019;0;8,974;0;-12,66;0,801;1,442;17,628;0;38,55755459
34;Greece;04-10-2009;200910;34511;New Democracy;ND;50;3;3;;;33,477;91;300;652;8,436;3,528;0;0;0;0,307;0,153;0,613;0,767;18,558;0,307;0;4,141;0;1,227;18,252;0;3,221;14,417;0,613;7,669;0;-16,258;3,834;4,755;17,638;0;38,55755459
34;Greece;06-05-2012;201205;34511;New Democracy;ND;50;3;3;;;18,849;108;300;44;0;0;2,273;0;0;18,182;2,273;0;0;0;0;0;20,455;0;0;0;0;13,636;6,818;0;0;0;22,727;2,273;29,545;20,455;2,273;38,55755459
34;Greece;17-06-2012;201206;34511;New Democracy;ND;50;3;3;;;29,658;129;300;44;0;0;2,273;0;0;18,182;2,273;0;0;0;0;0;20,455;0;0;0;0;13,636;6,818;0;0;0;22,727;2,273;29,545;20,455;2,273;38,55755459
34;Greece;25-01-2015;201501;34511;New Democracy;ND;50;3;3;;;27,15;76;300;162;8,642;2,469;0;0;0;0;0;0;2,469;22,84;0;0;5,556;0;0;1,235;0,617;0,617;20,37;0;0;0;-8,025;2,469;10,494;20,988;0;38,55755459
34;Greece;20-09-2015;201509;34511;New Democracy;ND;50;3;3;;;27,414;75;300;491;3,259;0;0;0;0;0;0;0;6,517;4,073;0;0;9,572;0;0;0,204;1,222;0;3,87;0;0,611;1,222;17,515;0;10,183;3,87;0,611;38,55755459
34;Greece;07-07-2019;201907;34511;New Democracy;ND;50;3;3;;;39,85498255;158;300;168;7,143;0;0;0,595;0;1,786;0,595;1,786;5,952;5,357;2,381;0;0;0;4,762;2,381;0;4,167;11,905;0;5,357;0;0,595;2,381;7,143;16,071;0;38,55755459
35;Portugal;04-10-2015;201510;35060;Portugal Ahead;PàF;60;1,363456084;1,363456084;20;226;40,034;107;230;1982;7,013;2,371;0;0,303;0,252;0;0,605;0,959;7,114;9,788;0,05;0;3,481;0;0,555;6,458;4,087;4,945;9,082;2,22;5,096;0,252;0,605;2,422;4,44;14,026;0,05;40,034
35;Portugal;25-04-1975;197504;35220;Portuguese Communist Party;PCP;20;1,260940589;1,260940589;20;246;13,46;30;250;157;0;0;0;0;0;0;1,911;0;0;0;0;0,637;0;8,28;0;0;0;0;0;0;0;0;-44,586;0;0;0;0;11,19315385
35;Portugal;25-04-1976;197604;35220;Portuguese Communist Party;PCP;20;1,202187085;1,26;20;259;15,297;40;263;61;4,918;0;0;0;0;0;0;0;1,639;1,639;0;0;0;1,639;0;0;3,279;1,639;4,918;0;6,557;0;-16,393;0;1,639;6,557;0;11,19315385
35;Portugal;02-12-1979;197912;35220;Portuguese Communist Party;PCP;20;1,260940589;1,2;20;246;18,27;44;250;122;3,279;0;0;0;0;0;3,279;0;4,098;0;0;0,82;0;1,639;0;0;4,098;3,279;3,279;0;6,557;0;6,557;0;0;6,557;2,459;11,19315385
35;Portugal;05-10-1980;198010;35220;Portuguese Communist Party;PCP;20;1,260940589;1,260940589;20;246;16,48;39;250;277;0,361;0,361;0;0;0;0;0,722;0;1,444;0;0,722;0,361;0;2,888;0;0,361;1,083;0;1,444;0;0,361;0;38,267;1,083;0;1,444;1,805;11,19315385
35;Portugal;25-04-1983;198304;35220;Portuguese Communist Party;PCP;20;1,260940589;1,260940589;20;246;16,99;40;250;213;2,347;0,469;0;0;0,469;0;3,286;0;3,756;0;0;0,939;1,408;1,878;0;0,469;0,939;0,469;5,634;0;0,469;0;20,657;0,469;1,878;6,103;4,695;11,19315385
35;Portugal;06-10-1985;198510;35220;Portuguese Communist Party;PCP;20;1,260940589;1,260940589;20;246;14,29;34;250;123;0;0;0;0;0;0;3,252;0;0,813;0,813;0,813;0;0,813;3,252;0;0;0;1,626;3,252;0;0;0;22,764;0,813;0,813;4,878;3,252;11,19315385
35;Portugal;19-07-1987;198707;35220;Portuguese Communist Party;PCP;20;1,260940589;1,260940589;20;246;11,254;28;250;156;0,641;0;0;0;0,641;0;0,641;0;2,564;1,282;0;0,641;0;0;0;1,923;0,641;3,205;0,641;0;0;0;30,128;0;0;3,846;7,051;11,19315385
35;Portugal;06-10-1991;199110;35220;Portuguese Communist Party;PCP;20;1,363456084;1,26;20;226;NA;NA;226;1898;1,159;1,528;0,211;0,105;0,316;0;3,741;0;1,423;4,478;0,105;0,632;0,738;0,105;0;3,899;7,903;8,957;9,273;0;4,531;0;-15,121;1,844;0,948;18,23;1,423;11,19315385
35;Portugal;01-10-1995;199510;35220;Portuguese Communist Party;PCP;20;1,363456084;1,363456084;20;226;NA;NA;230;2986;0,536;3,65;0;0,067;0,569;0;6,062;0;1,273;5,894;0,167;1,674;0,904;0,435;0;3,315;7,267;7,904;12,592;0;4,923;0;-24,18;3,818;0,904;20,496;0,636;11,19315385
35;Portugal;10-10-1999;199910;35220;Portuguese Communist Party;PCP;20;1,363456084;1,363456084;20;226;NA;NA;230;3286;1,339;5,843;0;0,061;0,7;0;3,743;0;0,122;6,086;0,396;3,135;0,122;0,183;0;3,439;7,121;7,395;13,268;0;6,147;0;-29,063;6,239;0,152;20,663;0,456;11,19315385
35;Portugal;17-03-2002;200203;35220;Portuguese Communist Party;PCP;20;1,363456084;1,363456084;20;226;5,833;10;230;2806;3,671;4,562;0,178;0,036;0,214;0;0,748;0;1,497;7,377;0,143;4,063;0,321;1,782;0,356;5,203;3,991;7,021;10,264;0;4,918;0;-21,276;4,882;0,392;17,284;0,784;11,19315385
35;Portugal;20-02-2005;200502;35220;Portuguese Communist Party;PCP;20;1,363456084;1,363456084;20;226;6,514;12;230;3136;4,624;5,006;0,287;0,159;0,223;0;0,191;0,351;3,635;7,366;0,159;4,305;0,159;0,351;0,606;4,911;3,699;5,899;9,279;0;5,389;0;-23,884;5,453;0,223;15,179;1,212;11,19315385
35;Portugal;27-09-2009;200909;35220;Portuguese Communist Party;PCP;20;1,363456084;1,363456084;20;226;7,081;13;230;1155;2,25;0,61;0,09;0,61;0,17;0;1,47;0,35;3,81;8,05;2,86;5,71;1,13;1,13;0;1,56;1,99;7,19;14,46;0;3,64;0;-21,82;3,55;1,13;21,65;0,69;11,19315385
35;Portugal;05-06-2011;201106;35220;Portuguese Communist Party;PCP;20;1,363456084;1,363456084;20;226;7,201;14;230;200;1,5;6;0,5;0;0;0;6;11;7;0,5;1;4;0,5;2;0,5;0;0;9;6,5;0;0,5;0;-15;7,5;0,5;15,5;1,5;11,19315385
35;Portugal;04-10-2015;201510;35220;Portuguese Communist Party;PCP;20;1,363456084;1,363456084;20;226;7,558;15;230;1407;2,559;2,701;0;0,995;1,706;0;2,061;4,904;4,122;7,818;2,701;4,335;0,355;0;0;2,132;3,554;5,188;11,301;0;3,198;0;-20,682;5,402;0,355;16,489;0,498;11,19315385
35;Portugal;06-10-2019;201910;35220;Portuguese Communist Party;PCP;20;1,363456084;1,363456084;20;226;5,283;10;230;1045;1,34;2,201;0,096;0;0,574;0;0,478;0,574;3,158;7,847;1,627;2,967;2,297;0,766;1,435;1,722;2,871;7,177;16,268;0;4,689;0;-31,77;3,923;2,392;23,445;0,574;11,19315385
35;Portugal;25-04-1975;197504;35311;Socialist Party;PS;30;1,260940589;1,260940589;20;246;40,69;116;250;74;0;2,703;1,351;0;0;0;4,054;0;0;0;0;4,054;0;6,757;0;0;0;0;0;0;0;0;-58,108;4,054;0;0;2,703;34,691875
35;Portugal;25-04-1976;197604;35311;Socialist Party;PS;30;1,202187085;1,26;20;259;36,741;107;263;211;0;0;0,474;1,422;0;0;6,635;0;3,318;0,474;0,948;1,422;1,422;2,37;0;0;0,474;1,896;0,948;0;0;0;31,28;1,422;2,844;2,844;0;34,691875
35;Portugal;02-12-1979;197912;35311;Socialist Party;PS;30;1,260940589;1,2;20;246;28,236;74;250;545;6,422;2,936;1,835;1,468;0;0;4,771;0;6,055;2,018;1,835;0,367;3,853;0,183;0;0,367;0;1,651;8,807;0;3,303;0;6,606;6,606;4,404;10,459;0,55;34,691875
35;Portugal;05-10-1980;198010;35311;Socialist Party;PS;30;1,260940589;1,260940589;20;246;25,6;66;250;169;1,183;0,592;1,775;0;0;0;2,959;0;2,367;3,55;0;0,592;0;0,592;0;1,775;6,509;1,183;9,467;0;7,692;0;4,734;2,367;1,775;10,651;0;34,691875
35;Portugal;25-04-1983;198304;35311;Socialist Party;PS;30;1,260940589;1,260940589;20;246;37,338;101;250;125;4,8;0,8;0;0;0;0;0;0;2,4;9,6;0;0;0;0;0;0,8;0;0,8;13,6;0;7,2;0;-12;0,8;0,8;14,4;1,6;34,691875
35;Portugal;06-10-1985;198510;35311;Socialist Party;PS;30;1,260940589;1,260940589;20;246;21,375;57;250;73;8,219;0;0;1,37;0;0;9,589;0;6,849;8,219;0;0;6,849;0;0;0;1,37;1,37;6,849;0;1,37;0;17,808;0;6,849;8,219;0;34,691875
35;Portugal;19-07-1987;198707;35311;Socialist Party;PS;30;1,260940589;1,260940589;20;246;22,81;60;250;99;3,03;0;0;3,03;1,01;0;3,03;0;0;6,061;0;0;0;0;0;0;0;6,061;13,131;0;30,303;0;-30,303;0;8,081;19,192;0;34,691875
35;Portugal;06-10-1991;199110;35311;Socialist Party;PS;30;1,363456084;1,26;20;226;29,58;71;226;3065;2,055;4,144;0,294;0,816;0,098;0;4,502;0;2,219;10,832;0,294;0,294;2,447;0;0;5,677;5,122;6,754;7,602;0;4,894;0;-11,778;4,731;3,295;14,356;0,522;34,691875
35;Portugal;01-10-1995;199510;35311;Socialist Party;PS;30;1,363456084;1,363456084;20;226;44,611;112;230;4798;1,834;5,982;0,167;0,709;0,021;0;6,107;0,104;2,001;8,92;0,271;0;1;0;0;4,627;3,731;5,148;8,67;0;4,293;0;-16,694;6,419;1,438;13,818;1,876;34,691875
35;Portugal;10-10-1999;199910;35311;Socialist Party;PS;30;1,363456084;1,363456084;20;226;44,41;115;230;2322;1,163;6,503;0,172;0,861;0,129;0;4,953;0;0,818;11,671;0,172;0,258;0,775;0;0;1,464;6,848;5,34;13,351;0;3,316;0;-17,7;6,848;1,249;18,691;0,345;34,691875
35;Portugal;17-03-2002;200203;35311;Socialist Party;PS;30;1,363456084;1,363456084;20;226;38,551;96;230;4567;2,737;5,89;0,613;0,591;0,044;0;1,795;0;4,051;12,437;0,088;0,066;0,285;0;0,066;4,686;5,978;5,168;6,963;0;7,489;0;-9,897;6,591;0,81;12,131;0,022;34,691875
35;Portugal;20-02-2005;200502;35311;Socialist Party;PS;30;1,363456084;1,363456084;20;226;46,396;121;230;3679;2,637;5,328;0,843;0,652;0,027;0;0,245;0,027;2,446;10,873;0;0;2,772;0;0,353;4,213;5,953;5,545;7,013;0,652;7,285;0,082;-10,22;6,17;4,974;12,558;0;34,691875
35;Portugal;27-09-2009;200909;35311;Socialist Party;PS;30;1,363456084;1,363456084;20;226;37,73;97;230;2090;5,55;3,301;0;0,526;0;0;0,191;0,431;3,062;14,45;0,048;0;0,957;0;0;4,593;6,316;7,751;11,1;1,388;8,612;0;-4,498;3,349;1,005;18,852;0;34,691875
35;Portugal;05-06-2011;201106;35311;Socialist Party;PS;30;1,363456084;1,363456084;20;226;29,239;74;230;829;2,413;2,171;0;0,241;0;0;0,362;3,619;7,72;4,222;0,483;0,483;5,79;0;0,362;4,222;8,203;4,946;9,168;0,362;6,514;0;0,241;2,654;5,79;14,113;0;34,691875
35;Portugal;04-10-2015;201510;35311;Socialist Party;PS;30;1,363456084;1,363456084;20;226;33,568;86;230;2828;4,314;3,748;0,389;0,672;0,495;0;0,318;5,127;3,996;10,679;0,035;0,389;0,177;0;1,521;6,86;6,117;7,603;7,32;0,46;5,269;0;-4,526;4,173;0,318;14,922;0,177;34,691875
35;Portugal;06-10-2019;201910;35311;Socialist Party;PS;30;1,363456084;1,363456084;20;226;38,195;108;230;2369;1,942;1,604;0,38;0,042;0,042;0,211;0,295;0,338;2,617;12,495;0,042;0,042;1,773;0;10,511;5,825;3,208;7,725;8,231;0,675;5,825;0;-12,621;2,026;1,9;15,956;0;34,691875
35;Portugal;06-10-1985;198510;35312;Democratic Renewal Party;PRD;30;1,260940589;1,260940589;20;246;18,526;45;250;56;1,786;0;0;5,357;0;1,786;5,357;0;0;1,786;0;0;3,571;0;0;0;1,786;7,143;5,357;0;1,786;0;17,857;0;3,571;12,5;0;11,786
35;Portugal;19-07-1987;198707;35312;Democratic Renewal Party;PRD;30;1,260940589;1,260940589;20;246;5,046;7;250;56;1,786;0;0;5,357;0;1,786;5,357;0;0;1,786;0;0;3,571;0;0;0;1,786;7,143;5,357;0;1,786;0;17,857;0;3,571;12,5;0;11,786
35;Portugal;25-04-1975;197504;35313;Popular Democratic Party;PPD;60;1,260940589;1,260940589;20;246;28,35;81;250;53;3,774;3,774;0;0;0;0;0;0;1,887;0;3,774;1,887;0;0;0;0;1,887;18,868;1,887;0;1,887;0;-1,887;7,547;1,887;20,755;3,774;33,92426667
35;Portugal;25-04-1976;197604;35313;Popular Democratic Party;PPD;60;1,202187085;1,26;20;259;25,24;73;263;84;1,19;1,19;1,19;2,381;1,19;0;5,952;0;3,571;2,381;0;2,381;0;2,381;0;0;0;7,143;4,762;0;2,381;0;-3,571;2,381;1,19;11,905;1,19;33,92426667
35;Portugal;02-12-1979;197912;35313;Social Democratic Party;PSD;60;1,260940589;1,2;20;246;27,51;76;250;690;1,884;1,739;0,58;0,29;0;0,87;3,188;0;5,217;5,797;0,29;0;2,174;0;0;5,652;4,638;2,029;6,232;1,014;4,203;0;9,42;2,609;6,957;8,261;1,014;33,92426667
35;Portugal;05-10-1980;198010;35313;Social Democratic Party;PSD;60;1,260940589;1,260940589;20;246;29,53;82;250;422;0,237;0,711;0;0;0;0;2,133;0;0,237;2,133;0,237;0;8,531;0;0;2,37;2,37;10,19;4,265;0;4,028;0;19,431;0,948;11,374;14,455;0,711;33,92426667
35;Portugal;25-04-1983;198304;35313;Social Democratic Party;PSD;60;1,260940589;1,260940589;20;246;27,769;75;250;453;1,104;1,766;1,104;1,545;0;0,442;5,96;0;3,532;13,245;1,104;0;2,208;0;0;1,325;7,285;0,883;11,479;0;6,843;0;-20,971;3,974;2,87;12,362;0;33,92426667
35;Portugal;06-10-1985;198510;35313;Social Democratic Party;PSD;60;1,260940589;1,260940589;20;246;30,586;88;250;92;1,087;0;0;0;0;0;18,478;0;6,522;3,261;0;0;9,783;0;0;1,087;2,174;2,174;6,522;0;2,174;0;26,087;0;10,87;8,696;0;33,92426667
35;Portugal;19-07-1987;198707;35313;Social Democratic Party;PSD;60;1,260940589;1,260940589;20;246;51,287;148;250;136;1,471;0,735;0;1,471;0;0;0,735;0;8,824;2,941;0,735;0;1,471;0;0;0;0;5,882;8,088;0;5,882;0;25,735;1,471;3,676;13,971;0;33,92426667
35;Portugal;06-10-1991;199110;35313;Social Democratic Party;PSD;60;1,363456084;1,26;20;226;50,993;132;226;1003;2,393;3,39;0,399;0,897;0;0;4,088;0;3,39;8,873;0,199;0;1,296;0;0;7,876;6,879;5,085;10,768;0;3,39;0;-8,774;3,988;3,29;15,852;0,1;33,92426667
35;Portugal;01-10-1995;199510;35313;Social Democratic Party;PSD;60;1,363456084;1,363456084;20;226;34,784;88;230;1393;2,154;3,159;0;0,215;0,072;0,144;6,03;0;5,671;11,271;0,072;0;3,446;0;0;4,523;5,815;3,087;9,476;0;3,302;0;-4,164;3,23;5,528;12,563;0,359;33,92426667
35;Portugal;10-10-1999;199910;35313;Social Democratic Party;PSD;60;1,363456084;1,363456084;20;226;32,627;81;230;770;3,247;1,429;0;0;0,13;0;2,078;0;0,779;9,61;0;0;4,026;0;0;3,766;6,494;5,195;12,597;0;4,026;0;-0,909;1,429;6,364;17,792;0,519;33,92426667
35;Portugal;17-03-2002;200203;35313;Social Democratic Party;PSD;60;1,363456084;1,363456084;20;226;41,014;105;230;3032;2,836;3,397;0,396;0;0,099;0;0,726;0;4,156;9,598;0;0;1,616;0;0,462;4,321;5,442;4,189;3,199;0;5,079;0;1,154;3,793;3,628;7,388;0,066;33,92426667
35;Portugal;20-02-2005;200502;35313;Social Democratic Party;PSD;60;1,363456084;1,363456084;20;226;29,638;75;230;3524;3,263;4,228;1,192;0,199;0,085;0;0,114;0;4,852;12,089;0;0;3,093;0;0,568;13,28;3,377;3,661;2,866;0,341;3,121;0;2,015;5,42;5,619;6,527;0,085;33,92426667
35;Portugal;27-09-2009;200909;35313;Social Democratic Party;PSD;60;1,363456084;1,363456084;20;226;30,05;81;230;887;3,16;3,16;0,56;0;0;0;0,79;0,34;2,71;6,54;0;0;5,07;0;0,23;6,88;4,4;4,74;6,31;1,92;6,99;0;6,54;3,72;5,75;11,05;0;33,92426667
35;Portugal;05-06-2011;201106;35313;Social Democratic Party;PSD;60;1,363456084;1,363456084;20;226;40,306;108;230;2693;10,917;4,567;0,149;0,149;0;0;0,743;0,149;9,989;4,122;0,037;0,223;9,061;0;0,371;2,525;2,971;3,193;5,681;2,005;6,313;0,334;12,811;4,753;11,846;8,875;0;33,92426667
35;Portugal;06-10-2019;201910;35313;Social Democratic Party;PSD;60;1,363456084;1,363456084;20;226;29,18;79;230;1827;4,817;1,04;0,164;0,274;0;0;0,274;0,055;2,518;12,37;0,274;0;2,244;0;6,842;5,036;4,543;8,374;6,897;1,423;6,897;0;-4,598;1,478;2,299;15,271;0;33,92426667
41;Germany;03-10-1976;197610;41320;Social Democratic Party of Germany;SPD;30;5;5;;;42,565;214;496;202;0,495;0,99;0;0;0;0;1,98;0;6,436;9,901;0;0;1,485;0;0;1,98;1,98;3,465;15,842;0,99;7,921;0;-20,792;0,99;2,97;19,307;2,97;35,479
41;Germany;05-10-1980;198010;41320;Social Democratic Party of Germany;SPD;30;5;5;;;42,86;218;497;285;1,053;2,105;0;0;0;0,702;0,702;0,351;2,105;13,333;0;0;1,404;0;0;1,404;3,86;5,263;11,93;0,702;3,158;0;-20,351;2,105;1,754;17,193;7,368;35,479
41;Germany;06-03-1983;198303;41320;Social Democratic Party of Germany;SPD;30;5;5;;;38,176;193;498;237;3,376;0,844;0;0,422;0,422;0,422;1,266;0,422;2,954;12,658;0;0;0,422;0;0;9,283;1,688;6,751;4,219;0,422;2,11;0;-7,173;0,844;1,688;10,97;8,439;35,479
41;Germany;25-01-1987;198701;41320;Social Democratic Party of Germany;SPD;30;5;5;;;37,039;186;497;281;2,135;1,779;0;0,356;0;0;0,356;0,712;3,915;10,32;0;0;3,559;0;0;8,185;2,135;9,253;9,253;0;2,135;0;-13,879;1,779;3,915;18,505;8,897;35,479
41;Germany;02-12-1990;199012;41320;Social Democratic Party of Germany;SPD;30;5;5;;;33,46;239;662;263;2,662;4,943;0;0,38;0;0;2,281;0;0;6,844;0;0;0;0;0;22,814;0,38;5,703;4,943;0;0,76;0;-31,179;4,943;0;10,646;7,224;35,479
41;Germany;16-10-1994;199410;41320;Social Democratic Party of Germany;SPD;30;5;5;;;36,387;252;672;303;2,64;4,62;0;0;0;0,33;3,96;0;0;9,901;0;0;0,66;0;0;15,512;2,64;6,601;11,221;0;0,99;0;-18,152;4,62;0,66;17,822;0,99;35,479
41;Germany;27-09-1998;199809;41320;Social Democratic Party of Germany;SPD;30;5;5;;;40,929;298;669;998;4,91;2,906;1,202;1,102;0;0,1;5,511;0,401;3,206;6,413;0;0;1,804;0;1,503;3,006;3,206;5,711;7,214;2,705;3,407;0;-1,603;4,108;3,006;12,926;1,202;35,479
41;Germany;22-09-2002;200209;41320;Social Democratic Party of Germany;SPD;30;5;5;;;38,521;251;603;1610;2,484;3,54;1,056;0,745;0,124;0,497;3,106;0,186;0,745;10,062;0,124;0,124;1,304;0;1,118;1,615;2,547;4,286;4,783;0,683;4,41;0;4,099;4,72;1,429;9,068;1,366;35,479
41;Germany;18-09-2005;200509;41320;Social Democratic Party of Germany;SPD;30;5;5;;;34,247;222;614;882;1,814;3,855;1,361;1,587;0;0;3,741;0;3,401;7,71;0,113;0;2,948;0;0;4,308;2,948;11,111;2,381;0,34;4,082;0;-2,154;5,329;3,855;13,492;2,834;35,479
41;Germany;27-09-2009;200909;41320;Social Democratic Party of Germany;SPD;30;5;5;;;23,035;146;622;2208;0,589;9,239;0,725;0,589;0;0,136;4,937;0,181;0,634;7,156;0,272;0,543;0,543;0;0,181;5,254;2,627;13,27;2,717;0,045;5,072;0;-18,297;10,236;1,313;15,987;1,857;35,479
41;Germany;22-09-2013;201309;41320;Social Democratic Party of Germany;SPD;30;5;5;;;25,7;193;631;2898;2,968;7,867;0,104;0,242;0,035;0;0,863;0,483;1,173;7,453;1,035;0,656;1,07;0;1,035;4,348;1,863;9,351;10,041;0,242;4,796;0;-23,568;9,006;1,863;19,393;1,484;35,479
41;Germany;24-09-2017;201709;41320;Social Democratic Party of Germany;SPD;30;5;5;;;20,508;153;709;2643;2,762;3,594;0,038;1,854;0,038;0;0;0,227;2,119;7,264;5,411;0,114;0,341;0;2,913;2,951;3,14;9,308;7,227;0;5,562;0;-21,453;9,043;0,53;16,534;2,686;35,479
41;Germany;26-09-2021;202109;41320;Social Democratic Party of Germany;SPD;30;5;5;;;25,7;206;736;1682;1,605;4,221;0,357;0,297;0,119;0;0,297;0,951;0,416;6,897;0,773;0,476;0;0;5,351;3,448;2,259;10,285;12,128;0;3,21;0;-24,673;5,351;0,119;22,414;2,081;35,479
41;Germany;03-10-1976;197610;41521;Christian Democratic Union/Christian Social Union;CDU/CSU;50;5;5;;;48,635;243;496;179;1,676;3,352;0;0;0;0,559;2,235;0;3,911;7,821;0;0;5,587;0;0;2,235;1,676;6,145;5,587;0,559;4,469;0;14,525;3,352;7,263;11,732;2,235;40,97011765
41;Germany;05-10-1980;198010;41521;Christian Democratic Union/Christian Social Union;CDU/CSU;50;5;5;;;44,539;226;497;264;1,894;1,136;0;0;0;0;1,136;0;3,03;8,333;0;0;7,197;0;0;0,758;4,167;4,545;7,197;0;2,652;0;21,212;1,136;9,848;11,742;6,818;40,97011765
41;Germany;06-03-1983;198303;41521;Christian Democratic Union/Christian Social Union;CDU/CSU;50;5;5;;;48,788;244;498;137;4,38;0,73;0;0;0;0;1,46;0;4,38;4,38;0;0;12,409;0;0;4,38;0;4,38;5,839;1,46;0;0;29,927;0,73;16,788;10,219;5,839;40,97011765
41;Germany;25-01-1987;198701;41521;Christian Democratic Union/Christian Social Union;CDU/CSU;50;5;5;;;44,264;223;497;273;1,099;1,099;0;0;0;0;0,366;0;2,198;8,791;0;0;4,029;0;0;9,158;1,099;4,029;8,059;0;1,465;0;9,89;1,099;4,029;12,088;1,832;40,97011765
41;Germany;02-12-1990;199012;41521;Christian Democratic Union/Christian Social Union;CDU/CSU;50;5;5;;;43,821;319;662;152;0,658;3,947;0;0;0;0;0;0;0;13,158;0;0;0;0;0;13,158;1,974;0,658;11,184;0;1,974;0;-9,868;3,947;1,316;11,842;2,632;40,97011765
41;Germany;16-10-1994;199410;41521;Christian Democratic Union/Christian Social Union;CDU/CSU;50;5;5;;;41,44;294;672;276;7,609;5,797;0;0;0;0;2,899;0;1,087;9,42;0;0;0,725;0;0;7,246;0;1,087;1,812;1,087;1,087;0,362;26,812;5,797;2,174;2,899;0;40,97011765
41;Germany;27-09-1998;199809;41521;Christian Democratic Union/Christian Social Union;CDU/CSU;50;5;5;;;35,145;245;669;567;3,88;0,705;0,353;0,353;0,353;0;4,233;0;7,407;6,702;0;0;1,587;0;0,529;2,293;0,705;1,058;4,586;1,94;1,058;0;24,868;1,058;4,938;5,644;0,353;40,97011765
41;Germany;22-09-2002;200209;41521;Christian Democratic Union/Christian Social Union;CDU/CSU;50;5;5;;;38,5;248;603;1315;3,65;3,042;0,608;0,152;0;0,076;1,825;0;0,989;6,92;0;0,076;1,673;0;0,228;3,422;1,065;3,118;4,563;1,749;2,89;0;20,76;3,65;3,118;7,681;0,228;40,97011765
41;Germany;18-09-2005;200509;41521;Christian Democratic Union/Christian Social Union;CDU/CSU;50;5;5;;;35,17;226;614;777;2,96;3,475;0,257;0,644;0;0;6,049;0;1,931;5,534;0;0;5,277;0;0,129;2,96;1,03;3,475;1,802;0,257;0,901;0;25,611;3,732;11,068;5,277;0,257;40,97011765
41;Germany;27-09-2009;200909;41521;Christian Democratic Union/Christian Social Union;CDU/CSU;50;5;5;;;33,8;239;622;2006;1,346;6,979;0,1;0,15;0;0,299;5,135;0;0,897;9,97;0,05;0,15;2,443;0;0,05;5,833;3,44;4,935;1,795;0,05;3,041;0;8,724;7,129;5,583;6,73;0,698;40,97011765
41;Germany;22-09-2013;201309;41521;Christian Democratic Union/Christian Social Union;CDU/CSU;50;5;5;;;41,5;311;631;2574;4,429;4,623;0,35;0,777;0;0,583;0,622;0,544;0,622;12,005;0,233;0,155;1,865;0;1,904;4,856;3,924;2,681;4,817;0,738;5,284;0,194;2,564;5,206;3,846;7,498;0,66;40,97011765
41;Germany;24-09-2017;201709;41521;Christian Democratic Union/Christian Social Union;CDU/CSU;50;5;5;;;32,925;246;709;1342;4,247;5,216;0,224;0,745;0,224;0,149;0;1,49;3,279;9,762;1,639;0;1,416;0;3,875;3,428;2,534;3,651;6,185;0,075;2,608;0;2,757;7,079;2,31;9,836;0,373;40,97011765
41;Germany;26-09-2021;202109;41521;Christian Democratic Union/Christian Social Union;CDU/CSU;50;5;5;;;24,1;197;736;2775;4,468;4,973;0,108;0,541;0,036;0,324;0,468;0,072;1,586;11,099;0;0;1,333;0;4,144;4,252;1,117;3,495;7,207;0,396;1,802;0;3,495;5,081;3,063;10,703;0,468;40,97011765
42;Austria;05-10-1975;197510;42320;Austrian Social Democratic Party;SPÖ;30;1,171875;1,171875;9;183;50,422;93;183;293;0;0,7;5,5;0;0;0;3,8;0;0,3;15,7;0,3;0;1;0;0;6,1;3,4;12;7,2;0;3,1;0;-18,9;6,5;2;19,2;3,4;39,00894444
42;Austria;06-05-1979;197905;42320;Austrian Social Democratic Party;SPÖ;30;1,171875;1,171875;9;183;51,028;95;183;541;2;0;2,6;0;0;0;2,8;0;1,7;15,5;0;0,7;1,7;0;0;4,8;0,7;5,4;7,6;0,4;5,6;0;-5,7;2,6;2,6;13;0,5;39,00894444
42;Austria;24-04-1983;198304;42320;Austrian Social Democratic Party;SPÖ;30;1,171875;1,171875;9;183;47,647;90;183;692;1,2;3,8;0;0;0;0;4,6;4,5;0,9;4,8;0,6;0;2,3;0;0;9,3;3,3;7,7;11;0;9;0;-21,2;4,4;2,5;18,7;3,6;39,00894444
42;Austria;23-11-1986;198611;42320;Austrian Social Democratic Party;SPÖ;30;1,171875;1,171875;9;183;43,115;80;183;374;0,8;0,3;0;0;0;0;3,2;3,5;2,1;8,3;0;3,7;1,6;0;0;9,9;4,8;6,2;7,8;0;2,7;0;-7,1;0,3;3,2;14;1,1;39,00894444
42;Austria;07-10-1990;199010;42320;Austrian Social Democratic Party;SPÖ;30;1,171875;1,171875;9;183;42,781;80;183;708;1;0,9;0;0;0;0,1;1,7;1,4;0,3;4,1;0,4;0,6;0,4;0;0;17,8;5,2;6,9;6,5;0;4,5;0;-7,6;1,3;1,4;13,4;0,9;39,00894444
42;Austria;09-10-1994;199410;42320;Austrian Social Democratic Party;SPÖ;30;4;1,171875;9;183;34,918;65;183;606;0,825;0,99;0;0,165;0,165;0,825;5,281;0;2,31;7,096;0;0,33;0,495;0;0;7,756;4,455;6,601;6,766;0;10,726;0;-11,056;0,99;0,66;13,366;0,495;39,00894444
42;Austria;17-12-1995;199512;42320;Austrian Social Democratic Party;SPÖ;30;4;4;9;183;38,059;71;183;259;0;0,386;0;0;0;0;2,317;0;1,544;4,633;0;0;1,931;0;0;1,931;0;17,761;3,861;1,931;2,317;0;20,849;0,386;3,861;21,622;1,931;39,00894444
42;Austria;03-10-1999;199910;42320;Austrian Social Democratic Party;SPÖ;30;4;4;9;183;33,2;65;183;899;1,78;2,113;0;0,111;0;0;0;0;0,445;12,013;1,557;0,222;1,224;0;0;3,56;3,56;11,123;4,449;0;5,228;0;-13,348;3,671;3,671;15,573;0,334;39,00894444
42;Austria;24-11-2002;200211;42320;Austrian Social Democratic Party;SPÖ;30;4;4;9;183;36,51;69;183;1151;2,085;1,043;0;0;0;0;0,348;0;0,869;9,644;2,606;0,434;1,216;0;0,087;4,257;3,823;11,468;7,124;0;6,169;0;-21,199;3,649;2,78;18,593;0,348;39,00894444
42;Austria;01-10-2006;200610;42320;Austrian Social Democratic Party;SPÖ;30;4;4;9;183;35,34;68;183;721;1,248;3,606;0;0;0;0;0,416;0;1,248;6,796;2,219;0,693;0;0;0,832;4,022;4,438;14,424;5,27;0,139;7,212;0;-15,118;5,825;1,248;19,695;0,416;39,00894444
42;Austria;28-09-2008;200809;42320;Austrian Social Democratic Party;SPÖ;30;4;4;9;183;29,26;57;183;1203;2,161;2,161;0,083;0,166;0,083;0;0,748;0,249;0,914;5,819;1,912;0,249;0;0;1,081;4,156;5,985;16,625;5,653;0;4,821;0;-17,872;4,156;1,081;22,278;0,998;39,00894444
42;Austria;29-09-2013;201309;42320;Austrian Social Democratic Party;SPÖ;30;4;4;9;183;26,819;52;183;725;1,931;5,655;0;0;0,138;0;0;0,552;1,931;9,655;0,276;1,931;0,138;0;0,276;1,655;6,759;12,276;12,552;0;10,897;0;-38,483;5,931;0,552;24,828;1,103;39,00894444
42;Austria;15-10-2017;201710;42320;Austrian Social Democratic Party;SPÖ;30;4;4;9;183;26,859;52;183;2724;4,479;5,103;0;0,11;1,872;0,11;0,844;0,33;3,781;9,655;1,468;0,33;0;0;2,974;1,799;2,239;12,812;8,627;0,11;7,305;0;-21,916;6,571;0,147;21,439;0,073;39,00894444
42;Austria;29-09-2019;201909;42320;Austrian Social Democratic Party;SPÖ;30;4;4;9;183;21,181;40;183;1910;0,419;4,974;0;0,052;1,623;0;0,052;0,209;0,733;4,555;0,89;0,524;0,105;0;5,55;4,503;3,665;15,079;13,874;0;8,377;0;-39,424;5,864;0,105;28,953;0,262;39,00894444
42;Austria;05-10-1975;197510;42420;Austrian Freedom Party;FPÖ;70;1,171875;1,171875;9;183;5,407;10;183;109;3,7;0,9;0;0;0;0;3,7;0;0;2,8;0;0;5,5;0;0;8,3;2,8;4,6;20,2;0;0;0;-11,9;0,9;9,2;24,8;0;13,26216667
42;Austria;06-05-1979;197905;42420;Austrian Freedom Party;FPÖ;70;1,171875;1,171875;9;183;6,063;11;183;175;2,9;0;1,1;0;0;0;1,7;0;0;5,1;0;0;1,7;0;0;9,1;1,1;6,9;5,1;0;4;0;-3,5;1,1;7,4;12;1,2;13,26216667
42;Austria;24-04-1983;198304;42420;Austrian Freedom Party;FPÖ;70;1,171875;1,171875;9;183;4,982;12;183;430;5,1;2,3;0;0;0;0;1,2;0;2,6;3;0;0;0,9;0;0;7;3,7;3,7;4,4;0,2;6,7;0;15,1;2,3;7,6;8,1;0,2;13,26216667
42;Austria;23-11-1986;198611;42420;Austrian Freedom Party;FPÖ;70;1,171875;1,171875;9;183;9,732;18;183;174;1,7;0;0;0;0;0;1,7;0;0;2,3;0;0;0;0;0;10,9;0;3,5;3,5;0;0,6;0;-5,9;0;13,2;7;2,9;13,26216667
42;Austria;07-10-1990;199010;42420;Austrian Freedom Party;FPÖ;70;1,171875;1,171875;9;183;16,635;33;183;690;2,8;3;0,9;0;0;0;2;0;0;4,8;0,3;0;0,3;0;0;6,2;0;1,3;1,6;2,8;2,3;0;14,9;4,2;7,6;2,9;0,4;13,26216667
42;Austria;09-10-1994;199410;42420;Austrian Freedom Party;FPÖ;70;4;1,171875;9;183;22,497;42;183;791;1,011;0,126;0;0;0;0;0,759;0;0,253;0,253;0,126;0;0,506;0;0;2,655;0,379;3,287;0;1,264;0,379;0;47,788;0,253;4,93;3,287;0;13,26216667
42;Austria;17-12-1995;199512;42420;Freedom Movement;;70;4;4;9;183;21,885;40;183;149;8,725;0;0;0;0;0;2,013;0;2,013;0,671;0;0;3,356;0;0;2,685;0;6,04;1,342;2,685;0;0;55,705;0;12,752;7,383;0;13,26216667
42;Austria;03-10-1999;199910;42420;Austrian Freedom Party;FPÖ;70;4;4;9;183;26,91;52;183;832;0,841;2,524;0;0;0,12;0;0,361;0;0;4,087;0;0;0,601;0;0;6,01;5,168;1,803;2,284;0,841;4,688;0;24,639;2,524;4,327;4,087;0,601;13,26216667
42;Austria;24-11-2002;200211;42420;Austrian Freedom Party;FPÖ;70;4;4;9;183;10,01;18;183;2668;3,073;3,298;0;0;0;0;0,037;0,037;0,075;8,621;2,399;0;1,499;0;0,075;3,148;2,886;6,672;6,672;0,45;7,309;0,187;-18,028;5,697;4,273;13,343;0,075;13,26216667
42;Austria;01-10-2006;200610;42420;Austrian Freedom Party;FPÖ;70;4;4;9;183;11,04;21;183;325;7,077;0;0;0;0;0;0,308;0;0,308;0,615;2,462;2,154;0;0;0,923;15,077;2,154;4,308;7,385;0,923;5,231;0;-4,308;2,462;0;11,692;0,308;13,26216667
42;Austria;28-09-2008;200809;42420;Austrian Freedom Party;FPÖ;70;4;4;9;183;17,54;34;183;462;2,381;1,299;0,433;0;0;0;0,649;0,433;0,216;1,948;3,896;0;0;0;0;4,329;3,03;10,823;7,143;0,216;3,463;0;-1,299;5,628;1,515;17,965;0,433;13,26216667
42;Austria;29-09-2013;201309;42420;Austrian Freedom Party;FPÖ;70;4;4;9;183;20,506;40;183;115;2,609;2,609;0;0;0;0;0;0;0;0;0,87;0;0,87;0;0;0;0;6,087;10,435;4,348;3,478;0;12,174;3,478;0,87;16,522;0;13,26216667
42;Austria;15-10-2017;201710;42420;Austrian Freedom Party;FPÖ;70;4;4;9;183;25,966;51;183;452;2,876;1,106;0;0;0;0;0;0,221;0,442;4,867;1,991;0,442;1,106;0;1,327;5,973;2,655;5,752;5,531;2,434;4,425;1,549;9,292;3,097;1,327;11,283;0;13,26216667
42;Austria;29-09-2019;201909;42420;Austrian Freedom Party;FPÖ;70;4;4;9;183;16,174;31;183;222;1,351;4,955;0;0,45;0;0;0;0;0,45;6,306;0,45;0,901;0,45;0;2,703;10,811;0;2,252;5,405;2,252;0,45;0;2,703;5,405;0,45;7,658;0;13,26216667
42;Austria;05-10-1975;197510;42520;Austrian People’s Party;ÖVP;50;1,171875;1,171875;9;183;42,946;80;183;316;4,8;0;1,3;0;0;0;5,1;0;0,3;5,1;0;0;9,2;0;0;1;4,1;3,5;6;0;6,3;0;3,1;1,3;15,2;9,5;1,9;36,74533333
42;Austria;06-05-1979;197905;42520;Austrian People’s Party;ÖVP;50;1,171875;1,171875;9;183;41,904;77;183;140;4,3;0;0;0;0;0;9,3;0;5;1,4;0;0;1,4;0;0;2,9;1,4;5,7;12,1;0;9,3;0;-17,1;0;10;17,8;0;36,74533333
42;Austria;24-04-1983;198304;42520;Austrian People’s Party;ÖVP;50;1,171875;1,171875;9;183;43,223;81;183;182;4,4;3,9;0;0;0;0;0;0,6;4,4;4,9;0;0;2,2;0;0;6,6;1,1;4,9;1,7;1,1;2,2;0;1;3,9;8,2;6,6;1,7;36,74533333
42;Austria;23-11-1986;198611;42520;Austrian People’s Party;ÖVP;50;1,171875;1,171875;9;183;41,294;77;183;120;0;1,7;0;0;0;0;3,3;0;0,8;5,8;0;0;5;0;0;6,7;0;5;0;0;0;0;29,1;1,7;24,2;5;0;36,74533333
42;Austria;07-10-1990;199010;42520;Austrian People’s Party;ÖVP;50;1,171875;1,171875;9;183;32,064;60;183;450;1,6;1,1;0;0;0;0;3,3;0;0,7;6;0;0;0,7;0;0;14,2;0,9;3,1;4,4;0;5,8;0;4,8;1,1;9,8;7,5;0,7;36,74533333
42;Austria;09-10-1994;199410;42520;Austrian People’s Party;ÖVP;50;4;1,171875;9;183;27,667;52;183;1098;3,734;1,913;0,455;0,091;0,182;0,911;5,647;0;1,457;5,464;0;0;2,641;0;0;7,468;0,638;1,184;2,823;0,729;3,097;0;24,59;2,368;12,022;4,007;0,82;36,74533333
42;Austria;17-12-1995;199512;42520;Austrian People’s Party;ÖVP;50;4;4;9;183;28,291;53;183;240;10,833;1,25;0;0;0;0;6,667;0;9,583;6,667;0;0;12,083;0;0;0,833;0;0,833;6,25;2,5;0;0;40,417;1,25;26,25;7,083;0;36,74533333
42;Austria;03-10-1999;199910;42520;Austrian People’s Party;ÖVP;50;4;4;9;183;26,91;52;183;2741;0,328;0,949;0;0,109;0;0;0,073;0,036;0,292;11,383;2,517;0;0,401;0;0,328;1,605;0,839;4,05;4,925;0,255;11,164;0;-3,612;3,466;7,698;8,975;1,204;36,74533333
42;Austria;24-11-2002;200211;42520;Austrian People’s Party;ÖVP;50;4;4;9;183;42,3;79;183;2165;1,155;2,032;0;0,185;0;0;0;0;0,092;10,254;2,587;0,092;0,924;0;1,432;3,51;5,266;4,711;6,651;0,046;5,266;0,046;-15,704;4,619;5,173;11,363;0,277;36,74533333
42;Austria;01-10-2006;200610;42520;Austrian People’s Party;ÖVP;50;4;4;9;183;34,33;66;183;2060;1,505;1,748;0;0,097;0;0;0;0;1,019;7,33;0,874;0,291;0;0;0,097;5,583;5,583;9,854;3,786;0,049;5,534;0;-2,961;2,621;1,456;13,641;0,485;36,74533333
42;Austria;28-09-2008;200809;42520;Austrian People’s Party;ÖVP;50;4;4;9;183;25,98;51;183;610;2,131;0,984;0;0;0;0;0,656;0;1,148;2,459;0;0;0;0;0,656;0,492;0,164;14,262;11,639;0;3,279;0;-1,148;0,984;1,148;25,902;0;36,74533333
42;Austria;29-09-2013;201309;42520;Austrian People’s Party;ÖVP;50;4;4;9;183;23,991;47;183;1162;4,045;4,217;0;0,086;0;0,086;0,43;0;1,205;6,799;1,119;0,516;1,205;0;3,184;3,442;4,389;5,938;6,282;0,516;5,938;0,43;-5,508;5,336;3,873;12,22;0,516;36,74533333
42;Austria;15-10-2017;201710;42520;Austrian People’s Party;ÖVP;50;4;4;9;183;31,47;62;183;2795;5,975;1,717;0;0,107;0,072;0,572;0;0,179;2,254;7,013;0,107;0;2,576;0;2,111;2,075;3,363;4,723;6,261;4,723;7,549;0,68;10,161;1,825;7,191;10,984;0,215;36,74533333
42;Austria;29-09-2019;201909;42520;Austrian People’s Party;ÖVP;50;4;4;9;183;37,457;71;183;719;3,755;2,364;0;0;2,503;0;0,139;0;0,974;6,259;0;0;1,113;0;1,808;2,921;3,06;5,563;7,371;1,53;4,451;0;2,086;2,364;1,669;12,935;0;36,74533333
43;Switzerland;26-10-1975;197510;43320;Social Democratic Party of Switzerland;SPS/PSS;30;1,666666667;1,666666667;25;200;24,873;55;200;231;0;6,926;0,866;0,433;0,866;0;1,299;2,165;1,732;2,165;7,792;0,866;4,762;0;0;3,03;0;10,823;10,39;0;2,597;0;-29,004;15,584;4,762;21,212;1,299;21,5422
43;Switzerland;21-10-1979;197910;43320;Social Democratic Party of Switzerland;SPS/PSS;30;1,666666667;1,666666667;25;200;24,438;51;200;863;0,695;6,837;0;2,202;0;0;1,854;1,275;0,116;0,695;6,373;0;2,433;0;0;8,459;0,116;10,545;4,519;0;1,275;0;-18,656;13,21;2,665;15,064;3,013;21,5422
43;Switzerland;23-10-1983;198310;43320;Social Democratic Party of Switzerland;SPS/PSS;30;1,692152493;1,66;26;200;22,854;47;200;288;2,431;3,125;0;1,736;0;0;4,167;0,347;0;2,778;11,111;0;1,389;0;0;18,403;0;5,208;6,597;0;1,042;0;-34,028;14,236;1,389;11,806;4,861;21,5422
43;Switzerland;18-10-1987;198710;43320;Social Democratic Party of Switzerland;SPS/PSS;30;1,692152493;1,692152493;26;200;18,417;41;200;864;1,389;7,06;0,347;0;0,231;0;2,662;0,231;0,694;1,736;3,356;0,347;1,505;0;0;13,773;0;6,366;3,819;0,347;1,273;0;-9,606;10,764;2,546;10,185;3,819;21,5422
43;Switzerland;20-10-1991;199110;43320;Social Democratic Party of Switzerland;SPS/PSS;30;1,692152493;1,692152493;26;200;18,491;41;200;163;1,227;4,908;0;0;0;0;3,067;1,227;0;3,681;0;0;0,613;0;0;4,294;0;15,951;6,135;0;0,613;0;-24,54;4,908;0,613;22,086;2,454;21,5422
43;Switzerland;22-10-1995;199510;43320;Social Democratic Party of Switzerland;SPS/PSS;30;1,692152493;1,692152493;26;200;21,908;54;200;245;0;1,633;0;0,816;0;0;6,122;0;0;0,816;0;0;1,633;0;0;12,653;0;18,367;11,02;0;1,633;0;-19,592;1,633;1,633;29,388;3,265;21,5422
43;Switzerland;24-10-1999;199910;43320;Social Democratic Party of Switzerland;SPS/PSS;30;1,692152493;1,692152493;26;200;22,47;51;200;509;0;7,073;0;0,589;0,196;0;0,589;1,375;1,179;4,322;2,947;0;0,786;0;4,912;1,179;2,947;7,662;12,181;0;5,305;0;-31,434;10,02;0,786;19,843;0,982;21,5422
43;Switzerland;19-10-2003;200310;43320;Social Democratic Party of Switzerland;SPS/PSS;30;1,692152493;1,692152493;26;200;23,088;52;200;783;0,766;5,619;0,128;0,128;0,128;0;0,128;0,383;0,511;3,448;0;3,448;0,766;0;0,128;9,323;0,383;6,897;11,622;0;4,47;0;-37,548;5,747;1,277;18,519;2,427;21,5422
43;Switzerland;21-10-2007;200710;43320;Social Democratic Party of Switzerland;SPS/PSS;30;1,692152493;1,692152493;26;200;19,546;43;200;1143;0,087;8,486;0;0;0,175;0,875;0;0,087;3,325;2,8;0;1,4;0,262;0;0;13,473;3,587;12,948;8,049;0;3,675;0;-24,059;8,486;0,262;20,997;2,45;21,5422
43;Switzerland;23-10-2011;201110;43320;Social Democratic Party of Switzerland;SPS/PSS;30;1,692152493;1,692152493;26;200;18,722;46;200;71;0;15,493;0;0;0;0;0;0;0;4,225;8,451;0;0;0;0;5,634;2,817;11,268;28,169;0;14,085;0;-63,38;23,944;0;39,437;0;21,5422
43;Switzerland;18-10-2015;201510;43320;Social Democratic Party of Switzerland;SPS/PSS;30;1,692152493;1,692152493;26;200;18,841;43;200;130;0;3,846;0;0;0;0;0;0;0;5,385;5,385;0;0;0;0;4,615;0;17,692;25,385;0;4,615;0;-46,923;9,231;0;43,077;0;21,5422
43;Switzerland;20-10-2019;201910;43320;Social Democratic Party of Switzerland;SPS/PSS;30;1,692152493;1,692152493;26;200;16,835;39;200;122;0;14,754;0;0;2,459;0;0;0;0;2,459;0;0;0;0;0;18,852;0;16,393;18,033;0;0,82;0;-38,525;14,754;0;34,426;0;21,5422
43;Switzerland;26-10-1975;197510;43420;Radical Democratic Party;FDP/PRD;40;1,666666667;1,666666667;25;200;22,208;47;200;597;4,69;1,675;0;0,503;0,335;0,168;1,005;0,67;1,508;8,375;1,005;0;3,183;0;0;6,7;4,02;2,513;3,183;0,503;3,518;0,168;14,238;2,68;7,37;5,695;0,503;20,11133333
43;Switzerland;21-10-1979;197910;43420;Radical Democratic Party;FDP/PRD;40;1,666666667;1,666666667;25;200;24,069;51;200;785;4,841;5,987;1,019;2,675;1,146;0,382;0,127;0,892;0,892;5,35;0,255;0;1,401;0;0;5,35;3,185;3,822;4,459;2,038;2,548;0;10,446;7,261;6,624;8,28;0,255;20,11133333
43;Switzerland;23-10-1983;198310;43420;Radical Democratic Party;FDP/PRD;40;1,692152493;1,66;26;200;23,361;54;200;215;0;5,116;0;0;0;0;0;0;0,465;4,186;0;0;0,93;0;0;0,93;2,326;6,977;0,93;0;0;0;46,047;5,116;8,372;7,907;0;20,11133333
43;Switzerland;18-10-1987;198710;43420;Radical Democratic Party;FDP/PRD;40;1,692152493;1,692152493;26;200;22,933;51;200;1578;2,155;4,309;0,127;1,901;0,634;1,458;0,063;0,38;1,014;8,555;1,648;0;2,345;0;0;9,506;3,105;3,169;1,648;0,253;3,866;0,127;10,837;6,084;8,809;4,816;0,444;20,11133333
43;Switzerland;20-10-1991;199110;43420;Radical Democratic Party;FDP/PRD;40;1,692152493;1,692152493;26;200;20,991;44;200;272;0;2,941;0;0;0;0;1,103;0;0,735;16,176;0;0;2,206;0;0;6,985;1,471;4,412;2,941;0;1,838;0;23,897;2,941;4,779;7,353;0;20,11133333
43;Switzerland;22-10-1995;199510;43420;Radical Democratic Party;FDP/PRD;40;1,692152493;1,692152493;26;200;20,288;45;200;166;0;0;0;0;0;0;1,205;0;0,602;1,205;0;0;4,217;0;0;0;0;3,012;3,614;1,205;3,614;0;32,53;0;6,627;6,627;0;20,11133333
43;Switzerland;24-10-1999;199910;43420;Radical Democratic Party;FDP/PRD;40;1,692152493;1,692152493;26;200;19,92;43;200;375;2,667;1,333;0;0,267;0;0,533;2,667;0;0,267;4;0;0;0,267;0;0,267;1,067;0;1,867;0,8;5,867;4,533;0;33,333;1,333;7,467;2,667;0,267;20,11133333
43;Switzerland;19-10-2003;200310;43420;Radical Democratic Party;FDP/PRD;40;1,692152493;1,692152493;26;200;17,12;36;200;481;1,871;3,534;0;0;0;0,416;0,624;0;1,455;8,108;0;0;3,534;0;0;1,247;0,624;2,495;5,198;1,247;5,198;0,208;15,8;3,534;9,563;7,692;0,624;20,11133333
43;Switzerland;21-10-2007;200710;43420;Radical Democratic Party;FDP/PRD;40;1,692152493;1,692152493;26;200;15,762;31;200;127;3,937;0;0;0;0;0;0;0;3,15;6,299;0;0;0,787;0;0;0,787;0;10,236;1,575;0;3,15;0;32,283;0;4,724;11,811;1,575;20,11133333
43;Switzerland;23-10-2011;201110;43420;FDP.The Liberals;FDP/PLR;40;1,692152493;1,692152493;26;200;15,105;30;200;208;4,327;0,481;0;0;0;0;0;0;6,25;4,808;0;0;3,365;0;0;2,404;0;0,481;12,981;1,923;3,846;0;22,596;0,481;4,327;13,462;0;20,11133333
43;Switzerland;18-10-2015;201510;43420;FDP.The Liberals;FDP/PLR;40;1,692152493;1,692152493;26;200;16,397;33;200;111;0;2,703;0;0;0;0;0;0;9,91;1,802;0;0;0;0;0;4,505;0;0;0;0;2,703;0;6,306;2,703;0,901;0;0,901;20,11133333
43;Switzerland;20-10-2019;201910;43420;FDP.The Liberals;FDP/PLR;40;1,692152493;1,692152493;26;200;15,11;29;200;784;2,934;0;0;0,51;0,255;2,679;0;0;0,255;16,837;2,806;0;1,02;0;4,337;4,209;0;2,041;5,74;4,592;3,061;0,128;15,051;2,806;7,781;7,781;0;20,11133333
43;Switzerland;26-10-1975;197510;43520;Christian Democratic People’s Party of Switzerland;CVP/PDC;50;1,666666667;1,666666667;25;200;21,088;46;200;803;4,981;1,37;1,494;0,623;0,249;0;0;0,125;0;5,23;1,37;0;3,238;0;0;8,842;2,615;4,11;3,861;0,498;6,974;0;4,234;4,234;5,479;7,97;0,996;17,5894
43;Switzerland;21-10-1979;197910;43520;Christian Democratic People’s Party of Switzerland;CVP/PDC;50;1,666666667;1,666666667;25;200;21,507;44;200;746;2,279;6,032;0;1,072;0;0,402;0,134;0,536;1,877;3,351;1,877;0;4,826;0;0;7,105;1,877;3,887;7,775;0,67;4,29;0;-2,413;7,909;6,836;11,662;1,206;17,5894
43;Switzerland;23-10-1983;198310;43520;Christian Democratic People’s Party of Switzerland;CVP/PDC;50;1,692152493;1,66;26;200;20,405;41;200;211;3,318;2,37;0,948;0;0;0,474;0;1,422;1,896;2,844;0,948;0;3,791;0;0;9,479;2,844;6,635;7,109;1,422;2,844;0;1,896;4,265;5,213;13,744;3,318;17,5894
43;Switzerland;18-10-1987;198710;43520;Christian Democratic People’s Party of Switzerland;CVP/PDC;50;1,692152493;1,692152493;26;200;20,025;42;200;676;4,882;1,331;0,148;0,592;1,331;0,296;0;1,775;0,74;8,432;5,03;0;1,183;0;0;18,639;1,775;3,846;2,071;0,592;5,621;0;-0,74;6,509;3,698;5,917;0,592;17,5894
43;Switzerland;20-10-1991;199110;43520;Christian Democratic People’s Party of Switzerland;CVP/PDC;50;1,692152493;1,692152493;26;200;18,199;36;200;306;0;1,307;0;1,307;0;0;1,307;0;1,307;9,804;0;0;1,961;0;0;11,438;0,98;6,209;12,745;0,327;5,229;0;-16,667;1,307;1,961;18,954;1,634;17,5894
43;Switzerland;22-10-1995;199510;43520;Christian Democratic People’s Party of Switzerland;CVP/PDC;50;1,692152493;1,692152493;26;200;16,882;34;200;33;9,091;3,03;0;0;0;0;0;0;0;0;0;0;3,03;0;0;0;0;3,03;18,182;0;0;0;3,03;3,03;6,061;21,212;0;17,5894
43;Switzerland;24-10-1999;199910;43520;Christian Democratic People’s Party of Switzerland;CVP/PDC;50;1,692152493;1,692152493;26;200;15,85;35;200;1186;2,614;0,927;0,084;0;2,698;0;2,361;0;0;1,18;0;0;0;0;3,879;2,108;0,084;2,951;6,324;11,13;4,553;0;13,491;1,012;2,361;9,275;0,084;17,5894
43;Switzerland;19-10-2003;200310;43520;Christian Democratic People’s Party of Switzerland;CVP/PDC;50;1,692152493;1,692152493;26;200;14,235;28;200;153;2,614;6,536;0;0;0;0;0,654;0;0,654;5,882;0;0;0;0;0;0,654;0;2,614;2,614;0;1,961;0;39,216;6,536;5,229;5,229;0;17,5894
43;Switzerland;21-10-2007;200710;43520;Christian Democratic People’s Party of Switzerland;CVP/PDC;50;1,692152493;1,692152493;26;200;14,479;31;200;125;1,6;6,4;0;0;0;0,8;1,6;0;1,6;3,2;0;0;0;0;0;26,4;0;8,8;10,4;2,4;5,6;0;-10,4;6,4;3,2;19,2;0;17,5894
43;Switzerland;23-10-2011;201110;43520;Christian Democratic People’s Party of Switzerland;CVP/PDC;50;1,692152493;1,692152493;26;200;12,304;28;200;148;0,676;6,757;0;0;0;0;0;0;4,73;2,027;0;2,027;3,378;0;0;17,568;0;0;14,865;0;4,73;0;3,378;6,757;3,378;14,865;0;17,5894
43;Switzerland;18-10-2015;201510;43520;Christian Democratic People’s Party of Switzerland;CVP/PDC;50;1,692152493;1,692152493;26;200;11,716;28;200;278;2,878;5,755;0;0;0;0,36;0;0;0,36;7,914;0;0,719;0;0;0;4,317;0;0,719;17,626;2,518;2,518;0;0,36;5,755;0,719;18,345;0;17,5894
43;Switzerland;20-10-2019;201910;43520;Christian Democratic People’s Party of Switzerland;CVP/PDC;50;1,692152493;1,692152493;26;200;11,379;25;200;313;3,195;7,668;0;0;2,875;2,875;0;0;0;5,751;0,319;0;4,473;0;6,709;8,307;0;3,834;13,419;2,875;0;0;-15,655;7,987;6,39;17,252;0;17,5894
43;Switzerland;26-10-1975;197510;43810;Swiss People’s Party;SVP/UDC;70;1,666666667;1,666666667;25;200;9,944;21;200;49;0;0;0;0;0;0;6,122;2,041;2,041;10,204;0;0;0;0;0;2,041;0;4,082;0;0;0;0;32,653;0;4,082;4,082;0;17,54653333
43;Switzerland;21-10-1979;197910;43810;Swiss People’s Party;SVP/UDC;70;1,666666667;1,666666667;25;200;11,603;23;200;306;4,902;3,268;0,654;0,98;0,654;0;2,941;0;0,327;1,961;1,634;0;2,288;0;0;10,784;1,634;3,595;1,307;0,327;6,863;0;3,595;5,556;4,575;4,902;0;17,54653333
43;Switzerland;23-10-1983;198310;43810;Swiss People’s Party;SVP/UDC;70;1,692152493;1,66;26;200;11,083;23;200;607;2,142;4,283;0;0,494;0,824;1,647;3,789;0;0,165;4,613;1,977;0;4,942;0;0;6,919;5,601;1,812;2,142;1,812;5,107;0;2,801;6,26;8,567;3,954;0,329;17,54653333
43;Switzerland;18-10-1987;198710;43810;Swiss People’s Party;SVP/UDC;70;1,692152493;1,692152493;26;200;11,024;25;200;725;1,655;4,828;0,69;0,552;0,69;1,379;4,69;0;0,414;8,966;2,621;0;2,345;0;0;12,276;5,655;1,931;3,034;0,828;5,241;0;-5,517;8,138;5,655;4,966;0,69;17,54653333
43;Switzerland;20-10-1991;199110;43810;Swiss People’s Party;SVP/UDC;70;1,692152493;1,692152493;26;200;11,9;25;200;231;0;6,061;0;0,433;0,433;0,433;1,299;0;0,433;4,762;0;0;5,195;0;0;3,896;5,628;4,762;7,792;0,433;6,926;0;-6,061;6,061;9,091;12,554;0,433;17,54653333
43;Switzerland;22-10-1995;199510;43810;Swiss People’s Party;SVP/UDC;70;1,692152493;1,692152493;26;200;14,979;29;200;434;2,074;1,382;0;0,23;0,23;0;0,922;0;0,23;1,843;0;0;11,521;0;0;5,069;0,23;4,839;5,76;1,152;5,53;0,461;23,272;1,382;16,82;10,599;0;17,54653333
43;Switzerland;24-10-1999;199910;43810;Swiss People’s Party;SVP/UDC;70;1,692152493;1,692152493;26;200;22,54;44;200;878;5,125;1,025;0;0,114;0;0;2,847;0;0,683;11,731;0;0;0,797;0;0,456;1,708;7,517;1,936;4,442;5,695;3,075;0;26,651;1,025;6,264;6,378;0,456;17,54653333
43;Switzerland;19-10-2003;200310;43810;Swiss People’s Party;SVP/UDC;70;1,692152493;1,692152493;26;200;26,45;55;200;1370;2,336;2,044;0;0;0,365;0,365;0,219;0,073;0,365;9,708;0;0;13,139;0,073;0;0,438;1,241;0,511;1,825;2,263;2,117;0,219;41,168;2,044;20,073;2,336;0,292;17,54653333
43;Switzerland;21-10-2007;200710;43810;Swiss People’s Party;SVP/UDC;70;1,692152493;1,692152493;26;200;28,897;62;200;1060;2,547;0;0;0;0;0;0,189;0;2,547;3,585;0;0;5,094;0;0;1,792;2,736;1,226;2,925;7,547;3,491;0;43,113;0;10,472;4,151;0;17,54653333
43;Switzerland;23-10-2011;201110;43810;Swiss People’s Party;SVP/UDC;70;1,692152493;1,692152493;26;200;26,556;54;200;120;0;0;0;0;0;0;0;0;0,833;0;0;0;0,833;0;0;0;0;0;0;0;0;0;0,833;0;1,667;0;0;17,54653333
43;Switzerland;18-10-2015;201510;43810;Swiss People’s Party;SVP/UDC;70;1,692152493;1,692152493;26;200;29,386;65;200;1329;1,43;4,816;0;0;0;0,677;0;0;0,15;7,299;0,075;0;0,527;0;0,451;1,354;2,558;0,527;1,279;4,966;1,505;0;35,214;4,891;10,534;1,806;0,15;17,54653333
43;Switzerland;20-10-2019;201910;43810;Swiss People’s Party;SVP/UDC;70;1,692152493;1,692152493;26;200;25,589;53;200;1428;2,381;3,852;0;0;0,42;0,98;0;0;0;6,092;0;0;1,541;0;3,291;1,681;1,401;0,91;1,471;8,123;2,101;0,84;41,036;3,852;11,695;2,381;0,56;17,54653333
53;Ireland;16-06-1977;197706;53320;Labour Party;Labour;30;2,31;2,558187118;42;148;11,629;17;148;325;7,7;0,9;5,2;0;2,2;0;0,9;0;11,1;2,8;2,2;0;0,6;0;0;1,2;2,8;0,6;15,1;0;6,1;0;-16;8,3;2,8;15,7;1,8;11,45208761
53;Ireland;11-06-1981;198106;53320;Labour Party;Labour;30;2,31997255;2,31997255;41;166;9,893;15;166;105;1,9;1;4,8;0;1;0;1;0;5,7;4,8;4,8;2,9;3,8;0;0;1,9;1,9;13,3;4,8;0;1,9;0;-8,7;10,6;5,7;18,1;3,8;11,45208761
53;Ireland;18-02-1982;198202;53320;Labour Party;Labour;30;2,31997255;2,31997255;41;166;9,121;15;166;29;3,448;0;3,448;0;0;0;0;0;0;0;0;0;10,345;0;0;0;0;20,69;17,241;0;3,448;0;-20,69;3,448;10,345;37,931;0;11,45208761
53;Ireland;24-11-1982;198211;53320;Labour Party;Labour;30;2,31997255;2,31997255;41;166;9,363;16;166;190;0;2,105;0;0;0;0;0;0;0;5,789;0;0;0;0;0;0;0,526;16,842;22,105;0;6,842;0;-40;2,105;0;38,947;1,053;11,45208761
53;Ireland;17-02-1987;198702;53320;Labour Party;Labour;30;2,31997255;2,31997255;41;166;6,446;12;166;291;5,155;7,216;0,344;0,344;1,031;0;2,749;0;4,467;1,718;0;4,811;0;0;0;2,062;2,062;18,557;13,058;0;2,062;0;-21,306;7,56;0;31,615;1,031;11,45208761
53;Ireland;15-06-1989;198906;53320;Labour Party;Labour;30;2,31997255;2,31997255;41;166;9,475;15;166;181;3,867;2,762;3,867;0,552;0;0;0;3,315;3,867;0;0;1,105;0;0;0;1,105;0;16,022;14,365;0;3,867;0;-29,282;6,63;0;30,387;0;11,45208761
53;Ireland;25-11-1992;199211;53320;Labour Party;Labour;30;2,31997255;2,31997255;41;166;19,307;33;166;781;3,969;4,738;1,408;2,305;0;0,64;0,64;0;1,536;4,353;2,561;4,738;3,585;0;0;2,177;3,329;10,883;11,396;0,128;3,329;0;-14,597;8,707;3,969;22,279;0;11,45208761
53;Ireland;06-06-1997;199706;53320;Labour Party;Labour;30;2,31997255;2,31997255;41;166;10,399;17;166;1950;1,333;3,385;1,333;1,128;0;0,103;0,41;0;3,949;3,692;0,308;0,615;1,282;0;1,179;6,103;2,205;16,41;2,872;0,41;4,513;0;-5,949;5,026;3,026;19,282;1,692;11,45208761
53;Ireland;17-05-2002;200205;53320;Labour Party;Labour;30;2,33680554;2,31;42;166;10,772;21;166;1310;0,305;2,748;2,748;0,153;0;0,076;0;0;2,977;5,725;2,214;2,519;1,221;0;0,076;6,87;4,885;8,015;10,611;0;3,053;0;-22,29;7,71;1,221;18,626;1,679;11,45208761
53;Ireland;24-05-2007;200705;53320;Labour Party;Labour;30;2,353147796;2,33;43;166;10,126;20;166;2235;1,387;2,148;0;0,403;0,224;0,045;0,403;0;0,94;7,964;0,313;0,447;0,805;0;4,877;3,714;5,011;5,414;12,349;0;5,638;0;-18,837;2,461;1,119;17,763;1,387;11,45208761
53;Ireland;25-02-2011;201102;53320;Labour Party;Labour;30;2,353147796;2,353147796;43;166;19,447;37;166;1435;2,091;2,578;1,533;1,185;0,07;2,369;1,882;0,348;3,136;8,641;1,951;1,951;1,603;0;1,463;4,181;3,275;4,181;8,223;1,324;5,157;0;-10,592;6,063;2,648;12,404;0,488;11,45208761
53;Ireland;26-02-2016;201602;53320;Labour Party;Labour;30;2,353147796;2,353147796;43;166;6,606;7;158;1604;3,18;2,681;0,125;0,062;0;0;0;0;3,491;5,299;1,185;0,374;2,681;0;0;4,925;2,993;2,93;20,636;0,125;9,601;0;-27,805;3,99;3,429;23,566;0;11,45208761
53;Ireland;08-02-2020;202002;53320;Labour Party;Labour;30;2,353147796;2,353147796;43;166;4,377489422;6;160;837;2,509;4,898;0,956;0,239;0;0;0;0,358;0,836;4,421;2,987;2,151;0;0;1,792;5,854;2,987;11,708;18,996;0;4,182;0;-34,409;8,841;0;30,705;0,119;11,45208761
53;Ireland;16-06-1977;197706;53520;Family of the Irish;;50;2,31;2,558187118;42;148;30,49;43;148;325;7,7;0,9;5,2;0;2,2;0;0,9;0;11,1;2,8;2,2;0;0,6;0;0;1,2;2,8;0,6;15,1;0;6,1;0;-16;8,3;2,8;15,7;1,8;30,57695426
53;Ireland;11-06-1981;198106;53520;Family of the Irish;;50;2,31997255;2,31997255;41;166;36,455;65;166;121;9,9;1,7;1,7;0;0,8;0;0;0;5,8;5;2,5;0;3,3;0;0;2,5;2,5;9,1;5,8;0;2,5;0;7,4;5,9;5;14,9;2,5;30,57695426
53;Ireland;18-02-1982;198202;53520;Family of the Irish;;50;2,31997255;2,31997255;41;166;37,3;63;166;163;5,521;6,135;0;0;1,84;0;0;0;4,294;5,521;0;0;26,994;0;0;0,613;0;4,908;8,589;0,613;0,613;0;14,11;6,135;28,834;13,497;0;30,57695426
53;Ireland;24-11-1982;198211;53520;Family of the Irish;;50;2,31997255;2,31997255;41;166;39,218;70;166;161;3,106;1,242;3,727;1,242;1,242;0;0,621;0;1,242;0,621;0;0;13,043;0;0;0;0;6,832;8,075;0;0;0;16,149;4,969;13,043;14,907;0;30,57695426
53;Ireland;17-02-1987;198702;53520;Family of the Irish;;50;2,31997255;2,31997255;41;166;27,073;51;166;800;6,125;10,875;0;0;0;0;3,5;0;1,25;5,625;0;0,625;5;0;0;0,625;7,5;2,75;6,125;0,125;4,625;0;-12,75;10,875;5;8,875;0,625;30,57695426
53;Ireland;15-06-1989;198906;53520;Family of the Irish;;50;2,31997255;2,31997255;41;166;29,292;55;166;874;5,606;4,233;0;1,831;0;0;5,149;0;2,288;7,551;0;0;1,144;0;0;11,556;2,403;1,487;9,725;0;4,462;0;-10,755;4,233;1,144;11,213;0;30,57695426
53;Ireland;25-11-1992;199211;53520;Family of the Irish;;50;2,31997255;2,31997255;41;166;24,472;45;166;175;16;0,571;4;1,143;0;0;2,857;0;0,571;2,857;1,714;0;5,714;0;0;0;0,571;3,429;3,429;0;4,571;0;9,714;6,286;6,286;6,857;6,286;30,57695426
53;Ireland;06-06-1997;199706;53520;Family of the Irish;;50;2,31997255;2,31997255;41;166;27,945;54;166;1264;5,934;1,661;0,712;1,661;0,158;0;0,396;0;3,085;5,063;0,079;0,079;3,402;0;0,949;6,646;0,87;3,639;8,94;0,316;5,854;0;8,94;2,453;7,832;12,579;0,158;30,57695426
53;Ireland;17-05-2002;200205;53520;Family of the Irish;;50;2,33680554;2,31;42;166;22,478;31;166;483;0,207;0,207;0,621;1,035;0;0;0;0;1,242;7,453;2,484;0;5,383;0;0,621;3,934;0;7,246;15,528;0;7,867;0;-9,317;3,313;6,211;22,774;1,035;30,57695426
53;Ireland;24-05-2007;200705;53520;Family of the Irish;;50;2,353147796;2,33;43;166;27,322;51;166;2096;2,91;6,298;0,095;0,143;0,143;0,191;0,573;0,095;0,525;9,876;0;0,095;0,525;0,048;4,58;2,576;3,578;1,813;9,113;0,095;8,015;0;-11,26;6,393;1,193;10,926;0,668;30,57695426
53;Ireland;25-02-2011;201102;53520;Family of the Irish;;50;2,353147796;2,353147796;43;166;36,104;76;166;1500;4,6;3,133;0,267;0,4;0;0,467;2,333;0,667;2,667;7,933;1;0,8;5;0,067;1,933;3,067;3,333;0,933;8,733;2,733;4,4;0;0,733;4,4;5,4;9,667;1,133;30,57695426
53;Ireland;26-02-2016;201602;53520;Family of the Irish;;50;2,353147796;2,353147796;43;166;25,516;49;158;2302;3,779;4,474;1,129;0,174;0;0,174;0,478;0,13;4,04;6,386;0,695;0,738;1,781;0;0;4,822;4,909;3,475;17,376;0,738;4,692;0,087;-18,115;6,299;3,171;20,851;0,478;30,57695426
53;Ireland;08-02-2020;202002;53520;Family of the Irish;;50;2,353147796;2,353147796;43;166;20,86422235;35;160;2214;2,891;4,11;1,807;0,813;0;0,316;0;0;2,258;13,369;0,226;0,361;1,716;0;2,8;5,646;4,02;7,769;14,273;0,271;5,42;0;-15,221;6,143;2,62;22,042;0,452;30,57695426
53;Ireland;16-06-1977;197706;53620;Soldiers of Destiny;;60;2,31;2,558187118;42;148;50,63;84;148;482;7,7;1,9;2,3;0;6,6;0;1;0,4;8,7;7,1;3,3;0,4;0,8;0;0;0,6;0,6;2,7;4,1;0;3,7;0;-4,2;7,5;1,4;6,8;1,2;40,32457559
53;Ireland;11-06-1981;198106;53620;Soldiers of Destiny;;60;2,31997255;2,31997255;41;166;45,257;78;166;171;3,5;0;1,2;0;1,2;0,6;0,6;0;7,6;8,2;1,8;0;0,6;0;0;2,9;2,3;5,3;5,3;0;3,5;0;-1,4;3;1,2;10,6;1,8;40,32457559
53;Ireland;18-02-1982;198202;53620;Soldiers of Destiny;;60;2,31997255;2,31997255;41;166;47,261;81;166;25;4;0;0;0;0;0;4;0;0;4;0;0;0;0;0;0;0;0;12;0;4;0;-8;0;0;12;0;40,32457559
53;Ireland;24-11-1982;198211;53620;Soldiers of Destiny;;60;2,31997255;2,31997255;41;166;45,201;75;166;53;0;0;11,321;0;0;0;1,887;0;0;0;0;0;0;0;0;0;7,547;3,774;0;1,887;0;0;-30,189;11,321;0;3,774;20,755;40,32457559
53;Ireland;17-02-1987;198702;53620;Soldiers of Destiny;;60;2,31997255;2,31997255;41;166;44,146;81;166;640;7,344;4,844;0;0,938;0;0;0,625;0;3,281;13,906;0;1,719;1,094;0;0;2,188;6,25;1,25;8,281;0;3,906;0;-2,969;4,844;1,094;9,531;0,469;40,32457559
53;Ireland;15-06-1989;198906;53620;Soldiers of Destiny;;60;2,31997255;2,31997255;41;166;44,149;77;166;1104;6,431;1,449;0;0;0;0;2,989;0;2,808;13,225;0;0,996;1,902;0;0;7,971;6,975;1,721;10,87;0;3,804;0;-8,424;1,449;1,902;12,591;0,272;40,32457559
53;Ireland;25-11-1992;199211;53620;Soldiers of Destiny;;60;2,31997255;2,31997255;41;166;39,113;68;166;176;8,523;1,705;1,136;1,705;0;0,568;5,114;0;0,568;11,932;0,568;2,273;2,273;0;0;2,273;3,977;4,545;7,955;0;5,682;0;-3,409;3,409;3,977;12,5;1,136;40,32457559
53;Ireland;06-06-1997;199706;53620;Soldiers of Destiny;;60;2,31997255;2,31997255;41;166;39,334;77;166;2166;5,355;2,308;1,293;0,6;0;0;0,139;0;4,109;6,556;0;0,693;2,585;0;0,462;7,433;2,955;5,355;6,51;0,416;4,109;0;4,801;3,601;5,217;11,865;1,154;40,32457559
53;Ireland;17-05-2002;200205;53620;Soldiers of Destiny;;60;2,33680554;2,31;42;166;41,485;81;166;1617;2,721;0,371;0,557;1,051;0;0;0;0;7,854;10,884;4,267;0;2,597;0;0,062;4,082;7,112;3,587;6,432;0;3,216;0;-6,246;5,195;2,968;10,019;2,536;40,32457559
53;Ireland;24-05-2007;200705;53620;Soldiers of Destiny;;60;2,353147796;2,33;43;166;41,561;78;166;2203;1,816;1,498;0,136;0,635;0;0,227;1,543;0;1,589;10,077;0;0,363;1,226;0;3,949;2,814;6,809;1,316;13,482;0;5,856;0;-9,759;1,634;1,816;14,798;1,362;40,32457559
53;Ireland;25-02-2011;201102;53620;Soldiers of Destiny;;60;2,353147796;2,353147796;43;166;17,446;20;166;652;3,374;6,442;1,227;0;0;7,209;8,282;0;3,834;15,491;0,767;0;6,135;0;1,227;0,307;1,994;0,613;2,147;0,307;3,528;0;2,914;8,436;6,902;2,761;0;40,32457559
53;Ireland;26-02-2016;201602;53620;Soldiers of Destiny;;60;2,353147796;2,353147796;43;166;24,35;44;158;1962;6,269;5,25;0,765;0,102;0,153;0,153;0;0;0,306;7,492;0,917;1,529;0,917;0;0,102;1,886;1,835;3,466;28,033;0;5,352;0;-26,758;6,932;1,274;31,498;0,204;40,32457559
53;Ireland;08-02-2020;202002;53620;Soldiers of Destiny;;60;2,353147796;2,353147796;43;166;22,18078497;38;160;2208;5,48;8,107;1,359;0;0;0;0;0,815;0,498;7,02;0;0;0,725;0;2,446;4,71;4,71;8,288;20,426;0;4,212;0;-19,837;9,466;0,815;28,714;0,408;40,32457559
53;Ireland;06-06-1997;199706;53951;We Ourselves;SF;95;2,31997255;2,31997255;41;166;2,55;1;166;1209;2,812;0,248;4,301;0;0;0;0;0;0,827;6,782;4,136;1,737;0;0;0,248;1,82;4,963;15,219;14,392;0;6,617;0;-26,137;8,685;0;29,611;4,797;10,72005204
53;Ireland;17-05-2002;200205;53951;We Ourselves;SF;95;2,33680554;2,31;42;166;6,514;5;166;1209;2,812;0,248;4,301;0;0;0;0;0;0,827;6,782;4,136;1,737;0;0;0,248;1,82;4,963;15,219;14,392;0;6,617;0;-26,137;8,685;0;29,611;4,797;10,72005204
53;Ireland;24-05-2007;200705;53951;We Ourselves;SF;95;2,353147796;2,33;43;166;6,942;4;166;1674;0,299;0,597;0,538;0;0,657;0;0,777;0;0,358;5,257;1,195;4,719;0,06;0;4,54;0,896;2,688;8,124;13,62;0;5,496;0;-12,664;2,33;1,673;21,744;0,836;10,72005204
53;Ireland;25-02-2011;201102;53951;We Ourselves;SF;95;2,353147796;2,353147796;43;166;9,94;14;166;610;1,311;0,164;0,492;0,328;0;0,656;2,951;3,77;1,475;2,623;4,262;3,607;1,967;5,082;0;0,656;0,82;7,049;16,557;0;4,262;0;-13,607;4,918;2,951;23,607;0,492;10,72005204
53;Ireland;26-02-2016;201602;53951;We Ourselves;SF;95;2,353147796;2,353147796;43;166;13,846;23;158;863;1,97;5,91;0;0;0,116;0;0;0;0,348;1,97;2,086;1,159;0;0;0,232;3,476;1,275;7,879;14,484;0;4,519;0;-12,514;7,995;0;22,364;0,695;10,72005204
53;Ireland;08-02-2020;202002;53951;We Ourselves;SF;95;2,353147796;2,353147796;43;166;24,52831226;37;160;2288;1,661;8,042;0,087;0,437;0,087;0;0;0,175;0,175;5,726;0,175;0,874;0,087;0;2,71;2,928;2,229;11,276;27,404;0;4,851;0;-39,554;8,304;0,087;38,68;0,874;10,72005204
80;Bulgaria;18-12-1994;199412;80220;Bulgarian Socialist Party;BSP;30;4;4;;;NA;NA;240;380;1,316;2,895;1,053;0;1,053;3,158;0;0,526;1,842;2,368;1,316;0,263;0,526;0;0;0;4,474;5,263;9,474;0;5;0;-2,632;5,263;1,579;14,737;1,316;36,8815
80;Bulgaria;19-04-1997;199704;80220;Bulgarian Socialist Party;BSP;30;4;4;;;NA;NA;240;292;1,027;0;0;0;0;0;4,452;0;2,055;0,685;0,342;0;2,74;0;0;0,342;1,37;1,37;5,479;0;2,055;0;21,918;0,342;3,425;6,849;0,342;36,8815
80;Bulgaria;25-06-2005;200506;80220;Bulgarian Socialist Party;BSP;30;4;4;;;NA;NA;240;263;7,985;5,323;0;0,38;0,76;0;0,38;0;3,042;6,464;0;0;1,521;0;0;0,38;0,38;10,266;16,73;0,38;10,266;0;-22,814;5,323;4,183;26,996;1,521;36,8815
80;Bulgaria;12-05-2013;201305;80220;Bulgarian Socialist Party;BSP;30;4;4;;;26,612;84;240;412;2,427;11,893;0,971;0;0,243;0;0;1,456;4,369;5,34;1,214;5,097;0;0,728;0,728;2,427;2,427;5,097;12,136;0;6,068;0;-38,107;14,078;0;17,233;0;36,8815
80;Bulgaria;18-06-2001;200106;80221;Coalition for Bulgaria;KzB;30;4;4;;;17,148;48;240;646;5,108;2,941;0;0,464;0;0;4,644;1,858;2,012;7,74;0,31;0;1,084;0,155;0,155;4,025;5,573;0,929;10,062;0;6,656;0;2,786;3,251;3,406;10,991;0,155;21,6784
80;Bulgaria;25-06-2005;200506;80221;Coalition for Bulgaria;KzB;30;4;4;;;30,952;82;240;263;7,985;5,323;0;0,38;0,76;0;0,38;0;3,042;6,464;0;0;1,521;0;0;0,38;0,38;10,266;16,73;0,38;10,266;0;-22,814;5,323;4,183;26,996;1,521;21,6784
80;Bulgaria;05-07-2009;200907;80221;Coalition for Bulgaria;KzB;30;4;4;;;17,7;40;240;197;4,57;1,02;0;0;0;0;2,03;0,51;2,54;7,11;0;0;6,09;0;1,02;2,54;2,54;5,58;11,68;0;9,64;0;5,07;1,02;8,12;17,26;0;21,6784
80;Bulgaria;05-10-2014;201410;80221;BSP-Left Bulgaria;BSP-Left Bulgariya;30;4;4;;;15,397;39;240;270;2,222;6,296;0,37;0,37;0;0;1,481;0;3,333;12,593;0;0;0;0;0,37;0,741;2,963;2,222;14,444;0;2,963;0;-24,815;6,667;0;16,667;0,741;21,6784
80;Bulgaria;26-03-2017;201703;80221;BSP for Bulgaria;BSPzB;30;4;4;;;27,195;80;240;229;5,24;0,873;0;1,31;2,62;0;1,31;0,873;3,057;18,341;0;0,437;0,437;0;0,437;0;3,493;2,62;9,17;0;3,493;0;6,987;0,873;1,31;11,79;0;21,6784
80;Bulgaria;18-12-1994;199412;80228;Coalition of Bulgarian Socialist Party, Bulgarian Agrarian People’s Union - Alexandar Stambolijski and Political Club 'Ekoglasnost';BSP-BZNS-AS-PKE;30;4;4;;;43,501;125;240;380;1,316;2,895;1,053;0;1,053;3,158;0;0,526;1,842;2,368;1,316;0,263;0,526;0;0;0;4,474;5,263;9,474;0;5;0;-2,632;5,263;1,579;14,737;1,316;38,3205
80;Bulgaria;19-04-1997;199704;80229;Democratic Left;DL;30;4;4;;;22,065;58;240;292;1,027;0;0;0;0;0;4,452;0;2,055;0,685;0,342;0;2,74;0;0;0,342;1,37;1,37;5,479;0;2,055;0;21,918;0,342;3,425;6,849;0,342;22,065
80;Bulgaria;18-12-1994;199412;80410;Union of Democratic Forces;SDS;40;4;4;;;24,228;69;240;449;0,891;1,782;0;0;0,223;4,9;0;0;0;0,445;0,668;0,891;11,359;0;0,668;3,786;2,673;1,559;3,563;2,45;4,232;0,223;23,608;2,45;13,363;5,122;0,891;31,59833333
80;Bulgaria;19-04-1997;199704;80411;United Democratic Forces;ODS;40;4;4;;;52,238;137;240;390;1,795;1,538;0;0;0;0;13,846;0;0,769;1,026;0,769;0;5,128;0;0;4,359;1,282;0,513;4,615;0;3,846;0;21,795;2,308;6,923;5,128;0,256;26,034
80;Bulgaria;18-06-2001;200106;80411;United Democratic Forces;ODS;40;4;4;;;18,18;51;240;1027;5,063;5,55;0;0,682;0,195;0,097;1,266;0,389;1,85;12,95;0,195;0;2,24;0;0;1,85;3,213;0,487;7,205;0;3,019;0;13,535;5,745;6,329;7,692;0,584;26,034
80;Bulgaria;25-06-2005;200506;80411;United Democratic Forces;ODS;40;4;4;;;7,684;20;240;382;6,545;1,832;0;0,262;0;0;0;0;1,571;6,021;0;0;0;0;0,524;0,524;1,832;2,88;4,974;1,571;8,115;0;13,089;1,832;8,639;7,853;0,785;26,034
80;Bulgaria;05-07-2009;200907;80510;Citizens for European Development of Bulgaria;GERB;50;4;4;;;39,72;116;240;931;2,793;0,752;0;0,644;0;0;0,322;0,967;3,33;15,467;0;0;1,933;0;1,611;3,222;6,66;0,859;6,015;0,322;2,793;0;0,43;0,752;2,47;6,874;0;33,895
80;Bulgaria;12-05-2013;201305;80510;Citizens for European Development of Bulgaria;GERB;50;4;4;;;30,539;97;240;3085;2,528;3,89;0,875;0,032;0,551;0,227;0;0,292;10,47;14,165;0,097;0,032;1,329;0;0,032;4,344;5,9;1,361;6,126;0,194;4,992;0;-0,972;4,862;3,241;7,488;0,421;33,895
80;Bulgaria;05-10-2014;201410;80510;Citizens for European Development of Bulgaria;GERB;50;4;4;;;32,666;84;240;716;4,609;0,419;0;0,14;0,978;0;2,793;0,698;5,726;11,592;0;0;0,559;0;2,235;2,374;2,374;0,838;10,894;0,14;5,307;0;-1,257;0,419;1,676;11,732;0;33,895
80;Bulgaria;26-03-2017;201703;80510;Citizens for European Development of Bulgaria;GERB;50;4;4;;;32,655;95;240;906;3,311;0,883;0,221;0,331;0,773;0;2,428;0,442;4,967;16,998;0;0;1,435;0;1,876;3,863;5,96;0,773;5,298;0,552;3,091;0;7,726;1,104;2,539;6,071;0,442;33,895
80;Bulgaria;18-06-2001;200106;80902;National Movement Simeon the Second;NDSV;40;4;4;;;42,741;120;240;529;4,159;9,263;0;0,189;0;0;0,189;0,756;1,89;11,531;0,189;0;2,457;0;0;3,214;3,025;0,756;8,885;0;7,183;0;-10,775;9,452;4,159;9,641;0;31,3115
80;Bulgaria;25-06-2005;200506;80902;National Movement Simeon the Second;NDSV;40;4;4;;;19,882;53;240;257;4,28;3,891;0;0,389;0;0;1,167;0;3,113;10,117;0;0;1,556;0;0,778;1,946;5,058;2,335;14,786;0;9,339;0;-8,56;3,891;5,058;17,121;0;31,3115
80;Bulgaria;18-12-1994;199412;80951;Movement for Rights and Freedoms;DPS;90;4;4;;;5,442;15;240;423;2,364;0,473;0;0;1,891;0;9,456;0;1,891;1,655;1,418;1,182;4,019;0;0;0,236;1,655;1,655;7,801;0;1,891;0;8,038;1,891;5,674;9,456;1,182;10,09577778
80;Bulgaria;19-04-1997;199704;80951;Movement for Rights and Freedoms;DPS;90;4;4;;;NA;NA;240;432;3,455;1,373;0,114;0,114;1,855;0;5,864;0;1,855;2,077;0,823;0,591;2,123;0;0;0,345;1,055;2,418;5,037;0;4,468;0;7,996;2,309;3,519;7,455;1,159;10,09577778
80;Bulgaria;18-06-2001;200106;80951;Movement for Rights and Freedoms;DPS;90;4;4;;;7,451;21;240;440;4,545;2,273;0,227;0,227;1,818;0;2,273;0;1,818;2,5;0,227;0;0,227;0;0;0,455;0,455;3,182;2,273;0;7,045;0;7,955;2,727;1,364;5,455;1,136;10,09577778
80;Bulgaria;25-06-2005;200506;80951;Movement for Rights and Freedoms;DPS;90;4;4;;;12,812;34;240;1107;6,414;0,542;0;0,09;0;0;0,632;0;2,349;5,601;0;0;2,078;0;0,632;4,788;5,239;2,8;9,937;0,903;5,33;0;-1,716;0,542;6,143;12,737;0,181;10,09577778
80;Bulgaria;05-07-2009;200907;80951;Movement for Rights and Freedoms;DPS;90;4;4;;;14,446;38;240;126;7,94;11,11;0;1,59;0,79;0;0;3,97;2,38;3,17;2,38;0;10,32;0;0,79;0;0;2,38;1,59;0;3,97;0;17,46;13,49;15,08;3,97;0;10,09577778
80;Bulgaria;12-05-2013;201305;80951;Movement for Rights and Freedoms;DPS;90;4;4;;;11,307;36;240;159;0;6,918;0;0;0;0;0;2,516;10,692;9,434;0;0;1,258;0;0;6,918;1,887;1,887;5,031;0;1,887;0;-23,899;6,918;1,887;6,918;0;10,09577778
80;Bulgaria;05-10-2014;201410;80951;Movement for Rights and Freedoms;DPS;90;4;4;;;14,837;38;240;NA;NA;NA;NA;NA;NA;NA;NA;NA;NA;NA;NA;NA;NA;NA;NA;NA;NA;NA;NA;NA;NA;NA;NA;NA;NA;NA;NA;10,09577778
80;Bulgaria;26-03-2017;201703;80951;Movement for Rights and Freedoms;DPS;90;4;4;;;8,993;26;240;106;10,377;0;0;0;0;0;0;0,943;7,547;7,547;0;0;0;0;0;0;0;0;11,321;0;7,547;0;0,943;0;0,943;11,321;0;10,09577778
81;Croatia;03-01-2000;200001;81021;Coalition of the Social Democratic Party of Croatia and the Croatian Social-liberal Party;SDP-HSLS;98;1,58113883;1,58113883;10;140;40,991;71;151;310;3,548;0,968;0;0,323;0,968;1,613;0,968;0,323;13,871;2,258;0,323;0;2,581;0;0,645;0,323;1,613;1,29;6,452;0;4,839;0;-11,613;1,29;4,516;7,742;0;40,991
81;Croatia;04-12-2011;201112;81032;Kukuriku Coalition;Kukuriku;30;1,58113883;1,58113883;10;140;40,719;80;151;1358;1,841;0,221;0;0,295;0;0;2,577;0;10,236;2,798;0;0,147;1,252;0;0;2,283;3,314;2,135;10,457;0;5,523;0;-14,728;0,221;1,399;12,592;0;32,4475
81;Croatia;08-11-2015;201511;81032;Croatia is growing;;30;1,58113883;1,58113883;10;140;31,402;56;151;522;5,364;1,533;0;0,383;0;0;1,533;2,874;10,153;9,962;0,575;0;2,49;0;0;5,556;3,831;3,64;13,793;0;6,13;0;-12,835;2,107;2,49;17,433;0;32,4475
81;Croatia;11-09-2016;201609;81032;People's coalition;;30;1,58113883;1,58113883;10;140;32,795;54;151;1721;9,297;0,349;0;0,523;0;0;0,697;1,569;4,648;14,643;0,291;1,743;2,847;0;2,324;3,835;3,254;3,254;12,493;0;7,089;0;-10,052;0,639;2,847;15,747;0,581;32,4475
81;Croatia;05-07-2020;202007;81032;Restart Coalition;;30;1,58113883;1,58113883;10;140;24,874;41;151;769;5,722;0,13;0;0;0;0;4,811;8,973;2,081;2,991;0,78;0,65;0,13;0;2,601;1,43;0,78;6,892;12,744;0;5,202;0;-11,443;0,91;1,17;19,636;0,13;32,4475
81;Croatia;08-11-2015;201511;81061;Patriotic Coalition;;60;1,58113883;1,58113883;10;140;32,592;59;151;396;12,626;1,263;0;0,758;0,758;0;1,768;0,253;4,798;13,131;0;0,253;1,263;0;0,253;3,788;2,778;2,02;9,091;0;3,535;0;9,091;1,263;1,768;11,111;0;32,592
81;Croatia;03-01-2000;200001;81220;Social Democratic Party of Croatia;SDP;20;1,58113883;1,58113883;10;140;NA;NA;151;402;2,488;0,746;0;0,498;0,249;0,746;1,493;0,249;7,96;1,99;0;0;0,498;0;0,746;0,249;0,249;2,985;5,721;0;3,98;0;-7,214;0,746;4,726;8,706;0,746;17,0725
81;Croatia;23-11-2003;200311;81220;Social Democratic Party of Croatia;SDP;20;1,58113883;1,58113883;10;140;22,6;43;152;165;3,03;0;0;0;0;0;0;0;3,03;13,939;0;0;0,606;0;0;1,818;2,424;4,242;14,545;0;7,273;0;-14,545;0;0,606;18,788;0,606;17,0725
81;Croatia;25-11-2007;200711;81220;Social Democratic Party of Croatia;SDP;20;1,58113883;1,58113883;10;140;31,234;56;153;453;0,221;0;0;0;0;0;0,221;0;6,181;1,987;0;0,662;0,442;0;0,221;0,221;0;4,857;11,921;0;8,83;0;-9,272;0;0,662;16,777;0,221;17,0725
81;Croatia;03-01-2000;200001;81711;Croatian Democratic Union;HDZ;70;1,58113883;1,58113883;10;140;24,46;46;151;1460;3,014;0,479;0;0,205;0,274;0,89;5,205;0;3,014;9,041;0;0;0,411;0;0,342;4,932;5,411;1,712;18,425;0;1,986;0;-13,425;0,479;0,89;20,137;0;35,65255556
81;Croatia;23-11-2003;200311;81711;Croatian Democratic Union;HDZ;70;1,58113883;1,58113883;10;140;33,913;66;152;1234;2,431;0,081;0,081;0;0,324;0;2,755;0;4,781;9,319;0;0;0,729;0;0,567;2,674;4,619;0,405;6,888;0;3,647;0;7,374;0,162;2,269;7,293;0,648;35,65255556
81;Croatia;25-11-2007;200711;81711;Croatian Democratic Union;HDZ;70;1,58113883;1,58113883;10;140;36,552;66;153;1358;2,946;0,221;0,147;0,736;0,147;0,074;1,178;0;6,406;11,561;0;0,221;1,767;0;0,221;3,903;3,24;0,442;6,627;0;5,744;0;5,596;0,368;3,314;7,069;0,442;35,65255556
81;Croatia;04-12-2011;201112;81711;Croatian Democratic Union;HDZ;70;1,58113883;1,58113883;10;140;23,919;47;151;974;2,669;0;0,103;0;0;0;2,977;0;11,396;10,883;0;0,513;1,437;0;0;4,62;4,107;3,593;13,244;0;4,107;0;-6,366;0,103;1,54;16,838;0;35,65255556
81;Croatia;11-09-2016;201609;81711;Croatian Democratic Union;HDZ;70;1,58113883;1,58113883;10;140;32,911;56;151;2040;6,618;1,275;0;0,147;0,343;0;1,765;1,275;10,539;10,882;0,147;0,196;4,216;0;1,716;1,912;5,686;3,578;11,078;0;5,931;0;-2,794;1,422;4,363;14,657;0;35,65255556
81;Croatia;05-07-2020;202007;81711;Croatian Democratic Union;HDZ;70;1,58113883;1,58113883;10;140;37,255;66;151;2387;6,075;0,503;0;0,084;0,042;0,168;0,209;0,628;8,421;15,04;0,251;0,042;1,508;0;3,687;1,969;3,435;6,494;9,133;0,042;3,812;0;-2,137;0,754;1,885;15,626;0;35,65255556
81;Croatia;05-07-2020;202007;81714;Miroslav Škoro Homeland Movement;DPMŠ;70;1,58113883;1,58113883;10;140;10,888;16;151;302;12,252;0;0;0;0,331;0;0;0,331;13,907;14,901;0,331;0;0;0;6,954;4,305;0,331;3,974;2,318;0;0,993;0;14,238;0,331;2,318;6,291;0;10,888
82;Czech Republic;19-06-1998;199806;82220;Communist Party of Bohemia and Moravia;KSČM;20;5;5;;;11,032;24;200;413;5,811;3,39;0,969;1,211;4,358;0;2,663;0,242;0,969;2,906;2,906;0,242;2,179;0,726;0;5,569;3,39;1,937;5,085;0;3,874;0;-9,443;7,264;2,179;7,022;3,632;12,479625
82;Czech Republic;14-06-2002;200206;82220;Communist Party of Bohemia and Moravia;KSČM;20;5;5;;;18,512;41;200;572;3,671;0,35;2,972;1,748;1,224;0;0,874;0,35;0,874;5,42;2,273;0;0,874;0,699;0;4,371;3,671;2,098;10,315;0,175;4,545;0;-14,51;5,594;1,049;12,413;1,748;12,479625
82;Czech Republic;03-06-2006;200606;82220;Communist Party of Bohemia and Moravia;KSČM;20;5;5;;;12,81;26;200;523;1,338;9,178;0;0,956;0,574;0;5,736;0;0,956;4,398;0;0;0;0;0,956;4,589;2,677;6,883;15,296;0,382;2,103;0;-22,18;9,178;0,382;22,18;3,442;12,479625
82;Czech Republic;29-05-2010;201005;82220;Communist Party of Bohemia and Moravia;KSČM;20;5;5;;;11,27;26;200;275;1,818;8,364;0,727;0,364;0,727;0;11,273;0;0;3,273;0,364;0;0;0;0;5,818;3,273;1,818;15,636;0;4,727;0;-28,364;9,455;0;17,455;2,909;12,479625
82;Czech Republic;26-10-2013;201310;82220;Communist Party of Bohemia and Moravia;KSČM;20;5;5;;;14,91;33;200;266;1,504;8,271;2,256;0,752;1,504;0;1,128;0;0;3,759;3,383;1,128;0;0;1,128;7,519;4,511;5,263;12,03;0;2,632;0;-34,962;13,91;0;17,293;4,135;12,479625
82;Czech Republic;21-10-2017;201710;82220;Communist Party of Bohemia and Moravia;KSČM;20;5;5;;;7,768;15;200;383;0,261;6,266;1,044;1,305;1,567;0;0,522;1,567;0,261;8,094;2,089;2,872;0;0;4,178;2,872;2,611;4,439;16,449;0,522;4,439;0;-40,209;9,399;0,261;20,888;3,916;12,479625
82;Czech Republic;19-06-1998;199806;82320;Czech Social Democratic Party;ČSSD;30;5;5;;;32,309;74;200;761;3,548;2,102;0,394;0,657;1,183;0;1,051;0,788;5,913;6,307;2,76;0;1,708;0;0;2,76;4,862;2,102;5,913;0,131;3,679;0;0,263;5,256;1,708;8,016;0,788;22,203
82;Czech Republic;14-06-2002;200206;82320;Czech Social Democratic Party;ČSSD;30;5;5;;;30,207;70;200;226;4,867;0,885;0,885;1,77;0,885;0;3,097;0;2,212;7,522;4,867;0,442;0,442;0;0;2,655;2,655;5,31;14,602;0;2,212;0;-10,177;6,637;0,442;19,912;1,327;22,203
82;Czech Republic;03-06-2006;200606;82320;Czech Social Democratic Party;ČSSD;30;5;5;;;32,32;74;200;1566;4,342;3,001;0;0,639;1,213;0,702;7,28;0;4,725;8,365;1,086;0,319;0,766;0;0,255;6,194;4,023;6,769;9,451;0,064;6,003;0;-12,58;4,087;0,958;16,22;0,255;22,203
82;Czech Republic;29-05-2010;201005;82320;Czech Social Democratic Party;ČSSD;30;5;5;;;22,09;56;200;713;2,104;2,665;0,281;0,842;1,262;0;16,41;0,561;1,683;3,647;0,14;1,122;1,122;0;0;4,348;1,823;4,769;9,818;0;4,067;0;-10,659;3,086;1,543;14,586;1,262;22,203
82;Czech Republic;26-10-2013;201310;82320;Czech Social Democratic Party;ČSSD;30;5;5;;;20,459;50;200;430;1,86;5,116;1,163;0,93;2,326;0;2,326;0,465;0,698;8,372;0,233;0;0,233;0;0,465;16,047;4,651;3,256;12,791;0,233;3,953;0;-26,279;6,512;0,233;16,047;0;22,203
82;Czech Republic;21-10-2017;201710;82320;Czech Social Democratic Party;ČSSD;30;5;5;;;7,278;15;200;580;1,034;9,138;3,621;1,724;3,793;0;0,862;0,517;5,172;9,31;1,724;0;0,345;0;2,759;1,897;3,966;8,276;16,207;0;4,828;0;-36,552;14,483;0,345;24,483;0,517;22,203
82;Czech Republic;19-06-1998;199806;82413;Civic Democratic Party;ODS;60;5;5;;;27,741;63;200;720;4,583;1,667;0;0,139;0,139;0,139;4,861;0;0,139;1,528;0;0;0,972;0;0;0,417;0,278;2,083;2,5;2,639;3,194;0,833;30,278;1,667;2,361;4,583;0;22,355
82;Czech Republic;14-06-2002;200206;82413;Civic Democratic Party;ODS;60;5;5;;;24,475;58;200;557;1,975;0,539;0,18;0;0;2,693;1,616;0,359;0;0,18;0;0;6,643;0;0;3,232;0;1,795;2,873;2,513;0;0;40,036;0,718;8,079;4,668;1,257;22,355
82;Czech Republic;03-06-2006;200606;82413;Civic Democratic Party;ODS;60;5;5;;;35,38;81;200;1366;5,124;0,659;0;0;1,098;0;11,054;0,293;1,83;4,319;0;0;1,757;0;0,586;3,441;2,489;4,319;4,173;1,464;2,635;0;20,791;0,659;6,442;8,492;0,439;22,355
82;Czech Republic;29-05-2010;201005;82413;Civic Democratic Party;ODS;60;5;5;;;20,22;53;200;1260;3,651;0,794;0;0;0,397;0,159;18,095;0;0,635;3,413;0;0,079;3,016;0;0;4,762;3,81;1,19;5,952;2,54;2,222;0;11,19;0,794;6,27;7,143;0,079;22,355
82;Czech Republic;26-10-2013;201310;82413;Civic Democratic Party;ODS;60;5;5;;;7,73;16;200;596;9,899;5,034;3,188;0;1,846;0;1,51;0,671;1,174;6,376;0;0;2,517;0;0;3,356;3,02;3,188;6,544;3,02;2,852;0;6,376;8,221;6,376;9,732;0,336;22,355
82;Czech Republic;21-10-2017;201710;82413;Civic Democratic Party;ODS;60;5;5;;;11,322;25;200;366;1,366;1,913;1,366;0,273;1,366;0;1,639;0;0,82;7,65;0;0;0;0;4,098;3,825;3,005;1,366;7,923;2,459;6,284;0,273;2,186;3,279;9,016;9,29;0;22,355
82;Czech Republic;26-10-2013;201310;82430;ANO 2011;ANO;40;5;5;;;18,657;47;200;724;5,11;2,901;2,762;0;1,519;0;3,591;0,552;1,519;5,525;0,414;0;0,967;0;0,138;3,867;4,834;3,453;5,249;1,105;4,282;0;-9,945;6,077;0,967;8,702;0,138;24,1495
82;Czech Republic;21-10-2017;201710;82430;ANO 2011;ANO;40;5;5;;;29,642;78;200;1156;3,633;6,401;3,201;0,433;1,038;0,26;1,298;0,606;0,952;11,505;0,606;0,865;0,779;0;1,384;2,076;6,747;1,471;9,343;0,433;4,758;0;-13,668;10,208;1,384;10,813;0,433;24,1495
82;Czech Republic;14-06-2002;200206;82524;Christian and Democratic Union - Czech People's Party -  Freedom Union - Democratic Union;KDU-ČSL-US-DEU;60;5;5;;;14,276;31;200;543;5,157;1,105;0,552;0;0,184;0,368;5,157;0,552;0,737;6,446;0,368;0;1,473;0;0;3,867;1,842;1,105;6,998;0,552;6,077;0;8,287;2,026;3,315;8,103;0;14,276
82;Czech Republic;29-05-2010;201005;82530;Tradition, Responsibility, Prosperity 09;TOP09;50;5;5;;;16,71;41;200;669;1,345;3,737;0;0;1,046;0,149;15,247;0;0,149;5,531;0;0,299;4,036;0;0,598;7,175;1,943;1,943;4,335;4,484;2,691;0;7,773;3,737;6,428;6,278;0;11,34033333
82;Czech Republic;26-10-2013;201310;82530;Tradition, Responsibility, Prosperity 09;TOP09;50;5;5;;;11,999;26;200;598;3,344;3,177;1,505;0;0,836;0,167;2,341;0;2,341;4,849;0,334;0,167;3,846;0;0;6,355;6,02;3,177;8,696;0,836;6,355;0;-11,371;5,017;4,682;11,873;0,167;11,34033333
82;Czech Republic;21-10-2017;201710;82530;Tradition, Responsibility, Prosperity 09;TOP09;50;5;5;;;5,312;7;200;1100;2,091;4,455;1,273;0,182;0,455;0,182;0,545;0;2;10,909;0,273;0,182;0,818;0;2,091;1,909;2,727;1,273;9;1,818;4,545;0,455;-6;6;2,182;10,273;0,455;11,34033333
82;Czech Republic;21-10-2017;201710;82721;Freedom and Direct Democracy;SPD;70;5;5;;;10,642;22;200;206;4,369;8,738;0;0;3,398;0;1,456;0;0;1,942;0,485;0,971;0;0;0,485;2,427;0;0,485;14,563;2,913;8,252;0,485;-21,359;9,223;0;15,049;0,971;10,642
82;Czech Republic;29-05-2010;201005;82952;Public Affairs;VV;90;5;5;;;10,88;24;200;843;0,712;3,677;0;0;1,779;0;17,319;0,119;0,119;4,389;0;0;1,186;0;0,119;5,219;2,491;1,186;4,864;2,372;1,779;0;0,83;3,677;3,559;6,05;1,423;10,88
82;Czech Republic;21-10-2017;201710;82953;Czech Pirate Party;Piráti;95;5;5;;;10,797;22;200;517;2,515;6,576;2,708;0;1,354;0;1,547;0;1,934;8,317;0,58;0,387;0,387;0;3,482;3,675;4,642;0,193;6,19;0;4,642;0;-21,083;9,865;0,967;6,383;0;10,797
83;Estonia;07-03-1999;199903;83410;People’s Party Moderates;M;30;5;5;;;15,205;17;101;167;1,198;2,994;1,198;1,796;0;0;0,599;0;1,198;10,18;0;0;3,593;0;0;2,994;1,198;1,198;15,569;0;11,377;0;-10,18;4,192;4,192;16,766;0;11,26625
83;Estonia;02-03-2003;200303;83410;People’s Party Moderates;M;30;5;5;;;7,036;6;101;153;1,961;0;0;1,961;0;0;0;0;0,654;13,072;0;0;0,654;0;0;5,882;3,268;5,229;7,843;0;4,575;0;-1,307;0;0,654;13,072;0;11,26625
83;Estonia;04-03-2007;200703;83410;Social Democratic Party;SDE;30;5;5;;;10,06;10;101;715;3,217;0,559;0,839;0;0;0;3,916;0;1,538;8,252;0,979;0,42;0,28;0;0,699;4,895;10,35;4,336;13,846;0;5,594;0;-9,231;2,378;0,28;18,182;0,28;11,26625
83;Estonia;06-03-2011;201103;83410;Social Democratic Party;SDE;30;5;5;;;17,093;19;101;619;5,493;0,646;0,646;0;0;0;5,331;0;1,777;4,039;0,646;0,323;0,162;0;0,162;5,977;7,916;5,17;10,985;0;8,401;0;-8,239;1,939;0,162;16,155;0,162;11,26625
83;Estonia;01-03-2015;201503;83410;Social Democratic Party;SDE;30;5;5;;;15,186;15;101;941;6,27;1,063;0,85;0;0;0;6,376;0;1,169;2,444;0,531;0,531;0;0;1,594;3,932;4,995;4,57;12,327;0;9,139;0;-11,69;2,444;1,169;16,897;0;11,26625
83;Estonia;03-03-2019;201903;83410;Social Democratic Party;SDE;30;5;5;;;9,833;10;101;1147;4,272;0,697;0,087;0,262;0;0;0,349;0,174;1,395;10,636;0;0,262;0,087;0;6,713;6,19;7,236;6,19;15,867;0;6,452;0;-13,426;0,785;1,569;22,058;0,087;11,26625
83;Estonia;07-03-1999;199903;83411;Estonian Center Party;K;40;5;5;;;23,414;28;101;247;3,644;1,215;0;0;0;0;4,453;0;1,619;1,619;0,405;0;0;0;0,405;0,405;2,024;7,287;10,526;0;4,858;0;16,194;1,619;0;17,814;0;22,90028571
83;Estonia;02-03-2003;200303;83411;Estonian Center Party;K;40;5;5;;;25,403;28;101;360;2,778;0,556;0,833;0;0;0;0,556;0,556;0,833;4,444;0;0;0,833;0;0;6,667;7,222;6,389;13,056;0;3,611;0;0,833;1,389;1,111;19,444;0;22,90028571
83;Estonia;04-03-2007;200703;83411;Estonian Center Party;K;40;5;5;;;26,08;29;101;391;3,069;2,046;0,256;0;0;0;2,813;0;0,256;8,44;0;0,767;0;0;0,512;3,581;8,951;3,069;23,274;0;10,23;0;-29,156;2,302;0;26,343;0;22,90028571
83;Estonia;06-03-2011;201103;83411;Estonian Center Party;K;40;5;5;;;23,321;26;101;447;3,356;1,119;0;0;0;0;4,027;0;2,461;3,579;0,895;0,447;0,224;0;0,224;3,132;5,593;5,369;16,331;0;8,725;0;-12,975;2,013;0,447;21,7;0;22,90028571
83;Estonia;01-03-2015;201503;83411;Estonian Center Party;K;40;5;5;;;24,812;27;101;653;2,297;0,766;0,306;0,306;0;0;3,522;0;1,531;4,441;0,459;0,306;0;0;0,153;4,594;5,36;4,594;19,449;0;8,882;0;-21,746;1,531;0,153;24,043;0,459;22,90028571
83;Estonia;03-03-2019;201903;83411;Estonian Center Party;K;40;5;5;;;23,099;26;101;889;3,037;1,35;0,45;0,225;0;0,225;0;0,225;1,462;12,936;0,112;0,225;0,112;0;3,262;4,387;6,299;6,524;13,948;0;5,062;0;-8,324;1,912;0,562;20,472;0,112;22,90028571
83;Estonia;07-03-1999;199903;83430;Estonian Reform Party;ER;40;5;5;;;15,919;18;101;128;0,781;0;0;0;0;1,563;3,906;0;3,906;7,031;0;0;10,938;0;0;0;0;7,031;12,5;0;9,375;0;8,594;0;14,844;19,531;0;23,25985714
83;Estonia;02-03-2003;200303;83430;Estonian Reform Party;ER;40;5;5;;;17,711;19;101;257;0,778;0;0,778;0;0;0;1,167;0;0,778;7,393;0;0;5,447;0;0;4,28;7,782;3,502;7,393;0;6,226;0;3,891;0,778;5,447;10,895;0;23,25985714
83;Estonia;04-03-2007;200703;83430;Estonian Reform Party;ER;40;5;5;;;27,82;31;101;574;3,136;0,174;0,174;0;0;0;2,613;0;2,962;6,446;0;0;0;0;0;5,401;7,317;0,697;10,627;0;8,362;0;7,143;0,348;2,091;11,324;0;23,25985714
83;Estonia;06-03-2011;201103;83430;Estonian Reform Party;ER;40;5;5;;;28,559;33;101;980;1,531;0,612;0,102;0;0;0;3,776;0;2,653;10,408;0,204;0,102;0,612;0;0;4,898;10,816;1,02;8,673;0;10;0;3,061;0,918;2,143;9,694;0;23,25985714
83;Estonia;01-03-2015;201503;83430;Estonian Reform Party;ER;40;5;5;;;27,688;30;101;1098;2,55;0,182;0,273;0,091;0;0,182;2,368;0;2,914;6,831;0;0,729;0,273;0;0,364;5,556;9,381;1,093;6,74;0;14,026;0;0,546;0,455;2,823;7,832;0,364;23,25985714
83;Estonia;03-03-2019;201903;83430;Estonian Reform Party;ER;40;5;5;;;28,934;34;101;877;3,991;0,798;0,456;0;0;0,456;0,114;0;1,026;13,113;0;0;1,482;0;4,789;4,105;4,675;2,851;10,832;0,57;7,868;0,228;-2,623;1,254;4,561;13,683;0,456;23,25985714
83;Estonia;02-03-2003;200303;83611;Union for the Republic;RP;60;5;5;;;24,615;28;101;171;1,754;0,585;0;0;0;0;0;0;1,17;5,263;0;0;7,602;0;0;0,585;0;4,094;18,713;0;8,772;0;-1,754;0,585;7,602;22,807;0;17,63
83;Estonia;04-03-2007;200703;83611;Pro Patria and Res Publica Union;IRL;60;5;5;;;17,87;19;101;568;1,056;1,056;0;0;0;0;4,577;0;1,761;4,225;0;0,176;0,352;0;0;2,641;3,169;2,113;9,331;0;10,739;0;5,81;1,056;2,113;11,444;0,528;17,63
83;Estonia;06-03-2011;201103;83611;Pro Patria and Res Publica Union;IRL;60;5;5;;;20,521;23;101;461;6,074;1,518;0;0;0;0,217;5,64;0;3,254;6,291;0,651;0;1,302;0;0;4,338;4,338;0,868;14,967;0;8,243;0;3,254;2,169;1,735;15,835;0;17,63
83;Estonia;01-03-2015;201503;83611;Pro Patria and Res Publica Union;IRL;60;5;5;;;13,7;14;101;1408;5,114;0;0;0;0;0;4,901;0;3,764;6,747;0;0,781;0,142;0;1,42;2,202;7,315;2,415;14,986;0;4,688;0;9,304;0;4,048;17,401;0,142;17,63
83;Estonia;03-03-2019;201903;83611;Pro Patria;;60;5;5;;;11,444;12;101;866;4,273;1,155;0,346;0;0;0;0,577;0,115;3,002;7,506;0;0,577;1,386;0;2,771;1,848;6,351;1,617;10,624;0,346;4,273;0,115;17,667;1,501;7,621;12,24;0,462;17,63
83;Estonia;07-03-1999;199903;83709;Pro Patria Union;;60;5;5;;;16,09;18;101;81;2,469;3,704;0;0;0;0;0;0;3,704;7,407;0;0;11,111;0;0;0;0;1,235;11,111;0;13,58;0;22,222;3,704;12,346;12,346;0;10,41633333
83;Estonia;02-03-2003;200303;83709;Pro Patria Union;;60;5;5;;;7,3;7;101;94;0;0;1,064;0;0;0;4,255;0;0;3,191;0;0;11,702;0;0;0;0;0;12,766;0;4,255;0;24,468;1,064;12,766;12,766;0;10,41633333
83;Estonia;01-03-2015;201503;83720;Conservative People's Party of Estonia;EKRE;70;5;5;;;8,146;7;101;445;2,921;1,124;0;0;0;0;4,045;0;2,921;2,697;0,225;1,124;0,449;0;0,899;3,82;4,27;1,124;5,393;0,674;5,618;0;12,809;1,348;0,899;6,517;1,348;12,954
83;Estonia;03-03-2019;201903;83720;Conservative People's Party of Estonia;EKRE;70;5;5;;;17,762;19;101;330;8,182;1,212;0,606;0;0,303;0;0,606;0;3,636;4,545;0,303;0;0;0;1,515;3,333;2,727;2,121;8,485;0;1,515;0;31,818;2,121;3,333;10,606;0,606;12,954
87;Latvia;07-10-2006;200610;87021;Concord Centre;SC;20;5;5;;;14,423;17;100;76;1,316;3,947;0;0;0;0;1,316;0;1,316;9,211;2,632;0;0;0;0;0;0;14,474;21,053;0;5,263;0;-26,316;6,579;0;35,526;1,316;23,217
87;Latvia;02-10-2010;201010;87021;Concord Centre;SC;20;5;5;;;26,608;29;100;68;1,471;8,824;0;0;0;0;2,941;0;7,353;2,941;0;0;0;0;0;0;0;4,412;5,882;0;1,471;0;13,235;8,824;0;10,294;0;23,217
87;Latvia;17-09-2011;201109;87021;Concord Centre;SC;20;5;5;;;28,62;31;100;41;19,512;0;0;0;0;0;0;0;2,439;0;0;0;4,878;0;0;0;0;14,634;17,073;0;4,878;0;17,073;0;4,878;31,707;0;23,217
87;Latvia;06-10-2018;201810;87042;Development/For!;;40;5;5;;;12,12;13;100;96;2,083;5,208;1,042;0;0;0;1,042;0;4,167;4,167;3,125;0;0;0;5,208;2,083;1,042;17,708;8,333;0;11,458;0;-16,667;9,375;0;26,042;0;12,12
87;Latvia;02-10-2010;201010;87062;Unity;;60;5;5;;;31,903;33;100;70;7,143;1,429;0;0;0;0;0;1,429;11,429;1,429;0;0;1,429;0;0;0;2,857;4,286;14,286;0;8,571;0;5,714;1,429;1,429;18,571;0;19,91325
87;Latvia;17-09-2011;201109;87062;Unity;;60;5;5;;;19;20;100;60;1,667;1,667;0;0;0;0;1,667;0;6,667;3,333;0;0;3,333;0;0;3,333;11,667;3,333;8,333;0;11,667;0;-8,333;1,667;3,333;11,667;0;19,91325
87;Latvia;04-10-2014;201410;87062;Unity;;60;5;5;;;22,011;23;100;55;9,091;1,818;1,818;0;0;0;0;0;9,091;5,455;0;0;1,818;0;0;0;1,818;5,455;7,273;0;5,455;0;5,455;3,636;1,818;12,727;0;19,91325
87;Latvia;06-10-2018;201810;87062;Unity;;60;5;5;;;6,739;8;100;75;4;1,333;0;0;0;0;2,667;0;4;5,333;0;0;2,667;0;5,333;0;0;5,333;12;0;6,667;0;4;1,333;2,667;17,333;0;19,91325
87;Latvia;02-10-2010;201010;87071;National Alliance ‘All For Latvia!' – ‘For Fatherland and Freedom - Latvian National Independence Movement';;70;5;5;;;7,835;8;100;58;5,172;0;0;0;0;0;0;0;5,172;0;0;0;0;0;0;0;0;1,724;8,621;0;8,621;0;31,034;0;0;10,345;0;12,41
87;Latvia;17-09-2011;201109;87071;National Alliance ‘All For Latvia!' – ‘For Fatherland and Freedom - Latvian National Independence Movement';;70;5;5;;;14,006;14;100;51;1,961;0;0;0;0;0;0;0;1,961;0;0;0;0;0;0;3,922;0;7,843;5,882;0;1,961;0;41,176;0;0;13,725;0;12,41
87;Latvia;04-10-2014;201410;87071;National Alliance ‘All For Latvia!' – ‘For Fatherland and Freedom - Latvian National Independence Movement';;70;5;5;;;16,719;17;100;60;1,667;1,667;0;0;0;0;0;6,667;5;6,667;0;1,667;0;0;0;1,667;11,667;6,667;16,667;0;3,333;0;-1,667;1,667;0;23,333;0;12,41
87;Latvia;06-10-2018;201810;87071;National Alliance ‘All For Latvia!' – ‘For Fatherland and Freedom - Latvian National Independence Movement';;70;5;5;;;11,08;13;100;58;1,724;0;0;0;0;0;0;0;0;1,724;0;0;0;0;0;5,172;5,172;6,897;6,897;0;5,172;0;1,724;0;0;13,793;0;12,41
87;Latvia;05-10-2002;200210;87110;Greens' and Farmers’ Union;ZZS;80;5;5;;;9,468;12;100;43;6,977;4,651;0;0;0;0;0;0;2,326;2,326;0;0;0;0;0;11,628;0;6,977;13,953;0;11,628;0;-6,977;4,651;2,326;20,93;0;14,70716667
87;Latvia;07-10-2006;200610;87110;Greens' and Farmers’ Union;ZZS;80;5;5;;;16,705;18;100;60;5;0;0;0;0;0;3,333;0;3,333;3,333;0;0;0;0;3,333;6,667;0;1,667;11,667;0;13,333;0;-6,667;0;0;13,333;0;14,70716667
87;Latvia;02-10-2010;201010;87110;Greens' and Farmers’ Union;ZZS;80;5;5;;;20,112;22;100;62;4,839;0;0;0;4,839;0;0;0;1,613;1,613;0;0;0;0;0;11,29;6,452;3,226;8,065;0;11,29;0;-1,613;0;0;11,29;1,613;14,70716667
87;Latvia;17-09-2011;201109;87110;Greens' and Farmers’ Union;ZZS;80;5;5;;;12,327;13;100;62;4,839;0;0;0;0;0;0;1,613;3,226;4,839;0;0;0;0;0;11,29;4,839;1,613;9,677;0;6,452;0;11,29;0;0;11,29;0;14,70716667
87;Latvia;04-10-2014;201410;87110;Greens' and Farmers’ Union;ZZS;80;5;5;;;19,658;21;100;90;4,444;1,111;0;0;0;0;0;0;5,556;3,333;0;1,111;1,111;0;2,222;7,778;6,667;1,111;10;0;11,111;0;1,111;1,111;1,111;11,111;0;14,70716667
87;Latvia;06-10-2018;201810;87110;Greens' and Farmers’ Union;ZZS;80;5;5;;;9,973;11;100;57;0;0;0;0;0;0;7,018;0;7,018;7,018;0;0;5,263;0;1,754;1,754;3,509;3,509;14,035;0;5,263;0;-5,263;0;5,263;17,544;0;14,70716667
87;Latvia;04-10-2014;201410;87340;Social Democartic Party Harmony;SDPS;30;5;5;;;23,153;24;100;47;6,383;0;0;0;0;0;0;2,128;27,66;2,128;2,128;2,128;0;0;0;0;4,255;29,787;2,128;0;0;0;12,766;2,128;0;31,915;0;21,536
87;Latvia;06-10-2018;201810;87340;Social Democartic Party Harmony;SDPS;30;5;5;;;19,919;23;100;71;5,634;0;1,408;0;0;0;2,817;0;2,817;8,451;2,817;0;0;0;1,408;0;0;7,042;21,127;0;9,859;0;-9,859;4,225;0;28,169;0;21,536
87;Latvia;05-10-2002;200210;87410;Latvian Way Union;LC;40;5;5;;;4,89;0;100;64;4,688;1,563;0;0;0;0;1,563;0;0;7,813;0;0;0;0;0;0;9,375;0;17,188;0;7,813;0;-1,562;1,563;0;17,188;0;17,541
87;Latvia;05-10-2002;200210;87422;For Human Rights in a United Latvia;PCTVL;30;5;5;;;19,095;25;100;62;3,226;0;0;0;0;0;6,452;0;0;1,613;0;0;0;0;0;0;1,613;4,839;8,065;0;0;0;1,613;0;0;12,903;3,226;12,5605
87;Latvia;07-10-2006;200610;87422;For Human Rights in a United Latvia;PCTVL;30;5;5;;;6,026;6;100;59;1,695;0;0;0;0;0;1,695;0;3,39;3,39;3,39;0;0;0;0;1,695;0;8,475;11,864;0;11,864;0;-22,034;3,39;0;20,339;3,39;12,5605
87;Latvia;05-10-2002;200210;87423;New Era;JL;60;5;5;;;23,979;26;100;67;2,985;0;0;0;0;0;2,985;0;4,478;8,955;0;0;0;0;0;2,985;4,478;4,478;11,94;0;7,463;0;-8,955;0;1,493;16,418;0;20,1775
87;Latvia;07-10-2006;200610;87423;New Era;JL;60;5;5;;;16,376;18;100;67;2,985;0;0;0;0;0;0;2,985;1,493;4,478;2,985;0;2,985;0;0;1,493;0;2,985;14,925;0;16,418;0;-7,463;2,985;2,985;17,91;0;20,1775
87;Latvia;05-10-2002;200210;87610;People’s Party;TP;60;5;5;;;16,687;20;100;60;8,333;1,667;0;0;0;0;6,667;0;1,667;0;0;0;0;0;0;0;0;0;20;0;5;0;5;1,667;0;20;0;19,18333333
87;Latvia;07-10-2006;200610;87610;People’s Party;TP;60;5;5;;;19,558;23;100;36;0;0;0;0;0;0;0;0;19,444;11,111;0;0;0;0;0;0;0;0;5,556;0;5,556;0;19,444;0;0;5,556;0;19,18333333
87;Latvia;17-09-2011;201109;87620;Zatlers' Reform Party;ZRP;60;5;5;;;21,014;22;100;63;6,349;0;0;0;0;0;1,587;0;1,587;1,587;0;0;0;0;0;0;6,349;4,762;6,349;0;6,349;0;-1,587;0;0;11,111;0;21,014
87;Latvia;06-10-2018;201810;87640;New Conservative Party;;60;5;5;;;13,67;16;100;70;8,571;2,857;0;0;0;0;0;5,714;0;1,429;2,857;1,429;0;0;0;0;2,857;1,429;7,143;0;7,143;0;20;5,714;0;8,571;0;13,67
87;Latvia;06-10-2018;201810;87730;Who owns the state?;KPV LV;70;5;5;;;14,334;16;100;58;0;5,172;0;0;0;0;0;0;0;0;0;0;0;0;0;0;0;1,724;8,621;0;3,448;0;44,828;5,172;0;10,345;0;14,334
92;Poland;21-10-2007;200710;92021;Left and Democrats;LiD;30;5;5;;;13,152;53;460;911;1,098;0;0;0;0;0;4,391;0;1,207;6,367;0;0;1,756;0;0;8,452;11,855;0,988;9,55;0;4,72;0;-0,329;0;1,756;10,538;0,11;13,152
92;Poland;13-10-2019;201910;92023;The Left;;30;5;5;;;12,56;49;460;181;3,867;0;0;0;0,552;0;0;0;0;10,497;2,21;1,105;0;0;6,077;4,972;0;5,525;21,547;0;5,525;0;-28,177;2,21;0;27,072;0;12,56
92;Poland;13-10-2019;201910;92040;Civic Coalition;KO;40;5;5;;;27,397;134;460;1273;4,87;1,1;0,236;0;0,157;0,157;0;0;0;12,412;0,393;0;1,414;0;1,65;6,049;2,907;2,435;16,418;0;4,006;0;-17,282;1,728;2,592;18,853;0;27,397
92;Poland;21-09-1997;199709;92210;Democratic Left Alliance;SLD;30;5;5;;;27,133;164;460;272;12,132;0;0;1,103;0,368;0;0;0;3,676;0,735;0;0;1,838;0;0;0,735;0,735;0,735;18,75;0;6,25;0;9,191;0;1,838;19,485;0;15,6806
92;Poland;25-09-2005;200509;92210;Democratic Left Alliance;SLD;30;5;5;;;11,311;55;460;170;2,353;3,529;0;0;0,588;0;5,294;0;2,941;7,059;0;0;0;0;0;1,176;0;10;7,647;0;4,706;0;-0,588;3,529;0;17,647;0;15,6806
92;Poland;09-10-2011;201110;92210;Democratic Left Alliance;SLD;30;5;5;;;8,242;27;460;2566;0,935;0;0,039;0;0,117;0;2,377;0;0,39;13,055;0;0;1,832;0;0;3,936;7,171;5,339;9,509;0;8,34;0;-0,896;0,039;1,871;14,848;0,078;15,6806
92;Poland;23-09-2001;200109;92212;Coalion of the Democratic Left Alliance and the Union of Labour;SLD-UP;30;5;5;;;41,04;216;460;463;4,752;0,432;0,864;0,432;0,864;0;4,752;0;2,16;6,695;0;0;0;0;0;1,512;5,832;5,4;10,367;0,648;6,695;0;-4,104;1,296;0;15,767;0;41,04
92;Poland;21-09-1997;199709;92434;Freedom Union;UW;40;5;5;;;13,367;60;460;603;9,287;3,483;0;0;0;0;0;0;3,648;3,98;0;0;3,483;0;0;3,317;4,643;0,166;19,735;0;4,975;0;-1,99;3,483;4,146;19,9;0;13,367
92;Poland;23-09-2001;200109;92435;Civic Platform;PO;40;5;5;;;12,683;65;460;643;11,509;0;0;0,311;0;0;3,733;0;2,177;2,955;0;0;0;0;0;0;0;1,711;16,485;0;15,552;0;-10,575;0;0;18,196;0;28,3198
92;Poland;25-09-2005;200509;92435;Civic Platform;PO;40;5;5;;;24,137;133;460;693;7,648;1,299;0;0,289;0;0;7,648;0;2,165;1,876;0;0;9,524;0;0;0;0;6,205;14,141;0,289;12,843;0;1,01;1,299;10,245;20,346;0;28,3198
92;Poland;21-10-2007;200710;92435;Civic Platform;PO;40;5;5;;;41,512;209;460;1284;2,414;0,312;0,389;0;0,078;0,156;6,386;0;1,246;6,153;0;0;2,336;0;0;0,545;9,969;1,09;12,072;0,312;3,738;0;5,997;0,701;4,517;13,162;0,623;28,3198
92;Poland;09-10-2011;201110;92435;Civic Platform;PO;40;5;5;;;39,179;207;460;1201;0,749;0;0;0;0;0;0,833;0;1,499;14,571;0;0;4,33;0;0;3,247;5,412;0,833;13,489;0;10,408;0;-4,413;0;4,33;14,321;0;28,3198
92;Poland;25-10-2015;201510;92435;Civic Platform;PO;40;5;5;;;24,088;138;460;1097;3,646;0,273;0,182;0;0;0,365;0;0,182;0,912;14,95;0;0,456;1,641;0;2,188;0,547;2,552;2,461;15,679;0;9,572;0;-13,309;0,456;2,097;18,14;1,003;28,3198
92;Poland;23-09-2001;200109;92436;Law and Justice;PiS;60;5;5;;;9,501;44;460;685;4,818;0;0;0,876;4,964;0;3,066;0;1,022;4,672;0,584;0,146;0;0;0;1,606;4,526;1,168;12,263;0;4,088;0;4,672;0,584;0;13,431;0;29,94283333
92;Poland;25-09-2005;200509;92436;Law and Justice;PiS;60;5;5;;;26,987;155;460;313;5,431;0,319;0;0;1,278;0;0;0;1,278;4,153;0,319;0,319;0;0;0;0;15,016;3,514;16,933;0;8,626;0;-1,597;0,639;0;20,447;0;29,94283333
92;Poland;21-10-2007;200710;92436;Law and Justice;PiS;60;5;5;;;32,111;166;460;867;1,499;0;0;0;0;0;8,42;0;2,307;12,457;0;0;2,768;0;0;0,231;3,345;1,038;9,343;0;3,23;0;9,804;0;3,345;10,381;0,923;29,94283333
92;Poland;09-10-2011;201110;92436;Law and Justice;PiS;60;5;5;;;29,89;157;460;4195;0,262;2,574;0;0;0,119;0,072;1,049;0,024;0,739;7,986;0,143;0,095;1,168;0;0;1,526;3,719;2,241;7,771;0;6,889;0;17,473;2,718;1,478;10,012;0,024;29,94283333
92;Poland;25-10-2015;201510;92436;Law and Justice;PiS;60;5;5;;;37,575;235;460;3422;5,348;1,169;0,672;0;0,117;0,029;0,088;0;0,76;5,669;0,263;1,607;1,052;0;1,257;0,789;3,419;2,688;7,744;0;7,89;0;10,812;2,104;1,14;10,432;0,672;29,94283333
92;Poland;13-10-2019;201910;92436;Law and Justice;PiS;60;5;5;;;43,593;235;460;3283;4,234;1,584;1,462;0;0,244;0;0,061;0;1,401;13,463;1,279;0,701;0,213;0;1,401;3,96;5,452;3,594;8,316;0;3,533;0;11,179;4,325;0,366;11,91;0,183;29,94283333
92;Poland;09-10-2011;201110;92440;Palikot's Movement;RP;40;5;5;;;10,018;40;460;245;0,408;0;0;0;0;0;2,857;0;0;1,633;0;0;3,673;0;0;0;2,041;1,224;0;0;0;0;6,122;0;4,49;1,224;4,082;10,018
92;Poland;21-09-1997;199709;92620;Electoral Action ‘Solidarity';AWS;50;5;5;;;33,827;201;460;188;5,319;3,191;0;1,596;0;0;0;0;1,596;3,723;0;0;3,723;0;0;0,532;4,255;3,723;10,638;0;5,851;0;17,021;3,191;4,255;14,362;0;33,827
92;Poland;23-09-2001;200109;92622;Self-Defence of the Polish Republic;SRP;80;5;5;;;10,198;53;460;57;14,035;0;0;0;3,509;0;0;0;1,754;0;0;1,754;0;0;0;0;1,754;0;21,053;0;7,018;0;-17,544;0;0;21,053;0;10,806
92;Poland;25-09-2005;200509;92622;Self-Defence of the Polish Republic;SRP;80;5;5;;;11,414;56;460;479;4,593;1,253;0,209;0;2,714;0;7,516;0;6,263;0,209;12,317;0;0;0;0;0,209;0;10,23;6,889;0;1,044;0;-5,637;13,779;0;17,119;0;10,806
93;Romania;28-11-2004;200411;93001;National Union PSR+PUR;PSD-PUR;98;5;5;;;36,8;132;332;52;7,692;0;15,385;0;0;0;7,692;0;3,846;5,769;0;0;0;0;0;0;0;0;19,231;0;1,923;0;-28,846;15,385;0;19,231;0;36,8
93;Romania;30-11-2008;200811;93002;Social Democratic Party + Conservative Party Alliance;PSD-PC;98;5;5;;;33,099;114;334;355;2,535;5,915;2,535;0;1,127;0;6,197;0;1,408;9,014;1,408;0;0,845;0;1,408;4,225;1,408;3,38;9,577;0;4,789;0;-13,239;9,859;1,408;12,958;0;33,099
93;Romania;09-12-2012;201212;93031;Social Liberal Union;USL;30;5;5;;;58,63;273;412;385;3,377;1,558;1,299;0;0,779;0;3,636;0;0,779;14,026;0,26;0;3,117;0;0;2,338;1,558;0,779;7,013;0,26;2,338;0;19,221;3,117;4,935;7,792;0;58,63
93;Romania;28-11-2004;200411;93041;Justice and Truth Alliance;ADA;40;5;5;;;31,5;112;332;309;3,236;5,178;0,647;0,647;0;0;5,825;0;1,294;5,825;0;0;3,236;0;0,324;4,531;2,913;1,942;6,796;0;1,942;0;5,502;5,825;8,091;8,738;0,324;31,5
93;Romania;09-12-2012;201212;93061;Right Romania Alliance;ARD;60;5;5;;;16,508;56;412;91;4,396;0;0;0;0;0;6,593;0;2,198;8,791;0;0;0;0;0;0;0;0;0;0;19,78;0;-18,681;0;1,099;0;0;16,508
93;Romania;26-11-2000;200011;93221;Democratic Party;PD;30;5;5;;;7,033;31;345;857;2,1;6,068;0;0;0;0,35;4,317;0,117;3,851;7,001;0,117;0;1,517;0;0;3,617;0,817;3,267;3,851;0,117;1,4;0;7,118;6,184;4,901;7,118;0,583;27,84466667
93;Romania;26-11-2000;200011;93223;Social Democratic Pole of Romania;PDSR;20;5;5;;;36,611;155;345;1004;2,789;1,096;0,398;0;0,996;0;5,578;0,1;1,892;9,96;0,398;0;1,394;0;0;3,088;3,187;1,494;3,586;0;1,096;0;12,649;1,892;4,482;5,08;0,398;32,8925
93;Romania;11-12-2016;201612;93223;Social Democratic Party;PSD;20;5;5;;;45,476;154;329;893;15,006;0,224;0;0;0,448;0,336;0,896;1,68;3,024;10,078;1,344;1,12;2,576;0;0,112;3,024;3,247;0,224;20,493;0;5,599;0;-17,805;1,568;2,912;20,717;0;32,8925
93;Romania;03-11-1996;199611;93322;Social Democratic Union;USD;30;5;5;;;12,928;53;343;549;1,821;6,011;1,639;2,732;1,275;0,729;6,922;0;3,643;6,193;0,546;0;3,279;0;0,364;1,457;0,911;2,55;8,743;0,364;3,825;0;-5,829;8,197;6,557;11,293;0,182;12,928
93;Romania;26-11-2000;200011;93430;National Liberal Party;PNL;40;5;5;;;6,894;30;345;195;1,538;7,179;1,026;0,513;1,026;0;6,154;0;0,513;2,564;3,077;0;1,538;0;0;1,026;0;2,051;15,385;0;3,077;0;-24,615;11,282;5,128;17,436;0;12,9875
93;Romania;30-11-2008;200811;93430;National Liberal Party;PNL;40;5;5;;;18,6;65;334;194;5,155;4,124;1,031;0;0;0;12,371;0;4,639;10,309;0;0;0,515;0;0;7,732;0,515;0;4,639;0;3,093;0;12,887;5,155;4,124;4,639;0;12,9875
93;Romania;11-12-2016;201612;93430;National Liberal Party;PNL;40;5;5;;;20,041;69;329;204;10,784;1,471;1,961;0;0,49;0,49;4,902;0;0;20,588;0,49;0;0;0;0;5,882;5,392;0;7,353;0;4,902;0;1,471;3,922;3,431;7,353;0;12,9875
93;Romania;30-11-2008;200811;93530;Democratic Liberal Party;PDL;50;5;5;;;32,364;115;334;445;2,472;6,742;1,798;0,225;0;0;5,843;0;2,697;12,584;0;0;2,472;0;0;4,045;4,494;1,124;4,719;0;1,348;0;4,944;8,539;4,494;5,843;0;32,364
93;Romania;26-11-2000;200011;93712;Greater Romania Party;PRM;70;5;5;;;19,485;84;345;82;2,439;1,22;1,22;0;0;1,22;9,756;0;1,22;8,537;0;0;4,878;0;0;1,22;2,439;0;8,537;0;0;0;14,634;2,439;6,098;8,537;0;10,193
93;Romania;28-11-2004;200411;93712;Greater Romania Party;PRM;70;5;5;;;12,924;48;332;55;10,909;10,909;0;0;0;0;3,636;0;3,636;3,636;3,636;1,818;0;0;0;3,636;0;1,818;9,091;0;1,818;0;3,636;14,545;0;10,909;0;10,193
93;Romania;09-12-2012;201212;93981;People's Party - Dan Dianconescu;PP-DD;70;5;5;;;13,992;47;412;135;5,185;0;0;0,741;0,741;0;3,704;0;0;11,852;0,741;0;3,704;0;0;10,37;0;0;12,593;1,481;7,407;0;-20,741;0,741;5,926;12,593;0;13,992
96;Slovakia;26-09-1998;199809;96220;Party of the Democratic Left;SDľ;30;5;5;;;14,662;23;150;1615;1,238;2,105;0;0,991;0,186;0;6,811;0;1,176;11,455;1,362;0;3,839;0;0;3,406;4,706;5,077;11,022;0,124;4,768;0;-6,254;3,467;4,334;16,099;0,619;11,019
96;Slovakia;20-09-2002;200209;96220;Party of the Democratic Left;SDľ;30;5;5;;;1,362;0;150;429;3,263;3,263;1,166;1,399;0,466;0;1,632;0;0,233;2,797;0,932;0;0;0;0;3,497;3,03;3,497;9,324;0;5,361;0;-10,49;5,361;0,233;12,821;0,233;11,019
96;Slovakia;20-09-2002;200209;96423;Direction-Social Democracy;Smer;30;5;5;;;13,464;25;150;316;2,215;3,481;0;0,316;4,43;0;4,747;0;1,266;10,759;0,633;0;0,316;0;0;0,949;0,949;0,633;5,063;0,316;4,747;0;8,861;4,114;1,582;5,696;0;30,0196
96;Slovakia;17-06-2006;200606;96423;Direction-Social Democracy;Smer;30;5;5;;;29,142;50;150;455;4,176;0,44;1,758;0;0;0;1,099;0;0,22;8,571;0;0;0,22;0;1,099;1,538;3,077;14,725;16,703;0;5,055;0;-21,758;2,198;0,22;31,429;0;30,0196
96;Slovakia;12-06-2010;201006;96423;Direction-Social Democracy;Smer;30;5;5;;;34,795;62;150;747;4,418;4,418;5,221;0,535;0,134;0;2,008;0,134;0,268;9,505;0,535;0;2,142;0;3,079;0,803;0,803;4,284;11,111;0,535;6,56;0;-16,198;10,174;2,142;15,395;0,402;30,0196
96;Slovakia;10-03-2012;201203;96423;Direction-Social Democracy;Smer;30;5;5;;;44,417;83;150;781;4,866;2,433;1,28;1,536;0,256;0;3,329;0,256;0,896;8,451;0,768;0,512;1,152;0;5,506;0,896;1,793;7,17;11,012;0,128;6,914;0,64;-9,731;4,481;1,28;18,182;0,384;30,0196
96;Slovakia;05-03-2016;201603;96423;Direction-Social Democracy;Smer;30;5;5;;;28,28;49;150;48;0;0;4,167;2,083;0;0;0;0;12,5;0;8,333;0;22,917;0;0;0;0;0;16,667;0;2,083;0;-8,333;12,5;22,917;16,667;0;30,0196
96;Slovakia;12-06-2010;201006;96440;Freedom and Solidarity;SaS;40;5;5;;;12,149;22;150;1101;0,908;0,545;0,454;0;0;0;0;0;0;4,723;0;0;5,086;0;0;2,906;4,36;7,266;1,907;9,628;1,998;6,994;30,154;0,999;14,078;9,173;0;10,04466667
96;Slovakia;10-03-2012;201203;96440;Freedom and Solidarity;SaS;40;5;5;;;5,884;11;150;1259;1,35;1,43;0,159;0;0,079;0;1,827;0;0,318;9,134;0;0;1,033;0;1,509;4,13;5,957;3,177;1,35;10,405;4,686;2,145;25,655;1,589;8,102;4,527;0,397;10,04466667
96;Slovakia;05-03-2016;201603;96440;Freedom and Solidarity;SaS;40;5;5;;;12,101;21;150;1190;6,218;0;0;0;0;0,168;0,168;0;0,084;7,059;0;0;4,79;0;2,857;3,025;1,933;5,294;3,025;6,891;8,151;0,168;28,319;0;13,529;8,319;0,168;10,04466667
96;Slovakia;26-09-1998;199809;96522;Slovak Democratic Coalition;SDK;50;5;5;;;26,331;42;150;2042;2,057;1,959;0,147;0;0,147;0,098;6,072;0;0,686;8,227;0;0;5,681;0;0;1,371;6,024;2,742;11,704;0,686;3,967;0,049;5,191;2,106;7,493;14,447;1,224;26,331
96;Slovakia;20-09-2002;200209;96523;Slovak Democratic and Christian Union;SDKÚ;50;5;5;;;15,094;28;150;727;0,825;0,963;0;0;0;0;0,825;0;0,138;3,851;0;0;3,026;0;0;0;0,963;1,651;3,714;3,851;4,402;0;37,276;0,963;9,354;5,365;0;13,74275
96;Slovakia;17-06-2006;200606;96523;Slovak Democratic and Christian Union - Democartic Party;SDKÚ-DS;50;5;5;;;18,358;31;150;957;3,344;0,627;0,104;0;0;0;0,418;0;1,149;5,016;0,104;0;2,09;0;0,313;1,149;3,762;1,463;6,27;1,776;16,823;0,104;-1,254;0,836;2,821;7,732;0,209;13,74275
96;Slovakia;12-06-2010;201006;96523;Slovak Democratic and Christian Union - Democartic Party;SDKÚ-DS;50;5;5;;;15,42;28;150;678;3,54;0,737;0,147;0;0;0;1,18;0;0,737;6,932;0;0;4,277;0;0,147;3,687;3,687;2,212;13,864;4,277;12,389;0,59;-3,54;0,885;4,72;16,077;0;13,74275
96;Slovakia;10-03-2012;201203;96523;Slovak Democratic and Christian Union - Democartic Party;SDKÚ-DS;50;5;5;;;6,099;11;150;481;4,158;4,782;0;0;0,624;0,832;0;0;0,416;4,574;0,208;0;5,821;0;0,832;2,703;6,237;4,99;8,94;6,861;9,563;3,326;6,029;4,99;9,148;13,929;0;13,74275
96;Slovakia;26-09-1998;199809;96711;Movement for a Democratic Slovakia;HZDS;70;5;5;;;27,004;43;150;668;3,293;4,79;0;0,15;1,198;0;8,683;0;0,299;14,371;0,449;0;5,838;0;0;6,138;5,24;1,048;9,431;0,15;3,892;0;0,749;5,24;5,988;10,479;0,599;21,97466667
96;Slovakia;20-09-2002;200209;96711;Movement for a Democratic Slovakia;HZDS;70;5;5;;;19,502;36;150;383;1,828;2,35;0,522;0;0,261;0,261;3,655;0;1,044;4,439;0,522;0;2,611;0;0;5,222;1,828;0;4,439;0;3,655;0;20,627;3,394;4,7;4,439;0;21,97466667
96;Slovakia;17-06-2006;200606;96711;Movement for a Democratic Slovakia;HZDS;70;5;5;;;8,794;15;150;393;4,58;0;0;0;0;0,254;3,817;0;1,018;8,906;0;0;2,545;0;0,763;4,326;4,58;3,817;9,924;0;12,468;0;0;0;3,053;13,74;0,509;21,97466667
96;Slovakia;12-06-2010;201006;96711;Movement for a Democratic Slovakia;HZDS;70;5;5;;;4,32;0;150;208;6,731;2,404;1,923;0;0;0;1,442;0;1,923;6,25;0;0,481;0,481;0;0;5,288;5,288;2,404;9,615;1,442;4,327;0;12,019;4,327;1,442;12,019;0;21,97466667
97;Slovenia;15-10-2000;200010;97320;Social-Democratic Party of Slovenia;SDSS;30;5;5;;;15,82;14;90;280;0;0,714;0;0;0;0;4,643;0;0,357;5,714;0,357;0;0;0;0;1,786;6,429;6,071;12,143;0;8,571;0;-11,071;1,071;0,357;18,214;0,357;10,66975
97;Slovenia;15-10-2000;200010;97321;Associated List of Social Democrats;ZLSD;30;5;5;;;12,08;11;90;327;0,917;0,917;0;0;0;0;12,844;0;0,917;4,281;1,835;0;0,306;0;0;4,281;3,976;5,199;12,844;0;7,951;0;-16,82;2,752;0,612;18,043;0,306;10,557
97;Slovenia;03-10-2004;200410;97322;Social Democratic Party;SD;30;5;5;;;10,17;10;90;619;4,2;0;2,1;1,131;0;0,646;0;0;4,523;8,401;6,624;0;0;0;2,585;2,585;5,654;3,231;2,908;0;5,493;0;-5,654;8,724;4,2;6,139;0;13,41
97;Slovenia;21-09-2008;200809;97322;Social Democratic Party;SD;30;5;5;;;30,45;29;90;1828;0,492;0;4,267;0,711;0;0,055;0;0;5,58;10,449;5,252;0;0,164;0;1,094;2,188;2,845;3,556;2,79;0;3,775;0;-11,488;9,519;1,915;6,346;0,164;13,41
97;Slovenia;04-12-2011;201112;97322;Social Democratic Party;SD;30;5;5;;;10,52;10;90;1040;3,365;5,385;0,192;0,865;1,154;0,481;0;0;3,75;9,904;4,231;0;0,962;0;2,404;5,385;3,846;2,788;1,731;0;3,942;0;-1,058;9,808;1,827;4,519;0,096;13,41
97;Slovenia;13-07-2014;201407;97322;Social Democratic Party;SD;30;5;5;;;5,976;6;90;277;3,249;3,971;3,971;0;0;0,361;1,805;0;3,971;9,386;0;0,722;2,166;0;3,61;4,332;3,61;3,971;4,693;0,722;5,776;0;-7,581;7,942;5,054;8,664;0,361;13,41
97;Slovenia;03-06-2018;201806;97322;Social Democratic Party;SD;30;5;5;;;9,934;10;90;1452;1,171;4,477;0;0,758;0;1,171;0;0;2,755;11,983;0;0;4,063;0;3,03;3,099;3,581;4,545;13,567;0,069;4,339;0;-10,124;4,477;4,89;18,113;1,171;13,41
97;Slovenia;03-10-2004;200410;97330;Slovenian Democratic Party;SDS;60;5;5;;;29,079;29;90;1973;0,76;0,355;2,281;1,115;0;0,507;0;0;1,875;7,755;4,663;0;0;0;2,281;2,585;2,281;1,014;1,977;0;3,7;0,101;-1,926;7,299;1,521;2,99;0;26,031
97;Slovenia;21-09-2008;200809;97330;Slovenian Democratic Party;SDS;60;5;5;;;29,257;28;90;1505;0,664;0,532;5,05;0,797;0;0,598;0;0;4,983;10,166;2,326;0;0;0;1,196;3,522;2,259;1,196;3,123;0;4,186;0;-6,512;7,907;2,658;4,319;0;26,031
97;Slovenia;04-12-2011;201112;97330;Slovenian Democratic Party;SDS;60;5;5;;;26,193;26;90;2015;2,63;6,154;0,993;0,248;0;0,099;0;0;5,806;5,757;0,248;0;2,134;0;1,538;6,849;1,092;2,928;1,042;0;5,856;0;3,424;7,395;7,196;3,97;0,099;26,031
97;Slovenia;13-07-2014;201407;97330;Slovenian Democratic Party;SDS;60;5;5;;;20,708;21;90;354;1,412;0,282;1,13;0;0;0;0,565;0;2,825;6,497;0;0,282;4,52;0;0,847;2,825;4,52;1,412;7,91;0,282;3,39;0;4,52;1,412;6,215;9,322;0,847;26,031
97;Slovenia;03-06-2018;201806;97330;Slovenian Democratic Party;SDS;60;5;5;;;24,918;25;90;312;0,321;0,962;0;0,321;0;0;0;0;5,128;7,051;0;0;1,923;0;5,128;4,167;3,526;5,769;5,449;0;4,808;0,641;16,346;0,962;7,372;11,218;0;26,031
97;Slovenia;04-12-2011;201112;97340;Zoran Janković's List - Positive Slovenia;PS;30;5;5;;;28,512;28;90;278;2,518;2,518;0,36;0,719;0;0,36;0;0;3,237;8,633;2,158;0;1,439;0;2,158;4,317;0,719;4,317;2,518;0;1,799;0;14,029;5,036;2,158;6,835;0;28,512
97;Slovenia;03-06-2018;201806;97341;List of Marjan Šarec;LMŠ;40;5;5;;;12,597;13;90;143;2,797;0;0;0;0;0,699;0;0;2,098;18,182;0;0;0,699;0;2,797;3,497;5,594;0,699;12,587;0;2,797;0;2,797;0;0,699;13,287;0;12,597
97;Slovenia;15-10-2000;200010;97421;Liberal Democracy of Slovenia;LDS;40;5;5;;;36,26;34;90;2633;1,671;0,684;0,19;0;0;0;10,292;0;0,722;8,242;0,076;0;0;0;0;3,646;6,874;4,937;12,647;11,926;0,874;0;8,09;0,949;1,975;17,585;0,38;18,67357143
97;Slovenia;03-10-2004;200410;97421;Liberal Democracy of Slovenia;LDS;40;5;5;;;22,8;23;90;1783;0,785;1,066;6,057;0,449;0,224;0,112;0;0,056;7,291;9,366;5,104;0;0,224;0;2,86;2,58;3,533;2,019;2,356;0;4,206;0;-13,853;12,227;4,206;4,375;0;18,67357143
97;Slovenia;21-09-2008;200809;97421;Liberal Democracy of Slovenia;LDS;40;5;5;;;5,21;5;90;3651;1,945;0,52;4,684;0,74;0,11;1,26;0,383;0;1,726;20,652;2,712;0,027;0,63;0;1,972;5,094;1,89;1,753;2,602;0;2,903;0;5,314;7,916;4,574;4,355;0,027;18,67357143
97;Slovenia;04-12-2011;201112;97421;Liberal Democracy of Slovenia;LDS;40;5;5;;;1,476;0;90;885;2,373;3,39;0,904;0,565;0;0,452;0;0;2,825;6,102;1,921;0;0,226;0;0,678;5,198;3,051;6,328;2,486;0;6,102;0;3,842;6,215;2,26;8,814;0,226;18,67357143
97;Slovenia;13-07-2014;201407;97461;Party of Miro Cerar;SMC;40;5;5;;;34,492;36;90;293;1,365;2,389;1,365;0;0;0;1,024;0;2,73;15,358;0;1,706;0,683;0;3,072;2,73;6,485;0;6,485;0,683;8,532;0;-15,7;3,754;1,365;6,485;0;22,12
97;Slovenia;03-06-2018;201806;97461;Modern Centre Party;SMC;40;5;5;;;9,748;10;90;127;3,15;0;0;0;0;0;0,787;0;0;23,622;0;0,787;1,575;0;3,15;5,512;6,299;3,937;11,024;0;1,575;0;-8,661;0;2,362;14,961;0,787;22,12
