"country","countryname","oecdmember","eumember","edate","date","party","partyname","partyabbrev","parfam","candidatename","coderid","manual","coderyear","testresult","testeditsim","pervote","voteest","presvote","absseat","totseats","progtype","datasetorigin","corpusversion","total","peruncod","per101","per102","per103","per104","per105","per106","per107","per108","per109","per110","per201","per202","per203","per204","per301","per302","per303","per304","per305","per401","per402","per403","per404","per405","per406","per407","per408","per409","per410","per411","per412","per413","per414","per415","per416","per501","per502","per503","per504","per505","per506","per507","per601","per602","per603","per604","per605","per606","per607","per608","per701","per702","per703","per704","per705","per706","per1011","per1012","per1013","per1014","per1015","per1016","per1021","per1022","per1023","per1024","per1025","per1026","per1031","per1032","per1033","per2021","per2022","per2023","per2031","per2032","per2033","per2041","per3011","per3051","per3052","per3053","per3054","per3055","per4011","per4012","per4013","per4014","per4121","per4122","per4123","per4124","per4131","per4132","per5021","per5031","per5041","per5061","per6011","per6012","per6013","per6014","per6061","per6071","per6072","per6081","per7051","per7052","per7061","per7062","per103_1","per103_2","per201_1","per201_2","per202_1","per202_2","per202_3","per202_4","per305_1","per305_2","per305_3","per305_4","per305_5","per305_6","per416_1","per416_2","per601_1","per601_2","per602_1","per602_2","per605_1","per605_2","per606_1","per606_2","per607_1","per607_2","per607_3","per608_1","per608_2","per608_3","per703_1","per703_2","rile","planeco","markeco","welfare","intpeace","datasetversion","id_perm","avg_pervote"
11,"Sweden",0,0,1960-09-18,196009,11320,"Social Democratic Labour Party","SAP",30,"NA",117,0,1983,NA,NA,47.789,0,NA,114,232,1,10,"NA",389,NA,0,0,0,0.3,0,3.1,0.5,0,0.5,0,0,0,0,0,0,0,0,0,0,0,0.5,2.9,0,0,0,0,0.8,0,0.5,0,1.3,0,0.5,0,0,0,0.3,2.3,43.9,0,11,0,0,0,0,0,0,0,1.6,0,0,0,0,0,0,7.1,0,0,0,0,0,0,0,0,0,0,0,0,0,0,0,0,0,0,0,0,0,0,0,0,0,0,0,0,0,0,0,0,0,0,0,0,0,0,0,0,0,0,0,0,0,0,0,0,0,0,0,0,0,0,NA,NA,NA,NA,NA,NA,NA,NA,NA,NA,NA,NA,NA,NA,NA,NA,NA,NA,NA,NA,NA,NA,NA,NA,NA,NA,NA,NA,NA,NA,NA,NA,-61.4,4.2,0.5,46.2,3.1,"2024a","A3M93R",40.4221726752397
11,"Sweden",0,0,1960-09-18,196009,11420,"People’s Party","FP",40,"NA",117,0,1983,NA,NA,17.492,0,NA,40,232,1,10,"NA",46,NA,0,2.2,0,2.2,0,4.4,4.4,2.2,0,0,0,2.2,0,0,0,0,0,0,0,6.5,6.5,0,0,0,0,2.2,2.2,0,0,0,0,0,10.9,0,0,0,0,6.5,10.9,0,6.5,0,0,0,6.5,0,2.2,0,4.4,0,0,0,0,0,0,4.4,0,0,0,0,0,0,0,0,0,0,0,0,0,0,0,0,0,0,0,0,0,0,0,0,0,0,0,0,0,0,0,0,0,0,0,0,0,0,0,0,0,0,0,0,0,0,0,0,0,0,0,0,0,0,NA,NA,NA,NA,NA,NA,NA,NA,NA,NA,NA,NA,NA,NA,NA,NA,NA,NA,NA,NA,NA,NA,NA,NA,NA,NA,NA,NA,NA,NA,NA,NA,8.6,0,17.4,17.4,6.6,"2024a","461BJZ",10.1521420304505
11,"Sweden",0,0,1960-09-18,196009,11620,"Right Party","",60,"NA",117,0,1983,NA,NA,16.557,0,NA,39,232,1,10,"NA",354,NA,0,0,0,0,0,0,0,0,0,0,4.8,0,0,0,0,0,0.6,0,0,4.2,5.4,0,0,0,0,0,0,0,0,0,0,0,18.4,0,0,0,0,1.1,1.1,2,0.3,0,0,0,1.1,0,0.3,0,0,0,0,0,13.8,0,0,0.6,0,0,0,0,0,0,0,0,0,0,0,0,0,0,0,0,0,0,0,0,0,0,0,0,0,0,0,0,0,0,0,0,0,0,0,0,0,0,0,0,0,0,0,0,0,0,0,0,0,0,0,0,0,0,NA,NA,NA,NA,NA,NA,NA,NA,NA,NA,NA,NA,NA,NA,NA,NA,NA,NA,NA,NA,NA,NA,NA,NA,NA,NA,NA,NA,NA,NA,NA,NA,34.8,0,22.6,2.2,0,"2024a","YZVJX1",19.4304007502197
11,"Sweden",0,0,1960-09-18,196009,11810,"Centre Party","CP",80,"NA",117,0,1983,NA,NA,13.611,0,NA,34,232,1,10,"NA",151,NA,0,0,0,0.6,0,1.9,0.6,0,0,0,2.5,0.6,1.2,0.6,3.7,0,5.6,0,0,6.2,6.2,0.6,0,0,2.5,0.6,0,0,2.5,1.2,0,0,11.8,0,0,0,1.9,1.2,19.3,1.2,5,0,0,0,3.7,0,2.5,0,0.6,0,0,0,6.2,0,0,3.1,0,0,0,0,0,0,0,0,0,0,0,0,0,0,0,0,0,0,0,0,0,0,0,0,0,0,0,0,0,0,0,0,0,0,0,0,0,0,0,0,0,0,0,0,0,0,0,0,0,0,0,0,0,0,NA,NA,NA,NA,NA,NA,NA,NA,NA,NA,NA,NA,NA,NA,NA,NA,NA,NA,NA,NA,NA,NA,NA,NA,NA,NA,NA,NA,NA,NA,NA,NA,6,0.6,18,20.5,1.9,"2024a","COJWYR",12.2055473681481
11,"Sweden",10,0,1964-09-20,196409,11320,"Social Democratic Labour Party","SAP",30,"NA",117,0,1983,NA,NA,47.269,0,NA,113,233,1,10,"NA",1255,NA,0,0,0.9,0,0,0,0,2.2,0,0,0.5,0,0,0,0,0,0.2,0,0,0,0.8,1.3,0.2,0,0,0.2,1.1,0.2,1.8,0.6,0.2,0,0.1,0,0,0,0.3,7.2,23.1,0,10.9,0,0,0,0,0,0,1.9,0.4,0,0.5,0,0,0,0,1.4,0,0,0,0,0,0,0,0,0,0,0,0,0,0,0,0,0,0,0,0,0,0,0,0,0,0,0,0,0,0,0,0,0,0,0,0,0,0,0,0,0,0,0,0,0,0,0,0,0,0,0,0,0,0,NA,NA,NA,NA,NA,NA,NA,NA,NA,NA,NA,NA,NA,NA,NA,NA,NA,NA,NA,NA,NA,NA,NA,NA,NA,NA,NA,NA,NA,NA,NA,NA,-33.6,1.7,0.1,30.3,0,"2024a","2ILP7X",40.4221726752397
11,"Sweden",10,0,1964-09-20,196409,11420,"People’s Party","FP",40,"NA",117,0,1983,NA,NA,16.975,0,NA,42,233,1,10,"NA",336,NA,0,0,0,0,0,0,21.3,0,0,0,1.9,9.7,0,0,0,0,0,0.5,0,1,0.5,0,1,0,0,0.5,0,0,0,0.5,0,0,0,0,0,0,5.3,10.6,16.4,0,4.4,0,0,0,0,0,0,0,0,0,0,6.3,0,0,0,1,0,0,0,0,0,0,0,0,0,0,0,0,0,0,0,0,0,0,0,0,0,0,0,0,0,0,0,0,0,0,0,0,0,0,0,0,0,0,0,0,0,0,0,0,0,0,0,0,0,0,0,0,0,0,NA,NA,NA,NA,NA,NA,NA,NA,NA,NA,NA,NA,NA,NA,NA,NA,NA,NA,NA,NA,NA,NA,NA,NA,NA,NA,NA,NA,NA,NA,NA,NA,-48.9,1,1,27,0,"2024a","7STT98",10.1521420304505
11,"Sweden",10,0,1964-09-20,196409,11620,"Right Party","",60,"NA",117,0,1983,NA,NA,13.722,0,NA,32,233,1,10,"NA",53,NA,0,0,0,0,0,0,0,0,0,0,0,0,0,0,0,0,0,0,0,41.5,0,0,0,0,0,0,0,0,0,0,0,0,18.9,0,0,0,0,0,0,0,0,0,0,0,0,0,0,0,0,0,0,0,0,0,0,0,0,0,0,0,0,0,0,0,0,0,0,0,0,0,0,0,0,0,0,0,0,0,0,0,0,0,0,0,0,0,0,0,0,0,0,0,0,0,0,0,0,0,0,0,0,0,0,0,0,0,0,0,0,0,NA,NA,NA,NA,NA,NA,NA,NA,NA,NA,NA,NA,NA,NA,NA,NA,NA,NA,NA,NA,NA,NA,NA,NA,NA,NA,NA,NA,NA,NA,NA,NA,60.4,0,60.4,0,0,"2024a","HZZQA9",19.4304007502197
11,"Sweden",10,0,1964-09-20,196409,11810,"Centre Party","CP",80,"NA",117,0,1983,NA,NA,13.181,0,NA,33,233,1,10,"NA",235,11.915,0,0,0,0.426,0,0.426,0.426,0,0,0,1.277,1.702,0,0,2.553,0,3.404,0,0,5.532,7.234,0,0,0,0,0,0,0,4.255,2.128,0,0,3.83,0,0,4.681,3.404,0.851,22.553,0,10.213,0,0,0,1.702,0,1.277,0,0,0,0,0,7.234,0.851,0,2.128,0,0,0,0,0,0,0,0,0,0,0,0,0,0,0,0,0,0,0,0,0,0,0,0,0,0,0,0,0,0,0,0,0,0,0,0,0,0,0,0,0,0,0,0,0,0,0,0,0,0,0,0,0,0,NA,NA,NA,NA,NA,NA,NA,NA,NA,NA,NA,NA,NA,NA,NA,NA,NA,NA,NA,NA,NA,NA,NA,NA,NA,NA,NA,NA,NA,NA,NA,NA,-14.043,0,9.362,23.404,0.426,"2024a","EYBM81",12.2055473681481
11,"Sweden",10,0,1968-09-15,196809,11320,"Social Democratic Labour Party","SAP",30,"NA",117,0,1983,NA,NA,50.116,0,NA,125,233,1,10,"NA",56,NA,0,0,0,1.8,3.6,5.4,1.8,0,0,0,0,5.4,0,0,0,0,0,0,0,0,0,10.7,0,0,0,0,3.6,0,1.8,0,0,0,0,0,0,5.4,0,12.5,19.6,0,1.8,0,0,0,0,0,0,3.6,0,0,0,0,0,0,0,1.8,0,0,0,0,0,0,0,0,0,0,0,0,0,0,0,0,0,0,0,0,0,0,0,0,0,0,0,0,0,0,0,0,0,0,0,0,0,0,0,0,0,0,0,0,0,0,0,0,0,0,0,0,0,0,NA,NA,NA,NA,NA,NA,NA,NA,NA,NA,NA,NA,NA,NA,NA,NA,NA,NA,NA,NA,NA,NA,NA,NA,NA,NA,NA,NA,NA,NA,NA,NA,-42.9,10.7,0,32.1,9,"2024a","O4W5GS",40.4221726752397
11,"Sweden",10,0,1968-09-15,196809,11420,"People’s Party","FP",40,"NA",117,0,1983,NA,NA,14.256,0,NA,32,233,1,10,"NA",97,NA,0,0,0,0,0,0,13.4,0,0,0,0,0,0,0,0,0,0,0,0,1,3.1,0,4.1,1,0,0,3.1,0,4.1,1,0,0,1,0,0,0,0,1,45.4,0,2.1,0,0,0,0,0,0,0,0,0,0,0,0,0,0,1,0,0,0,0,0,0,0,0,0,0,0,0,0,0,0,0,0,0,0,0,0,0,0,0,0,0,0,0,0,0,0,0,0,0,0,0,0,0,0,0,0,0,0,0,0,0,0,0,0,0,0,0,0,0,NA,NA,NA,NA,NA,NA,NA,NA,NA,NA,NA,NA,NA,NA,NA,NA,NA,NA,NA,NA,NA,NA,NA,NA,NA,NA,NA,NA,NA,NA,NA,NA,-59.9,4.1,2,46.4,0,"2024a","KBBC4A",10.1521420304505
11,"Sweden",10,0,1968-09-15,196809,11620,"Right Party","",60,"NA",117,0,1983,NA,NA,12.859,0,NA,29,233,1,10,"NA",244,NA,2.5,0,0,0,0,0.4,0,0.8,0,0,1.6,3.3,0,0,0,0,0,0,0,5.3,10.7,1.2,0,0,0,0,1.6,0,1.2,0,0,0,9.4,0,0,0,0,2.9,3.3,0,0,0,0,0,0.4,0,6.6,0,0,0,0,0,0,0,0,1.6,0,0,0,0,0,0,0,0,0,0,0,0,0,0,0,0,0,0,0,0,0,0,0,0,0,0,0,0,0,0,0,0,0,0,0,0,0,0,0,0,0,0,0,0,0,0,0,0,0,0,0,0,0,0,NA,NA,NA,NA,NA,NA,NA,NA,NA,NA,NA,NA,NA,NA,NA,NA,NA,NA,NA,NA,NA,NA,NA,NA,NA,NA,NA,NA,NA,NA,NA,NA,25.8,1.2,14.7,6.2,0.4,"2024a","EKYIVF",19.4304007502197
11,"Sweden",10,0,1968-09-15,196809,11810,"Centre Party","CP",80,"NA",117,0,1983,NA,NA,15.679,0,NA,37,233,1,10,"NA",645,NA,0.8,0,0,0.2,0,1.1,4.5,0.2,0,0,0.3,1.5,0,0.3,6.1,0,0.3,0,0,2.8,7,1.9,4,0.6,0,1.1,2.8,1.5,3.9,1.9,0,0,1.2,0,0,4.2,1.9,5.6,10.5,0.3,7.9,0,0,0,2.9,0,4,0,2.5,0,0,0,4.6,0,0.8,6.1,0,0,0,0,0,0,0,0,0,0,0,0,0,0,0,0,0,0,0,0,0,0,0,0,0,0,0,0,0,0,0,0,0,0,0,0,0,0,0,0,0,0,0,0,0,0,0,0,0,0,0,0,0,0,NA,NA,NA,NA,NA,NA,NA,NA,NA,NA,NA,NA,NA,NA,NA,NA,NA,NA,NA,NA,NA,NA,NA,NA,NA,NA,NA,NA,NA,NA,NA,NA,-11.6,5.9,4,16.1,1.1,"2024a","PBGFOL",12.2055473681481
11,"Sweden",10,0,1970-09-20,197009,11320,"Social Democratic Labour Party","SAP",30,"NA",117,0,1983,NA,NA,45.343,0,NA,163,350,1,10,"NA",197,NA,0.5,0,0,0,0,4.1,4.6,0.5,0,0,0,5.1,0,0,5.6,0,0,0,0,0,1,8.1,1,0.5,0,0.5,2.5,1.5,4.1,0.5,1,0,1.5,0,0,7.1,0.5,16.8,13.7,0,4.1,0,0,0,0,0,0,0,1,0,2.5,0,0.5,1,0,3.1,0,0,0,0,0,0,0,0,0,0,0,0,0,0,0,0,0,0,0,0,0,0,0,0,0,0,0,0,0,0,0,0,0,0,0,0,0,0,0,0,0,0,0,0,0,0,0,0,0,0,0,0,0,0,NA,NA,NA,NA,NA,NA,NA,NA,NA,NA,NA,NA,NA,NA,NA,NA,NA,NA,NA,NA,NA,NA,NA,NA,NA,NA,NA,NA,NA,NA,NA,NA,-41.2,10.1,1.5,30.5,4.1,"2024a","8DH2KX",40.4221726752397
11,"Sweden",10,0,1970-09-20,197009,11420,"People’s Party","FP",40,"NA",117,0,1983,NA,NA,16.211,0,NA,58,350,1,10,"NA",123,NA,0,0,0,0,0,3.3,2.4,0,0,0,0.8,10.6,0,1.6,1.6,0,0.8,0,0,0.8,1.6,5.7,3.3,0.8,0,0,1.6,0.8,2.4,0.8,0,0,1.6,0,0,8.9,0,8.9,14.6,0,3.3,0,0,0,1.6,0,3.3,0,0,0,0,1.6,0,0,0.8,4.9,0,0,0,0,0,0,0,0,0,0,0,0,0,0,0,0,0,0,0,0,0,0,0,0,0,0,0,0,0,0,0,0,0,0,0,0,0,0,0,0,0,0,0,0,0,0,0,0,0,0,0,0,0,0,NA,NA,NA,NA,NA,NA,NA,NA,NA,NA,NA,NA,NA,NA,NA,NA,NA,NA,NA,NA,NA,NA,NA,NA,NA,NA,NA,NA,NA,NA,NA,NA,-33.5,9,2.4,23.5,3.3,"2024a","GF23Y3",10.1521420304505
11,"Sweden",10,0,1970-09-20,197009,11620,"Moderate Coalition Party","MSP",60,"NA",117,0,1983,NA,NA,11.531,0,NA,41,350,1,10,"NA",47,NA,0,0,0,0,0,0,0,0,0,0,8.5,12.8,0,0,2.1,0,2.1,2.1,0,4.3,4.3,0,0,0,0,0,2.1,0,0,0,0,0,6.4,0,0,2.1,0,6.4,10.6,0,6.4,0,0,0,8.5,0,4.3,4.3,0,0,0,0,2.1,0,0,4.3,0,0,0,0,0,0,0,0,0,0,0,0,0,0,0,0,0,0,0,0,0,0,0,0,0,0,0,0,0,0,0,0,0,0,0,0,0,0,0,0,0,0,0,0,0,0,0,0,0,0,0,0,0,0,NA,NA,NA,NA,NA,NA,NA,NA,NA,NA,NA,NA,NA,NA,NA,NA,NA,NA,NA,NA,NA,NA,NA,NA,NA,NA,NA,NA,NA,NA,NA,NA,10.8,0,10.7,17,0,"2024a","2I7NMD",19.4304007502197
11,"Sweden",10,0,1970-09-20,197009,11810,"Centre Party","CP",80,"NA",117,0,1983,NA,NA,19.919,0,NA,71,350,1,10,"NA",96,NA,2.1,0,0,0,0,2.1,2.1,1,0,0,0,6.3,0,0,13.5,0,1,0,0,3.1,11.5,5.2,4.2,0,0,0,0,0,4.2,0,1,0,2.1,0,0,5.2,0,6.3,14.6,0,1,0,0,0,3.1,0,2.1,0,0,0,0,0,4.2,0,0,2.1,0,0,0,0,0,0,0,0,0,0,0,0,0,0,0,0,0,0,0,0,0,0,0,0,0,0,0,0,0,0,0,0,0,0,0,0,0,0,0,0,0,0,0,0,0,0,0,0,0,0,0,0,0,0,NA,NA,NA,NA,NA,NA,NA,NA,NA,NA,NA,NA,NA,NA,NA,NA,NA,NA,NA,NA,NA,NA,NA,NA,NA,NA,NA,NA,NA,NA,NA,NA,-14.6,10.4,5.2,20.9,2.1,"2024a","GSOD7F",12.2055473681481
11,"Sweden",10,0,1973-09-16,197309,11320,"Social Democratic Labour Party","SAP",30,"NA",117,0,1983,NA,NA,43.559,0,NA,156,350,1,10,"NA",41,NA,0,0,0,0,0,2.6,0,0,0,0,0,7.7,0,0,0,0,0,0,0,0,0,5.1,0,0,0,0,7.7,0,0,0,0,0,5.1,0,0,0,0,10.3,12.8,0,0,0,0,0,0,0,0,15.4,0,0,0,0,0,0,0,0,0,0,0,0,0,0,0,0,0,0,0,0,0,0,0,0,0,0,0,0,0,0,0,0,0,0,0,0,0,0,0,0,0,0,0,0,0,0,0,0,0,0,0,0,0,0,0,0,0,0,0,0,0,0,NA,NA,NA,NA,NA,NA,NA,NA,NA,NA,NA,NA,NA,NA,NA,NA,NA,NA,NA,NA,NA,NA,NA,NA,NA,NA,NA,NA,NA,NA,NA,NA,-7.7,5.1,5.1,23.1,2.6,"2024a","3TQEFF",40.4221726752397
11,"Sweden",10,0,1973-09-16,197309,11420,"People’s Party","FP",40,"NA",117,0,1983,NA,NA,9.419,0,NA,34,350,1,10,"NA",149,NA,0,0,0,0,0,0,2,0,0,0,4.7,8.7,0.7,1.3,6.7,0.7,0,0,0,4,1.3,4.7,1.3,1.3,0,0,3.4,2,2,3.4,0,0,4,0,0,12.1,0,6,7.4,0,4.7,0,0,0,1.3,0,1.3,0,1.3,0,0,0,0,0,0.7,1.3,0,0,0,0,0,0,0,0,0,0,0,0,0,0,0,0,0,0,0,0,0,0,0,0,0,0,0,0,0,0,0,0,0,0,0,0,0,0,0,0,0,0,0,0,0,0,0,0,0,0,0,0,0,0,NA,NA,NA,NA,NA,NA,NA,NA,NA,NA,NA,NA,NA,NA,NA,NA,NA,NA,NA,NA,NA,NA,NA,NA,NA,NA,NA,NA,NA,NA,NA,NA,-11.5,6,8,13.4,0,"2024a","AEJX65",10.1521420304505
11,"Sweden",10,0,1973-09-16,197309,11620,"Moderate Coalition Party","MSP",60,"NA",117,0,1983,NA,NA,14.294,0,NA,51,350,1,10,"NA",76,NA,0,0,0,1.3,0,2.6,0,0,0,0,2.6,2.6,0,1.3,2.6,0,0,0,0,11.8,7.9,0,0,0,0,0,1.3,0,1.3,0,0,0,3.9,0,0,6.6,0,10.5,10.5,0,9.2,0,0,0,6.6,0,7.9,2.6,1.3,0,0,0,1.3,0,0,1.3,0,0,0,0,0,0,0,0,0,0,0,0,0,0,0,0,0,0,0,0,0,0,0,0,0,0,0,0,0,0,0,0,0,0,0,0,0,0,0,0,0,0,0,0,0,0,0,0,0,0,0,0,0,0,NA,NA,NA,NA,NA,NA,NA,NA,NA,NA,NA,NA,NA,NA,NA,NA,NA,NA,NA,NA,NA,NA,NA,NA,NA,NA,NA,NA,NA,NA,NA,NA,19.7,0,15.7,21,2.6,"2024a","92DNQ4",19.4304007502197
11,"Sweden",10,0,1973-09-16,197309,11810,"Centre Party","CP",80,"NA",117,0,1983,NA,NA,25.101,0,NA,90,350,1,10,"NA",167,NA,0.6,0,0,0.6,0,1.2,1.2,0,0,0,0.6,7.5,0.6,1.2,14.4,0,0,0,0,0,4,8,1.7,0,0,0,4.6,4,0,1.7,0,0,1.2,0,0,6.9,0.6,5.2,12.6,0,4.6,0,0,0,4.6,0,1.2,0,2.3,0,0,0,3.4,0,0,4,0,0,0,0,0,0,0,0,0,0,0,0,0,0,0,0,0,0,0,0,0,0,0,0,0,0,0,0,0,0,0,0,0,0,0,0,0,0,0,0,0,0,0,0,0,0,0,0,0,0,0,0,0,0,NA,NA,NA,NA,NA,NA,NA,NA,NA,NA,NA,NA,NA,NA,NA,NA,NA,NA,NA,NA,NA,NA,NA,NA,NA,NA,NA,NA,NA,NA,NA,NA,-24,9.7,1.2,17.8,1.2,"2024a","YCKVJ8",12.2055473681481
11,"Sweden",10,0,1976-09-19,197609,11320,"Social Democratic Labour Party","SAP",30,"NA",117,0,1983,NA,NA,42.749,0,NA,152,349,1,10,"NA",70,NA,0,0,0,0,0,8.6,4.3,0,0,0,0,4.3,0,0,0,0,0,0,0,0,5.7,0,0,0,0,0,14.3,0,4.3,4.3,0,0,10,0,0,4.3,0,5.7,10,0,2.9,0,0,0,0,0,0,2.9,0,0,0,0,0,0,0,1.4,0,0,0,0,0,0,0,0,0,0,0,0,0,0,0,0,0,0,0,0,0,0,0,0,0,0,0,0,0,0,0,0,0,0,0,0,0,0,0,0,0,0,0,0,0,0,0,0,0,0,0,0,0,0,NA,NA,NA,NA,NA,NA,NA,NA,NA,NA,NA,NA,NA,NA,NA,NA,NA,NA,NA,NA,NA,NA,NA,NA,NA,NA,NA,NA,NA,NA,NA,NA,-11.5,0,10,15.7,8.6,"2024a","D925YT",40.4221726752397
11,"Sweden",10,0,1976-09-19,197609,11420,"People’s Party","FP",40,"NA",117,0,1983,NA,NA,11.063,0,NA,39,349,1,10,"NA",143,NA,0,0,0,0,0,0.7,2.8,0,0,0,7,7.7,1.4,0,5.6,0,0.7,0,0,2.1,2.1,6.3,0,0,0,0.7,0.7,3.5,1.4,2.1,0,0,3.5,0,0,11.2,4.2,3.5,0,0,0,0,0,0,1.4,0,0,0,4.2,0,2.8,0,0,0,0,18.9,0,0,0,0,0,0,0,0,0,0,0,0,0,0,0,0,0,0,0,0,0,0,0,0,0,0,0,0,0,0,0,0,0,0,0,0,0,0,0,0,0,0,0,0,0,0,0,0,0,0,0,0,0,0,NA,NA,NA,NA,NA,NA,NA,NA,NA,NA,NA,NA,NA,NA,NA,NA,NA,NA,NA,NA,NA,NA,NA,NA,NA,NA,NA,NA,NA,NA,NA,NA,-2.1,6.3,5.6,3.5,0.7,"2024a","26EKZ3",10.1521420304505
11,"Sweden",10,0,1976-09-19,197609,11620,"Moderate Coalition Party","MSP",60,"NA",117,0,1983,NA,NA,15.589,0,NA,55,349,1,10,"NA",103,NA,0,0,0,1,0,1.9,0,0,0,0,10.7,7.8,0,1,1,0,1,0,0,8.7,4.9,1.9,0,0,0,0,2.9,0,2.9,0,0,0,3.9,0,0,1,4.9,2.9,12.6,0,8.7,0,0,0,1,0,4.9,0,1,0,0,0,1.9,0,0,3.9,0,0,0,0,0,0,0,0,0,0,0,0,0,0,0,0,0,0,0,0,0,0,0,0,0,0,0,0,0,0,0,0,0,0,0,0,0,0,0,0,0,0,0,0,0,0,0,0,0,0,0,0,0,0,NA,NA,NA,NA,NA,NA,NA,NA,NA,NA,NA,NA,NA,NA,NA,NA,NA,NA,NA,NA,NA,NA,NA,NA,NA,NA,NA,NA,NA,NA,NA,NA,2.2,1.9,12.6,15.5,1.9,"2024a","6VJYHS",19.4304007502197
11,"Sweden",10,0,1976-09-19,197609,11810,"Centre Party","CP",80,"NA",117,0,1983,NA,NA,24.085,0,NA,86,349,1,10,"NA",296,NA,0.3,0,0,0.3,0,1.3,1,0,0,0,2,3,0,0,15.2,0,0.7,0,0,0.7,4.4,3.7,1,0,0,0,2.4,0,1.3,0,1,0,0.7,0,0,17.2,0.7,5.1,17.6,0,3.4,0,0,0,4.4,0,2,0,1.3,0,0.7,0,4.4,0,0.7,0.7,0,0,0,0,0,0,0,0,0,0,0,0,0,0,0,0,0,0,0,0,0,0,0,0,0,0,0,0,0,0,0,0,0,0,0,0,0,0,0,0,0,0,0,0,0,0,0,0,0,0,0,0,0,0,NA,NA,NA,NA,NA,NA,NA,NA,NA,NA,NA,NA,NA,NA,NA,NA,NA,NA,NA,NA,NA,NA,NA,NA,NA,NA,NA,NA,NA,NA,NA,NA,-18.2,5.7,1.4,22.7,1.3,"2024a","BYIW8Y",12.2055473681481
11,"Sweden",10,0,1979-09-16,197909,11320,"Social Democratic Labour Party","SAP",30,"NA",117,0,1983,NA,NA,43.244,0,NA,154,349,1,10,"NA",151,NA,0,0,0,0,0,4.6,4,0,0,0,0,3.3,0,0,1.3,0,0,0,0,0,0.7,4,0,0,0,0,6,0,4,0.7,0.7,0,9.9,0,0,7.3,0,7.3,15.2,0,2.7,0,0,0,1.3,0,2,5.3,0.7,0,0,0,0,0,1.3,3.3,0,0,0,0,0,0,0,0,0,0,0,0,0,0,0,0,0,0,0,0,0,0,0,0,0,0,0,0,0,0,0,0,0,0,0,0,0,0,0,0,0,0,0,0,0,0,0,0,0,0,0,0,0,0,NA,NA,NA,NA,NA,NA,NA,NA,NA,NA,NA,NA,NA,NA,NA,NA,NA,NA,NA,NA,NA,NA,NA,NA,NA,NA,NA,NA,NA,NA,NA,NA,-15.3,4.7,9.9,22.5,4.6,"2024a","KKU18G",40.4221726752397
11,"Sweden",10,0,1979-09-16,197909,11420,"People’s Party","FP",40,"NA",117,0,1983,NA,NA,10.591,0,NA,38,349,1,10,"NA",462,NA,0.2,0,0,0,0,0.9,3.7,0.2,0,0,1.5,2,0.2,0,1.7,0.2,3.7,0,0,1.3,1.5,1.7,0,0.4,0,1.3,4.6,5.2,3,0.2,0.4,0,1.7,0,0,12.5,0.9,7.6,12.5,0,5.6,0,0,0,3,0,1.1,0,2.2,0,0,0,0,0,3.3,4.8,0,0,0,0,0,0,0,0,0,0,0,0,0,0,0,0,0,0,0,0,0,0,0,0,0,0,0,0,0,0,0,0,0,0,0,0,0,0,0,0,0,0,0,0,0,0,0,0,0,0,0,0,0,0,NA,NA,NA,NA,NA,NA,NA,NA,NA,NA,NA,NA,NA,NA,NA,NA,NA,NA,NA,NA,NA,NA,NA,NA,NA,NA,NA,NA,NA,NA,NA,NA,-15.2,2.1,3,20.1,0.9,"2024a","76HUAM",10.1521420304505
11,"Sweden",10,0,1979-09-16,197909,11620,"Moderate Coalition Party","MSP",60,"NA",117,0,1983,NA,NA,20.343,0,NA,73,349,1,10,"NA",127,NA,0.8,0,0,0.8,0,0,0.8,0.8,0,0,10.3,1.6,0,0.8,0,1.6,2.4,0,0,10.3,8.7,0,0,0,0,0,3.2,0,0.8,0,0,0,4.8,0,0,12.7,4.8,4.8,7.1,0,7.1,0,0,0,1.6,0,3.2,0,0.8,0,0,0,0.8,0,0,1.6,0,0,0,0,0,0,0,0,0,0,0,0,0,0,0,0,0,0,0,0,0,0,0,0,0,0,0,0,0,0,0,0,0,0,0,0,0,0,0,0,0,0,0,0,0,0,0,0,0,0,0,0,0,0,NA,NA,NA,NA,NA,NA,NA,NA,NA,NA,NA,NA,NA,NA,NA,NA,NA,NA,NA,NA,NA,NA,NA,NA,NA,NA,NA,NA,NA,NA,NA,NA,23.1,0,15.1,11.9,0,"2024a","R9W8MH",19.4304007502197
11,"Sweden",10,0,1979-09-16,197909,11810,"Centre Party","CP",80,"NA",117,0,1983,NA,NA,18.07,0,NA,64,349,1,10,"NA",280,NA,0.4,0,0,0.4,0,1.8,3.6,0,0,0,1.8,2.9,0,0,6.4,0,0,0,0,1.1,5.4,1.8,1.4,0,0,0,1.8,0,2.1,2.5,0,0,0.7,0,0,14.3,3.2,4.6,7.9,0,7.1,0,0,0,6.8,0,1.8,0.4,2.9,0,0,0,10,0,1.8,3.2,0,0,0,0,0,0,0,0,0,0,0,0,0,0,0,0,0,0,0,0,0,0,0,0,0,0,0,0,0,0,0,0,0,0,0,0,0,0,0,0,0,0,0,0,0,0,0,0,0,0,0,0,0,0,NA,NA,NA,NA,NA,NA,NA,NA,NA,NA,NA,NA,NA,NA,NA,NA,NA,NA,NA,NA,NA,NA,NA,NA,NA,NA,NA,NA,NA,NA,NA,NA,-8.1,3.2,1.8,12.5,1.8,"2024a","S93OBI",12.2055473681481
11,"Sweden",10,0,1982-09-19,198209,11320,"Social Democratic Labour Party","SAP",30,"NA",117,0,1983,NA,NA,45.606,0,NA,166,349,1,10,"NA",124,NA,0,2.4,0,0,0,6.4,2.4,0,0,0,2.4,5.6,0,0,0,0,0,0,0,0,0,0,0,0,0,0,13.7,0,0.8,0.8,2.4,0,4,0,0,12.9,0,7.3,12.1,1.6,0,0,0,0,0,0,0,3.2,0,0,0.8,0,0,0,0,1.6,0,0,0,0,0,0,0,0,0,0,0,0,0,0,0,0,0,0,0,0,0,0,0,0,0,0,0,0,0,0,0,0,0,0,0,0,0,0,0,0,0,0,0,0,0,0,0,0,0,0,0,0,0,0,NA,NA,NA,NA,NA,NA,NA,NA,NA,NA,NA,NA,NA,NA,NA,NA,NA,NA,NA,NA,NA,NA,NA,NA,NA,NA,NA,NA,NA,NA,NA,NA,-18.5,2.4,4,19.4,8.8,"2024a","8DS18X",40.4221726752397
11,"Sweden",10,0,1982-09-19,198209,11420,"People’s Party","FP",40,"NA",117,0,1983,NA,NA,5.901,0,NA,21,349,1,10,"NA",123,NA,0,0,0,0,0,4.1,4.1,0,0,0,10.6,6.5,0,0,3.3,0,0.8,0,0,6.5,2.4,0,0,0,0,0.8,1.6,0,2.4,0,0,0,7.3,0,0,2.4,1.6,13,8.9,0.8,3.3,0,0,0,3.3,0,0.8,0,4.1,0,0.8,2.4,0,0,0,0,0,0,0,0,0,0,0,0,0,0,0,0,0,0,0,0,0,0,0,0,0,0,0,0,0,0,0,0,0,0,0,0,0,0,0,0,0,0,0,0,0,0,0,0,0,0,0,0,0,0,0,0,0,0,NA,NA,NA,NA,NA,NA,NA,NA,NA,NA,NA,NA,NA,NA,NA,NA,NA,NA,NA,NA,NA,NA,NA,NA,NA,NA,NA,NA,NA,NA,NA,NA,4.8,0,13.8,21.9,4.1,"2024a","IP1CPE",10.1521420304505
11,"Sweden",10,0,1982-09-19,198209,11620,"Moderate Coalition Party","MSP",60,"NA",117,0,1983,NA,NA,23.644,0,NA,86,349,1,10,"NA",140,NA,0.7,1.4,0,2.9,0,2.1,1.4,0.7,0,0,5.7,2.1,0,1.4,0,0.7,6.4,0,0,11.4,5.7,0,0,0,0,0,2.1,0,0.7,0,0,0,12.1,0,0,3.6,2.9,0.7,7.1,3.6,7.9,0,0,0,0.7,0,3.6,0,0.7,0,0,0,2.1,0,0,1.4,0,0,0,0,0,0,0,0,0,0,0,0,0,0,0,0,0,0,0,0,0,0,0,0,0,0,0,0,0,0,0,0,0,0,0,0,0,0,0,0,0,0,0,0,0,0,0,0,0,0,0,0,0,0,NA,NA,NA,NA,NA,NA,NA,NA,NA,NA,NA,NA,NA,NA,NA,NA,NA,NA,NA,NA,NA,NA,NA,NA,NA,NA,NA,NA,NA,NA,NA,NA,25.1,0,23.5,7.8,3.5,"2024a","1H6KAX",19.4304007502197
11,"Sweden",10,0,1982-09-19,198209,11810,"Centre Party","CP",80,"NA",117,0,1983,NA,NA,15.476,0,NA,56,349,1,10,"NA",339,NA,1.5,0,0,0.9,0,4.4,3.2,0.3,0,0,0.6,0.9,0,0,7,0,1.5,0,0,2.3,5.3,0.9,1.2,0.3,0.3,0,3.8,0,3.8,2.9,0,0,2.9,0,0,14.6,0.9,2.3,10.5,0,9.9,0,0,0,3.2,0,2.1,0,1.5,0,0,0,6.4,0,0.3,0.3,0,0,0,0,0,0,0,0,0,0,0,0,0,0,0,0,0,0,0,0,0,0,0,0,0,0,0,0,0,0,0,0,0,0,0,0,0,0,0,0,0,0,0,0,0,0,0,0,0,0,0,0,0,0,NA,NA,NA,NA,NA,NA,NA,NA,NA,NA,NA,NA,NA,NA,NA,NA,NA,NA,NA,NA,NA,NA,NA,NA,NA,NA,NA,NA,NA,NA,NA,NA,-14,2.1,5.2,12.8,4.4,"2024a","URYWXT",12.2055473681481
11,"Sweden",10,0,1985-09-15,198509,11320,"Social Democratic Labour Party","SAP",30,"NA",228,1,1991,0.631,NA,44.684,0,NA,159,349,1,10,"NA",81,29.6,0,0,0,1.2,0,3.7,9.9,0,0,0,0,0,0,0,0,0,1.2,0,0,1.2,0,0,0,0,0,0,3.7,0,6.2,3.7,0,0,8.6,0,0,9.9,2.5,0,16,0,2.5,0,0,0,0,0,0,0,0,0,0,0,0,0,0,0,0,0,0,0,0,0,0,0,0,0,0,0,0,0,0,0,0,0,0,0,0,0,0,0,0,0,0,0,0,0,0,0,0,0,0,0,0,0,0,0,0,0,0,0,0,0,0,0,0,0,0,0,0,0,NA,NA,NA,NA,NA,NA,NA,NA,NA,NA,NA,NA,NA,NA,NA,NA,NA,NA,NA,NA,NA,NA,NA,NA,NA,NA,NA,NA,NA,NA,NA,NA,-21.1,0,9.8,16,3.7,"2024a","8YGFP7",40.4221726752397
11,"Sweden",10,0,1985-09-15,198509,11420,"People’s Party","FP",40,"NA",228,1,1991,0.631,NA,14.231,0,NA,51,349,1,10,"NA",201,18.9,0,0,0,1.5,0,3,6,0,0,0,5.5,0,0,0,1,0,0,0,0,12.9,6.5,0,0,0,0,0,0,0,0.5,0,0,0,11.9,0,0,6.5,4,3.5,13.4,0,4,0,0,0,0.5,0,0.5,0,0,0,0,0,0,0,0,0,0,0,0,0,0,0,0,0,0,0,0,0,0,0,0,0,0,0,0,0,0,0,0,0,0,0,0,0,0,0,0,0,0,0,0,0,0,0,0,0,0,0,0,0,0,0,0,0,0,0,0,0,0,0,NA,NA,NA,NA,NA,NA,NA,NA,NA,NA,NA,NA,NA,NA,NA,NA,NA,NA,NA,NA,NA,NA,NA,NA,NA,NA,NA,NA,NA,NA,NA,NA,12.9,0,24.8,16.9,3,"2024a","TTRWGN",10.1521420304505
11,"Sweden",10,0,1985-09-15,198509,11620,"Moderate Coalition Party","MSP",60,"NA",228,1,1991,0.631,NA,21.328,0,NA,76,349,1,10,"NA",104,1,0,0,0,2.9,0,1.9,1,1,0,0,5.8,1.9,0,0,3.8,0,0,0,0,21.2,15.4,0,0,0,0,0,1,0,0,0,0,0,9.6,0,0,4.8,1.9,0,2.9,1,3.8,0,0,0,9.6,0,5.8,0,0,0,0,0,3.8,0,0,0,0,0,0,0,0,0,0,0,0,0,0,0,0,0,0,0,0,0,0,0,0,0,0,0,0,0,0,0,0,0,0,0,0,0,0,0,0,0,0,0,0,0,0,0,0,0,0,0,0,0,0,0,0,0,NA,NA,NA,NA,NA,NA,NA,NA,NA,NA,NA,NA,NA,NA,NA,NA,NA,NA,NA,NA,NA,NA,NA,NA,NA,NA,NA,NA,NA,NA,NA,NA,59.8,0,30.8,2.9,1.9,"2024a","OIT1OQ",19.4304007502197
11,"Sweden",10,0,1985-09-15,198509,11810,"Centre Party","CP",80,"NA",228,1,1991,0.631,NA,12.13,1,NA,43,349,1,10,"NA",168,6,0.6,0,0,0,0,1.8,1.8,0,0,0,3,0,0,0,11.9,0,0.6,0,1.8,3,2.4,0,0,0,0,0,0,0,6,3,0,0,9.5,0,0,15.5,1.2,3,14.9,0,7.1,0,1.2,0,1.8,0,1.2,0.6,0,0,0,0,2.4,0,0,0,0,0,0,0,0,0,0,0,0,0,0,0,0,0,0,0,0,0,0,0,0,0,0,0,0,0,0,0,0,0,0,0,0,0,0,0,0,0,0,0,0,0,0,0,0,0,0,0,0,0,0,0,0,0,NA,NA,NA,NA,NA,NA,NA,NA,NA,NA,NA,NA,NA,NA,NA,NA,NA,NA,NA,NA,NA,NA,NA,NA,NA,NA,NA,NA,NA,NA,NA,NA,-1.1,0,12.5,17.9,1.8,"2024a","OW44HR",12.2055473681481
11,"Sweden",10,0,1988-09-18,198809,11320,"Social Democratic Labour Party","SAP",30,"NA",228,1,1991,0.631,NA,43.207,0,NA,156,349,1,10,"NA",63,14.3,0,0,0,0,0,1.6,1.6,1.6,0,0,0,0,0,0,0,0,4.8,0,0,0,0,0,0,0,0,0,0,0,1.6,0,0,0,6.3,0,0,15.9,9.5,15.9,23.8,0,3.2,0,0,0,0,0,0,0,0,0,0,0,0,0,0,0,0,0,0,0,0,0,0,0,0,0,0,0,0,0,0,0,0,0,0,0,0,0,0,0,0,0,0,0,0,0,0,0,0,0,0,0,0,0,0,0,0,0,0,0,0,0,0,0,0,0,0,0,0,0,NA,NA,NA,NA,NA,NA,NA,NA,NA,NA,NA,NA,NA,NA,NA,NA,NA,NA,NA,NA,NA,NA,NA,NA,NA,NA,NA,NA,NA,NA,NA,NA,-23.9,0,6.3,39.7,1.6,"2024a","IC656T",40.4221726752397
11,"Sweden",10,0,1988-09-18,198809,11420,"People’s Party","FP",40,"NA",228,1,1991,0.631,NA,12.202,0,NA,44,349,1,10,"NA",299,16.1,0,0,0,0,0,0,16.1,0.7,0,0,4.3,0,0,0,4.3,0,0,0,0,8.7,7.4,0,0,0,0,0,0,0,2,2.7,0,0,2,0,0,9.7,5.7,1,12,0,4.7,0,0,0,0,0,2.7,0,0,0,0,0,0,0,0,0,0,0,0,0,0,0,0,0,0,0,0,0,0,0,0,0,0,0,0,0,0,0,0,0,0,0,0,0,0,0,0,0,0,0,0,0,0,0,0,0,0,0,0,0,0,0,0,0,0,0,0,0,0,0,NA,NA,NA,NA,NA,NA,NA,NA,NA,NA,NA,NA,NA,NA,NA,NA,NA,NA,NA,NA,NA,NA,NA,NA,NA,NA,NA,NA,NA,NA,NA,NA,-7.7,0,10.7,13,0,"2024a","H74RTC",10.1521420304505
11,"Sweden",10,0,1988-09-18,198809,11620,"Moderate Coalition Party","MSP",60,"NA",228,1,1991,0.631,NA,18.297,0,NA,66,349,1,10,"NA",183,24.6,0,0,0,3.8,0,0.5,3.3,4.9,0,0,4.9,0.5,0,0,0,2.2,0,0,0,6,8.2,0,0,0,0,0,0.5,0,0.5,0.5,0,0,8.2,0,0,8.2,1.6,0,1.6,0,2.2,0,1.1,0,3.3,0,9.3,0,0,0,0,0,2.7,0,0,1.1,0,0,0,0,0,0,0,0,0,0,0,0,0,0,0,0,0,0,0,0,0,0,0,0,0,0,0,0,0,0,0,0,0,0,0,0,0,0,0,0,0,0,0,0,0,0,0,0,0,0,0,0,0,0,NA,NA,NA,NA,NA,NA,NA,NA,NA,NA,NA,NA,NA,NA,NA,NA,NA,NA,NA,NA,NA,NA,NA,NA,NA,NA,NA,NA,NA,NA,NA,NA,36.7,0,14.2,1.6,0.5,"2024a","BFZBWT",19.4304007502197
11,"Sweden",10,0,1988-09-18,198809,11810,"Centre Party","CP",80,"NA",228,1,1991,0.631,NA,11.3,0,NA,42,349,1,10,"NA",96,10.4,0,0,0,0,0,1,3.1,0,0,0,0,0,0,0,6.3,0,0,0,0,3.1,3.1,0,0,0,0,0,0,0,1,0,0,0,5.2,0,0,26,5.2,9.4,6.3,0,12.5,0,0,0,1,0,5.2,0,0,0,0,0,1,0,0,0,0,0,0,0,0,0,0,0,0,0,0,0,0,0,0,0,0,0,0,0,0,0,0,0,0,0,0,0,0,0,0,0,0,0,0,0,0,0,0,0,0,0,0,0,0,0,0,0,0,0,0,0,0,0,NA,NA,NA,NA,NA,NA,NA,NA,NA,NA,NA,NA,NA,NA,NA,NA,NA,NA,NA,NA,NA,NA,NA,NA,NA,NA,NA,NA,NA,NA,NA,NA,-5.3,0,8.3,15.7,1,"2024a","P6VK3B",12.2055473681481
11,"Sweden",10,0,1991-09-15,199109,11320,"Social Democratic Labour Party","SAP",30,"NA",228,1,1994,0.631,NA,37.705,0,NA,138,349,1,10,"NA",130,21.538,0,0,0,0,0,0,6.154,3.077,0,0,0,3.077,0,0,0,0,0,0,3.077,0,1.538,0,0,0,0,0,0.769,0,3.077,3.846,0,0,5.385,0,0,11.538,0,15.385,4.615,0,0.769,0,3.846,0,0,0,0,0,0,0,5.385,0,0,0,2.308,4.615,0,0,0,0,0,0,0,0,0,0,0,0,0,0,0,0,0,0,0,0,0,0,0,0,0,0,0,0,0,0,0,0,0,0,0,0,0,0,0,0,0,0,0,0,0,0,0,0,0,0,0,0,0,0,NA,NA,NA,NA,NA,NA,NA,NA,NA,NA,NA,NA,NA,NA,NA,NA,NA,NA,NA,NA,NA,NA,NA,NA,NA,NA,NA,NA,NA,NA,NA,NA,-6.154,0,5.385,20,0,"2024a","LZQE7Z",40.4221726752397
11,"Sweden",10,0,1991-09-15,199109,11420,"Liberal People’s Party","FP",40,"NA",228,1,1994,0.631,NA,9.128,0,NA,33,349,1,10,"NA",280,22.143,0,0,0,0,0,0,5.357,7.5,0,0,13.571,6.429,0,0,0,0,0,0,0,5.357,3.214,0.357,0,0,0,0,1.071,0,1.429,0.714,0,0,0.357,0,0,4.286,0.357,7.857,2.5,0,2.5,0,0.357,0,0,0,0,0,0,0,1.786,0,0,0,1.429,11.429,0,0,0,0,0,0,0,0,0,0,0,0,0,0,0,0,0,0,0,0,0,0,0,0,0,0,0,0,0,0,0,0,0,0,0,0,0,0,0,0,0,0,0,0,0,0,0,0,0,0,0,0,0,0,NA,NA,NA,NA,NA,NA,NA,NA,NA,NA,NA,NA,NA,NA,NA,NA,NA,NA,NA,NA,NA,NA,NA,NA,NA,NA,NA,NA,NA,NA,NA,NA,3.929,0.357,5.714,10.357,0,"2024a","7IIRI6",10.1521420304505
11,"Sweden",10,0,1991-09-15,199109,11620,"Moderate Coalition Party","MSP",60,"NA",228,1,1994,0.631,NA,21.924,0,NA,80,349,1,10,"NA",192,5.729,0.521,0,0,3.125,0,0,1.042,7.813,0,0,7.813,1.042,0,0,0,0,3.125,0,0,7.813,9.375,0,0,0,0,0,0,0,0,0,0,0,15.104,0,0,3.646,1.563,2.604,2.083,0,8.333,0,2.604,0,2.083,0,8.333,0,0,0,0,0,3.125,0,1.042,2.083,0,0,0,0,0,0,0,0,0,0,0,0,0,0,0,0,0,0,0,0,0,0,0,0,0,0,0,0,0,0,0,0,0,0,0,0,0,0,0,0,0,0,0,0,0,0,0,0,0,0,0,0,0,0,NA,NA,NA,NA,NA,NA,NA,NA,NA,NA,NA,NA,NA,NA,NA,NA,NA,NA,NA,NA,NA,NA,NA,NA,NA,NA,NA,NA,NA,NA,NA,NA,43.75,0,22.917,4.688,0,"2024a","9QTL5X",19.4304007502197
11,"Sweden",10,0,1991-09-15,199109,11810,"Centre Party","CP",80,"NA",228,1,1994,0.631,NA,8.503,0,NA,31,349,1,10,"NA",129,6.977,0,0,0,0,0,0.775,1.55,0.775,0,0,2.326,3.876,0,0,3.101,0,0,0,0.775,0.775,6.202,0,0,0,0,0,0.775,0,4.651,7.752,0,0,2.326,0,0,22.481,1.55,11.628,6.202,0,2.326,0,1.55,0,0.775,0,6.202,0,0,0,0.775,0,0.775,0,0.775,2.326,0,0,0,0,0,0,0,0,0,0,0,0,0,0,0,0,0,0,0,0,0,0,0,0,0,0,0,0,0,0,0,0,0,0,0,0,0,0,0,0,0,0,0,0,0,0,0,0,0,0,0,0,0,0,NA,NA,NA,NA,NA,NA,NA,NA,NA,NA,NA,NA,NA,NA,NA,NA,NA,NA,NA,NA,NA,NA,NA,NA,NA,NA,NA,NA,NA,NA,NA,NA,5.426,0,3.101,17.829,0.775,"2024a","X4NXA8",12.2055473681481
11,"Sweden",10,0,1994-09-18,199409,11320,"Social Democratic Labour Party","SAP",30,"NA",228,1,1997,0.631,NA,45.25,0,NA,161,349,1,10,"NA",206,8.738,0,0,0,0,0,0,6.311,3.398,0,0,1.456,1.456,0,0,0,0,0,0,3.398,1.942,1.456,0,0,0,0,0,3.883,0,12.136,7.282,0,0,17.476,0,0,1.942,0,11.165,0.485,0,1.942,0,0.485,0,0.971,0,0.971,7.282,0,0,1.456,0,0,0,0.485,3.883,0,0,0,0,0,0,0,0,0,0,0,0,0,0,0,0,0,0,0,0,0,0,0,0,0,0,0,0,0,0,0,0,0,0,0,0,0,0,0,0,0,0,0,0,0,0,0,0,0,0,0,0,0,0,NA,NA,NA,NA,NA,NA,NA,NA,NA,NA,NA,NA,NA,NA,NA,NA,NA,NA,NA,NA,NA,NA,NA,NA,NA,NA,NA,NA,NA,NA,NA,NA,23.786,0,19.417,11.65,0,"2024a","CV32AZ",40.4221726752397
11,"Sweden",10,0,1994-09-18,199409,11420,"Liberal People’s Party","FP",40,"NA",228,1,1997,0.631,NA,7.192,0,NA,26,349,1,10,"NA",192,12.5,0,0,0,0,1.563,0,2.604,4.688,0,0,5.208,2.083,0,0,0,0,1.042,0,0,5.729,7.813,0,0,0,0,0,1.563,0,0.521,4.167,0,0,10.417,0,0,3.646,1.042,26.563,2.083,0,3.646,0,2.083,0,0,0,0,0,0,0,0,0,0,0,0,1.042,0,0,0,0,0,0,0,0,0,0,0,0,0,0,0,0,0,0,0,0,0,0,0,0,0,0,0,0,0,0,0,0,0,0,0,0,0,0,0,0,0,0,0,0,0,0,0,0,0,0,0,0,0,0,NA,NA,NA,NA,NA,NA,NA,NA,NA,NA,NA,NA,NA,NA,NA,NA,NA,NA,NA,NA,NA,NA,NA,NA,NA,NA,NA,NA,NA,NA,NA,NA,19.271,0,16.146,28.646,1.563,"2024a","VEBNB6",10.1521420304505
11,"Sweden",10,0,1994-09-18,199409,11620,"Moderate Coalition Party","MSP",60,"NA",228,1,1997,0.631,NA,22.38,0,NA,80,349,1,10,"NA",199,7.538,1.005,0,0,1.508,0,1.508,4.02,15.578,0,0,8.04,0,0,0,0.503,0,3.015,0,0,12.06,4.523,0,0,0,0,0,1.508,0,1.508,1.508,0,0,16.583,0,0,3.518,1.005,1.508,0,0,4.523,0,0,0,2.513,0,5.025,0,0,0,0,0,1.005,0,0,0.503,0,0,0,0,0,0,0,0,0,0,0,0,0,0,0,0,0,0,0,0,0,0,0,0,0,0,0,0,0,0,0,0,0,0,0,0,0,0,0,0,0,0,0,0,0,0,0,0,0,0,0,0,0,0,NA,NA,NA,NA,NA,NA,NA,NA,NA,NA,NA,NA,NA,NA,NA,NA,NA,NA,NA,NA,NA,NA,NA,NA,NA,NA,NA,NA,NA,NA,NA,NA,40.201,0,28.643,1.508,1.508,"2024a","1A174Q",19.4304007502197
11,"Sweden",10,0,1994-09-18,199409,11810,"Centre Party","CP",80,"NA",228,1,1997,0.631,NA,7.653,0,NA,27,349,1,10,"NA",165,1.818,0.606,0,0,0,0,0.606,1.818,3.03,0,0.606,4.242,5.455,0,0,4.242,0,0,0,3.03,3.03,9.091,0,0.606,0,0,0,2.424,0,1.212,1.818,0,0,11.515,0,0,21.818,0,18.182,0,0,1.818,0,0.606,0,0.606,0,0,0,0,0,0,0,0.606,0,0.606,0.606,0,0,0,0,0,0,0,0,0,0,0,0,0,0,0,0,0,0,0,0,0,0,0,0,0,0,0,0,0,0,0,0,0,0,0,0,0,0,0,0,0,0,0,0,0,0,0,0,0,0,0,0,0,0,NA,NA,NA,NA,NA,NA,NA,NA,NA,NA,NA,NA,NA,NA,NA,NA,NA,NA,NA,NA,NA,NA,NA,NA,NA,NA,NA,NA,NA,NA,NA,NA,21.818,0.606,14.545,18.182,0.606,"2024a","INN754",12.2055473681481
11,"Sweden",10,10,1998-09-21,199809,11320,"Social Democratic Labour Party","SAP",30,"NA",228,1,1998,0.631,NA,36.39,0,NA,131,349,1,10,"NA",256,12.5,2.734,0,0,0,0,0,4.297,4.688,0,0,1.172,2.344,0,0,0.391,0,0,0,0,0.391,3.906,0,0,0,0,0,0.391,0,7.422,3.125,0,0,10.156,0,0,1.953,1.172,10.938,12.5,0,7.813,0,0,0,0.391,0,1.563,7.031,0,0,1.172,0,0,0,0,1.953,0,0,0,0,0,0,0,0,0,0,0,0,0,0,0,0,0,0,0,0,0,0,0,0,0,0,0,0,0,0,0,0,0,0,0,0,0,0,0,0,0,0,0,0,0,0,0,0,0,0,0,0,0,0,NA,NA,NA,NA,NA,NA,NA,NA,NA,NA,NA,NA,NA,NA,NA,NA,NA,NA,NA,NA,NA,NA,NA,NA,NA,NA,NA,NA,NA,NA,NA,NA,-3.516,0,10.547,23.438,0,"2024a","RQVJ4Y",40.4221726752397
11,"Sweden",10,10,1998-09-21,199809,11420,"Liberal People’s Party","FP",40,"NA",228,1,1998,0.631,NA,4.72,0,NA,17,349,1,10,"NA",84,26.19,0,0,0,0,0,3.571,3.571,3.571,0,0,5.952,0,0,0,3.571,0,0,0,0,3.571,5.952,0,0,0,0,0,0,0,0,1.19,0,0,9.524,0,0,5.952,0,7.143,3.571,0,5.952,0,0,0,2.381,0,3.571,1.19,0,0,1.19,0,0,0,0,2.381,0,0,0,0,0,0,0,0,0,0,0,0,0,0,0,0,0,0,0,0,0,0,0,0,0,0,0,0,0,0,0,0,0,0,0,0,0,0,0,0,0,0,0,0,0,0,0,0,0,0,0,0,0,0,NA,NA,NA,NA,NA,NA,NA,NA,NA,NA,NA,NA,NA,NA,NA,NA,NA,NA,NA,NA,NA,NA,NA,NA,NA,NA,NA,NA,NA,NA,NA,NA,14.286,0,13.095,10.714,3.571,"2024a","BT8287",10.1521420304505
11,"Sweden",10,10,1998-09-21,199809,11620,"Moderate Coalition Party","MSP",60,"NA",228,1,1998,0.631,NA,22.9,0,NA,82,349,1,10,"NA",334,10.18,0.299,0,0,0,0,1.198,0.599,9.281,0,0,4.192,0,0,0,0.599,0,2.096,0,0,11.976,8.084,0,0,0,0,0,0,0,1.198,3.892,0,0,15.868,0,0,2.994,10.778,4.79,0,0,5.988,0,0,0,0.299,0,4.79,0,0,0,0,0,0.299,0,0.299,0.299,0,0,0,0,0,0,0,0,0,0,0,0,0,0,0,0,0,0,0,0,0,0,0,0,0,0,0,0,0,0,0,0,0,0,0,0,0,0,0,0,0,0,0,0,0,0,0,0,0,0,0,0,0,0,NA,NA,NA,NA,NA,NA,NA,NA,NA,NA,NA,NA,NA,NA,NA,NA,NA,NA,NA,NA,NA,NA,NA,NA,NA,NA,NA,NA,NA,NA,NA,NA,37.425,0,27.844,4.79,1.198,"2024a","2V7Z2E",19.4304007502197
11,"Sweden",10,10,1998-09-21,199809,11810,"Centre Party","CP",80,"NA",228,1,1998,0.631,NA,5.13,0,NA,18,349,1,10,"NA",242,4.132,0,0,0,0,0.413,0.413,1.24,1.653,0,2.479,0.413,0.413,0,0,14.463,0,0.826,0,0,6.198,13.223,0.826,0,0,0,0,0.413,0,0.413,1.653,1.653,0,2.893,0,0,11.57,0.413,8.264,6.612,0,7.438,0,0,0,1.653,0,4.132,2.479,0,0,0.413,0,1.24,0,0.826,1.24,0,0,0,0,0,0,0,0,0,0,0,0,0,0,0,0,0,0,0,0,0,0,0,0,0,0,0,0,0,0,0,0,0,0,0,0,0,0,0,0,0,0,0,0,0,0,0,0,0,0,0,0,0,0,NA,NA,NA,NA,NA,NA,NA,NA,NA,NA,NA,NA,NA,NA,NA,NA,NA,NA,NA,NA,NA,NA,NA,NA,NA,NA,NA,NA,NA,NA,NA,NA,11.57,2.479,9.091,14.876,0.826,"2024a","6KQ1Y8",12.2055473681481
11,"Sweden",10,10,2002-09-15,200209,11320,"Social Democratic Labour Party","SAP",30,"NA",228,1,2003,NA,NA,39.854,0,NA,144,349,1,20,"NA",273,8.791,0.733,0,0,0,0,0.733,6.593,1.099,0,0,1.099,2.564,0,0,1.099,0,0.366,0,0,2.198,1.832,0.366,0,0,0,0,0,0,0.733,2.198,0,0,2.198,0,0,5.128,8.425,5.861,9.89,0,10.989,0,0,0,0,0,6.593,4.396,0.733,0,5.495,0,0,0,1.465,8.425,0,0,0,0,0,0,0,0,0,0,0,0,0,0,0,0,0,0,0,0,0,0,0,0,0,0,0,0,0,0,0,0,0,0,0,0,0,0,0,0,0,0,0,0,0,0,0,0,0,0,0,0,0,0,NA,NA,NA,NA,NA,NA,NA,NA,NA,NA,NA,NA,NA,NA,NA,NA,NA,NA,NA,NA,NA,NA,NA,NA,NA,NA,NA,NA,NA,NA,NA,NA,-18.315,0.366,4.396,15.751,0.733,"2024a","1NEP9N",40.4221726752397
11,"Sweden",10,10,2002-09-15,200209,11420,"Liberal People’s Party","FP",40,"NA",228,1,2003,NA,NA,13.394,0,NA,48,349,1,20,"NA",429,12.354,0,0,0,0.932,0,0.233,6.061,6.061,0,0,4.429,2.098,0,0,0,0,1.632,0,0,5.361,3.73,1.865,0,0,0,1.632,0,0,0.699,2.331,0.233,0,1.399,0,0,8.392,4.429,5.594,2.331,0,10.49,0,0.233,0,2.098,0,3.03,2.331,0,0,0.932,0,0,0,1.632,7.459,0,0,0,0,0,0,0,0,0,0,0,0,0,0,0,0,0,0,0,0,0,0,0,0,0,0,0,0,0,0,0,0,0,0,0,0,0,0,0,0,0,0,0,0,0,0,0,0,0,0,0,0,0,0,NA,NA,NA,NA,NA,NA,NA,NA,NA,NA,NA,NA,NA,NA,NA,NA,NA,NA,NA,NA,NA,NA,NA,NA,NA,NA,NA,NA,NA,NA,NA,NA,0.932,2.098,6.76,7.925,0.233,"2024a","5W5GDE",10.1521420304505
11,"Sweden",10,10,2002-09-15,200209,11620,"Moderate Coalition Party","MSP",60,"NA",228,1,2003,NA,NA,15.256,0,NA,55,349,1,20,"NA",423,6.619,0,0,0,0.709,0,0.236,3.31,4.255,0,0,11.584,1.418,0,0,0.236,0,2.364,0,0,10.638,5.674,0.709,0,0,0,0.709,0.473,0,1.182,4.255,0,0,11.111,0,0,2.364,0,7.329,1.418,0.709,4.728,0,0.236,0,2.6,0,6.856,0,0,0,0.946,0.473,0.946,0.236,0,5.674,0,0,0,0,0,0,0,0,0,0,0,0,0,0,0,0,0,0,0,0,0,0,0,0,0,0,0,0,0,0,0,0,0,0,0,0,0,0,0,0,0,0,0,0,0,0,0,0,0,0,0,0,0,0,NA,NA,NA,NA,NA,NA,NA,NA,NA,NA,NA,NA,NA,NA,NA,NA,NA,NA,NA,NA,NA,NA,NA,NA,NA,NA,NA,NA,NA,NA,NA,NA,38.061,0.709,21.749,8.747,0.236,"2024a","UM3ZMX",19.4304007502197
11,"Sweden",10,10,2002-09-15,200209,11810,"Centre Party","CP",80,"NA",228,1,2003,NA,NA,6.193,0,NA,22,349,1,20,"NA",263,6.844,0.38,0,0,0,0,0,3.042,1.901,0,0,3.042,4.183,0,0,4.943,0,2.281,0,0,3.042,9.506,0.38,0,0,0,0.76,0,0,1.521,1.141,0,0,5.323,0,0,9.886,1.521,3.802,8.365,0,4.183,0,0,0,0.76,0,3.042,5.703,0.38,0,0.38,0,0.38,1.521,0,11.787,0,0,0,0,0,0,0,0,0,0,0,0,0,0,0,0,0,0,0,0,0,0,0,0,0,0,0,0,0,0,0,0,0,0,0,0,0,0,0,0,0,0,0,0,0,0,0,0,0,0,0,0,0,0,NA,NA,NA,NA,NA,NA,NA,NA,NA,NA,NA,NA,NA,NA,NA,NA,NA,NA,NA,NA,NA,NA,NA,NA,NA,NA,NA,NA,NA,NA,NA,NA,10.646,0.38,8.365,12.167,0,"2024a","3Q8UBJ",12.2055473681481
11,"Sweden",10,10,2006-09-17,200609,11320,"Social Democratic Labour Party","SAP",30,"NA",277,3,2010,0.665,NA,34.994,0,NA,130,349,1,40,"2024-1",393,0,0,0,0.254,1.018,0.254,1.527,2.29,1.018,0,0,1.781,0.254,0,0,1.018,0,0,0,2.036,0.509,1.018,0,0.254,0.254,0,0.254,3.562,0,2.29,7.379,3.817,1.272,1.018,0,0,5.089,3.308,5.852,23.664,0,6.616,0,2.799,0,0.254,0,3.308,3.053,0.509,0.254,1.018,0,0.254,0,3.053,7.888,0,0,0,0,0,0,0,0,0,0,0,0,0,0,0,0,0,0,0,0,0,0,0,0,0,0,0,0,0,0,0,0,0,0,0,0,0,0,0,0,0,0,0,0,0,0,0,0,0,0,0,0,0,0,NA,NA,NA,NA,NA,NA,NA,NA,NA,NA,NA,NA,NA,NA,NA,NA,NA,NA,NA,NA,NA,NA,NA,NA,NA,NA,NA,NA,NA,NA,NA,NA,-24.173,4.071,1.527,29.517,1.781,"2024a","K3SXQ7",40.4221726752397
11,"Sweden",10,10,2006-09-17,200609,11420,"Liberal People’s Party","FP",40,"NA",277,3,2010,0.665,NA,7.537,0,NA,28,349,1,40,"2024-1",605,0,0,0,0,0.496,0,0,0.661,0.661,0,0,3.967,0.496,0,0,0.165,0.331,0.165,1.157,9.091,3.471,4.628,0.661,0.661,0,0,0.992,4.132,0,0.661,4.463,0.661,0,0.826,0,0,4.463,2.975,5.785,10.909,1.983,12.397,0,0.992,0,0,0.165,13.554,0.992,0.331,0,0,0.661,0,0.165,2.479,3.802,0,0,0,0,0,0,0,0,0,0,0,0,0,0,0,0,0,0,0,0,0,0,0,0,0,0,0,0,0,0,0,0,0,0,0,0,0,0,0,0,0,0,0,0,0,0,0,0,0,0,0,0,0,0,NA,NA,NA,NA,NA,NA,NA,NA,NA,NA,NA,NA,NA,NA,NA,NA,NA,NA,NA,NA,NA,NA,NA,NA,NA,NA,NA,NA,NA,NA,NA,NA,14.545,1.983,4.298,16.694,0,"2024a","VSD37H",10.1521420304505
11,"Sweden",10,10,2006-09-17,200609,11620,"Moderate Coalition Party","MSP",60,"NA",277,3,2010,0.665,NA,26.23,0,NA,97,349,2,40,"2024-1",858,0,0,0,0,1.981,0.117,0.466,0.699,3.73,0,0,6.76,1.049,0,0,0.466,0,0.583,0.35,1.399,1.865,4.545,0.35,1.282,0,0,0.233,6.061,0,1.282,7.343,0,0,2.331,0,0,6.76,0.466,3.73,13.52,0,8.625,0,0.466,0,2.098,0,8.042,1.865,0.583,0.233,1.515,0.466,0.816,0,2.681,5.245,0,0,0,0,0,0,0,0,0,0,0,0,0,0,0,0,0,0,0,0,0,0,0,0,0,0,0,0,0,0,0,0,0,0,0,0,0,0,0,0,0,0,0,0,0,0,0,0,0,0,0,0,0,0,NA,NA,NA,NA,NA,NA,NA,NA,NA,NA,NA,NA,NA,NA,NA,NA,NA,NA,NA,NA,NA,NA,NA,NA,NA,NA,NA,NA,NA,NA,NA,NA,3.963,1.632,4.196,17.249,0.583,"2024a","DOSTIC",19.4304007502197
11,"Sweden",10,10,2006-09-17,200609,11810,"Centre Party","CP",80,"NA",277,3,2010,0.665,NA,7.879,0,NA,29,349,1,40,"2024-1",314,0,0,0,0,0,0,0.318,2.866,0.955,0,0,7.962,1.911,0,0,4.459,0,0.318,0,0.955,3.822,5.414,0,1.911,0,0,0,5.414,0.637,2.548,3.822,2.229,0,0,0,0,14.013,0,4.777,14.013,0.637,6.369,0,0.955,0,1.911,0,2.548,2.229,0,0,1.274,0.637,0.637,0,0,4.459,0,0,0,0,0,0,0,0,0,0,0,0,0,0,0,0,0,0,0,0,0,0,0,0,0,0,0,0,0,0,0,0,0,0,0,0,0,0,0,0,0,0,0,0,0,0,0,0,0,0,0,0,0,0,NA,NA,NA,NA,NA,NA,NA,NA,NA,NA,NA,NA,NA,NA,NA,NA,NA,NA,NA,NA,NA,NA,NA,NA,NA,NA,NA,NA,NA,NA,NA,NA,-4.459,4.14,3.822,18.79,0.318,"2024a","41FLDD",12.2055473681481
11,"Sweden",10,10,2010-09-19,201009,11320,"Social Democratic Labour Party","SAP",30,"NA",277,3,2010,0.467,NA,30.66,0,NA,112,349,1,51,"2024-1",282,0,0,0,0,0,0.355,0.355,0.709,0,0,0,2.482,0.355,0,0,0.709,0,0,0,6.028,0,3.546,1.064,2.128,0.709,0.355,0,2.837,0,3.901,2.837,0,0,0,0,0,0.709,1.773,14.184,25.887,0,15.248,0,0,0,0.355,0,1.418,4.255,0,0,3.901,0.355,0,0,1.064,2.482,0,0,0,0,0,0,0,0,0,0,0,0,0,0,0,0,0,0,0,0,0,0,0,0,0,0,0,0,0,0,0,0,0,0,0,0,0,0,0,0,0,0,0,0,0,0,0,0,0,0,0,0,0,0,NA,NA,NA,NA,NA,NA,NA,NA,NA,NA,NA,NA,NA,NA,NA,NA,NA,NA,NA,NA,NA,NA,NA,NA,NA,NA,NA,NA,NA,NA,NA,NA,-32.27,3.191,0,40.071,0.709,"2024a","MD4SVI",40.4221726752397
11,"Sweden",10,10,2010-09-19,201009,11420,"Liberal People’s Party","FP",40,"NA",277,3,2010,0.467,NA,7.06,0,NA,24,349,1,51,"2024-1",916,0,0,0,0,0.983,0,0.218,1.965,2.511,0,0,5.677,1.856,0,0,0.218,0.437,0.764,0,2.511,0.655,3.384,1.528,0,0.328,0,0.655,5.349,0,0.328,4.694,0,0,0,0,0,8.297,4.367,2.948,15.939,0,10.59,0,0.764,0,0.983,0,9.061,2.838,0.655,0,0.218,1.201,0.873,0,2.62,4.585,0,0,0,0,0,0,0,0,0,0,0,0,0,0,0,0,0,0,0,0,0,0,0,0,0,0,0,0,0,0,0,0,0,0,0,0,0,0,0,0,0,0,0,0,0,0,0,0,0,0,0,0,0,0,NA,NA,NA,NA,NA,NA,NA,NA,NA,NA,NA,NA,NA,NA,NA,NA,NA,NA,NA,NA,NA,NA,NA,NA,NA,NA,NA,NA,NA,NA,NA,NA,-4.803,1.528,0.655,18.886,0.218,"2024a","GRMJYG",10.1521420304505
11,"Sweden",10,10,2010-09-19,201009,11620,"Moderate Coalition Party","MSP",60,"NA",277,3,2010,0.467,NA,30.06,0,NA,107,349,2,51,"2024-1",1896,0,0.316,0,0,2.215,0.316,0.791,2.69,2.11,0,0.053,4.8,0.633,0,0,1.002,0.105,3.112,0.105,1.108,1.635,4.061,0.686,0,0.264,0,0.316,9.019,0.053,1.002,6.382,0,0,3.27,0,0,10.179,0.053,6.382,11.973,0.264,6.171,0,0.475,0,2.004,0,2.795,3.586,0.369,0,0.791,0.105,0.475,0.211,1.582,6.54,0,0,0,0,0,0,0,0,0,0,0,0,0,0,0,0,0,0,0,0,0,0,0,0,0,0,0,0,0,0,0,0,0,0,0,0,0,0,0,0,0,0,0,0,0,0,0,0,0,0,0,0,0,0,NA,NA,NA,NA,NA,NA,NA,NA,NA,NA,NA,NA,NA,NA,NA,NA,NA,NA,NA,NA,NA,NA,NA,NA,NA,NA,NA,NA,NA,NA,NA,NA,2.479,0.686,4.905,18.354,1.108,"2024a","QBRC5X",19.4304007502197
11,"Sweden",10,10,2010-09-19,201009,11710,"Sweden Democrats","SD",70,"NA",277,3,2010,0.467,NA,5.7,0,NA,20,349,1,51,"2024-1",204,0,0,0,0,4.412,0.49,0,2.941,0,0,4.412,1.961,0.98,0,0,1.471,0.49,0.49,0,0.98,0.49,5.882,0,0,0,0,0,1.961,0,0.49,1.961,0,0,0,0,0,5.392,0,1.471,13.725,0,5.882,0,12.255,0,4.902,0,8.824,0,0,7.353,0,1.471,0.98,0,0,8.333,0,0,0,0,0,0,0,0,0,0,0,0,0,0,0,0,0,0,0,0,0,0,0,0,0,0,0,0,0,0,0,0,0,0,0,0,0,0,0,0,0,0,0,0,0,0,0,0,0,0,0,0,0,0,NA,NA,NA,NA,NA,NA,NA,NA,NA,NA,NA,NA,NA,NA,NA,NA,NA,NA,NA,NA,NA,NA,NA,NA,NA,NA,NA,NA,NA,NA,NA,NA,15.686,0,0.49,15.196,0.49,"2024a","YOPTUG",14.1569245353434
11,"Sweden",10,10,2010-09-19,201009,11810,"Centre Party","CP",80,"NA",277,3,2010,0.467,NA,6.56,0,NA,23,349,1,51,"2024-1",759,0,0,0,0,0,0,0.527,2.108,2.24,0,0,3.03,0.132,0,0,3.821,0,0.395,0,1.713,4.743,5.007,0,0.264,1.186,0,0,8.696,0,1.054,5.534,0,0,0,0,0,22.925,0.395,5.402,8.827,0.132,7.115,0,0,0,0,0,0.791,1.976,0.527,0,0.659,0.791,3.162,0.132,0.791,5.929,0,0,0,0,0,0,0,0,0,0,0,0,0,0,0,0,0,0,0,0,0,0,0,0,0,0,0,0,0,0,0,0,0,0,0,0,0,0,0,0,0,0,0,0,0,0,0,0,0,0,0,0,0,0,NA,NA,NA,NA,NA,NA,NA,NA,NA,NA,NA,NA,NA,NA,NA,NA,NA,NA,NA,NA,NA,NA,NA,NA,NA,NA,NA,NA,NA,NA,NA,NA,-2.24,0.264,4.743,14.229,0.527,"2024a","5IUSKS",12.2055473681481
11,"Sweden",10,10,2014-09-14,201409,11320,"Social Democratic Labour Party","SAP",30,"NA",333,5,2017,0.807,0.712,31.015,0,NA,113,349,1,121,"2024-1",541,0,0,0,0.739,0.924,0.924,1.664,3.512,0.739,0,0,0.555,0.555,0,0,0,0,1.109,0,2.403,0.37,2.588,0.185,1.664,0.37,0.185,0,0.739,0,0.185,4.621,0,0.185,0,0,0.555,5.36,0.37,6.47,19.963,0,17.93,0,0.185,0.739,0,0,2.957,2.403,0,0,17.375,0,0.185,0,0,1.294,0,0,0,0,0,0,0,0,0,0,0,0,0,0,0,0,0,0,0,0,0,0,0,0,0,0,0,0,0,0,0,0,0,0,0,0,0,0,0,0,0,0,0,0,0,0,0,0,0,0,0,0,0,0,0.739,0,0,0.555,0.555,0,0,0,2.403,0,0,0,0,0,0,0.555,0.185,0,0,0.739,2.957,0,2.403,0,0,0,0,0,0,0,0.185,0,-52.495,1.848,0.37,26.433,2.588,"2024a","VD84SD",40.4221726752397
11,"Sweden",10,10,2014-09-14,201409,11420,"Liberal People’s Party","FP",40,"NA",333,5,2017,0.807,0.712,5.42,0,NA,19,349,1,121,"2024-1",436,0.229,0,0,0.459,2.982,0,0,0.917,2.064,0.229,0,1.147,0.917,0,0,0,0.917,1.835,0,6.193,0.688,2.294,0,0,0,0,2.523,0.229,0.688,0.229,2.064,0,0,0,0,0,8.486,5.963,5.505,5.505,2.294,12.615,0,0,3.899,0,1.147,8.945,0.688,1.835,0.917,9.862,0.229,0,1.147,0.688,3.67,0,0,0,0,0,0,0,0,0,0,0,0,0,0,0,0,0,0,0,0,0,0,0,0,0,0,0,0,0,0,0,0,0,0,0,0,0,0,0,0,0,0,0,0,0,0,0,0,0,0,0,0,0,0,0.459,0,0.459,0.688,0.917,0,0,0,6.193,0,0,0,0,0,0,0,0,0,0,3.899,8.945,0.229,0.688,0,1.835,0,0,0.229,0.688,0,0,0,-2.523,0,0.688,11.009,0,"2024a","2SG1W9",10.1521420304505
11,"Sweden",10,10,2014-09-14,201409,11620,"Moderate Coalition Party","MSP",60,"NA",333,5,2017,0.807,0.712,23.325,0,NA,84,349,2,121,"2024-1",1634,0,0,0,0.306,1.285,0.245,0.367,2.081,1.408,0,0,1.53,0.306,0,0,0.184,0,2.938,0,0.306,3.611,1.224,0.734,0.49,0,0.122,0.918,1.04,0.796,0.49,4.59,0,0.612,0.979,0,0.734,8.262,1.958,4.529,12.668,0.979,9.547,0,0.061,2.754,0.122,0.245,8.201,2.999,2.57,0.184,11.506,0,2.815,0.245,0.061,2.999,0,0,0,0,0,0,0,0,0,0,0,0,0,0,0,0,0,0,0,0,0,0,0,0,0,0,0,0,0,0,0,0,0,0,0,0,0,0,0,0,0,0,0,0,0,0,0,0,0,0,0,0,0,0,0.306,0,0.673,0.857,0.306,0,0,0,0.306,0,0,0,0,0,0,0.734,0.061,0,0,2.754,8.201,0,2.999,0,0,2.57,0,0,0.184,0,2.815,0,-16.769,1.224,4.59,17.197,0.612,"2024a","29P8XT",19.4304007502197
11,"Sweden",10,10,2014-09-14,201409,11710,"Sweden Democrats","SD",70,"NA",333,5,2017,0.807,0.712,12.857,0,NA,49,349,1,121,"2024-1",315,0,0,0,0,3.81,0,0,5.714,0,2.857,2.54,1.587,0,0,0,0,0,0,0,1.27,0.952,2.54,0,0,0,0,0,0,0,0,3.175,0,0,0,0,0,5.397,2.222,3.81,16.508,1.27,6.984,0.317,9.841,0,0.952,0,7.302,1.27,0.635,4.127,8.571,0,2.222,0,0,4.127,0,0,0,0,0,0,0,0,0,0,0,0,0,0,0,0,0,0,0,0,0,0,0,0,0,0,0,0,0,0,0,0,0,0,0,0,0,0,0,0,0,0,0,0,0,0,0,0,0,0,0,0,0,0,0,0,1.27,0.317,0,0,0,0,1.27,0,0,0,0,0,0,0,6.349,3.492,0,0,7.302,0,1.27,0,0,0,0.635,0.317,3.175,0.635,2.222,0,-6.984,0,0.952,20.317,0,"2024a","P9TZ4K",14.1569245353434
11,"Sweden",10,10,2014-09-14,201409,11810,"Centre Party","CP",80,"NA",333,5,2017,0.807,0.712,6.113,0,NA,22,349,1,121,"2024-1",380,0,0,0,0,0,0,0.263,0,0,0,0,1.842,0,0,0,1.316,0,1.579,0,6.316,5.526,7.895,0,0.263,0,0,0.789,0.263,0,2.632,5.263,0,0,0,0,0.789,30.263,0,2.632,5,3.421,4.211,0,0,2.368,0,0,0.263,1.579,1.316,0,10,0.263,3.421,0,0,0.526,0,0,0,0,0,0,0,0,0,0,0,0,0,0,0,0,0,0,0,0,0,0,0,0,0,0,0,0,0,0,0,0,0,0,0,0,0,0,0,0,0,0,0,0,0,0,0,0,0,0,0,0,0,0,0,0,1.842,0,0,0,0,0,5.789,0.526,0,0,0,0,0,0.789,0,0,0,2.368,0.263,0,1.579,0,0,1.316,0,0,0,0,3.421,0,7.895,0.263,5.526,7.632,0.263,"2024a","RN48UN",12.2055473681481
11,"Sweden",10,10,2018-09-09,201809,11320,"Social Democratic Labour Party","SAP",30,"NA",333,5,2019,0.88,0.674,28.261,0,NA,100,349,1,140,"2024-1",310,0,0,0,0,4.194,0.323,0.323,3.871,2.581,0.968,0,1.613,0.968,0,0,0,0,0.645,0,0,0,1.935,0.645,0,0,0,0.645,0.645,0,0,3.226,0,0,0,0,0.645,6.129,3.548,6.129,16.129,0,12.258,0,2.581,0,0,0.323,14.516,0.645,0.323,2.258,11.613,0,0,0,0,0.323,0,0,0,0,0,0,0,0,0,0,0,0,0,0,0,0,0,0,0,0,0,0,0,0,0,0,0,0,0,0,0,0,0,0,0,0,0,0,0,0,0,0,0,0,0,0,0,0,0,0,0,0,0,0,0,0,0.323,1.29,0.968,0,0,0,0,0,0,0,0,0,0,0.645,1.29,1.29,0,0,14.516,0,0.645,0,0,0.323,0,0,2.258,0,0,0,-20,0.645,0,22.258,0.645,"2024a","GV4CQK",40.4221726752397
11,"Sweden",10,10,2018-09-09,201809,11420,"Liberals","L",40,"NA",333,5,2019,0.88,0.674,5.49,0,NA,20,349,1,140,"2024-1",612,0,0,0,0,2.124,0,0,0.327,5.229,0,0,4.085,5.392,0,0.163,0,0,0.817,0,4.412,2.451,2.288,1.144,0,0,0,0,0.163,0,0.163,1.471,0,0,0.327,0,0.49,7.68,2.941,7.353,9.15,2.451,11.601,0,1.797,2.778,0,1.144,10.294,1.307,0.163,4.739,5.065,0,0,0,0.327,0.163,0,0,0,0,0,0,0,0,0,0,0,0,0,0,0,0,0,0,0,0,0,0,0,0,0,0,0,0,0,0,0,0,0,0,0,0,0,0,0,0,0,0,0,0,0,0,0,0,0,0,0,0,0,0,0,0,3.431,0.654,5.392,0,0,0,4.412,0,0,0,0,0,0,0.49,0.163,1.634,0.163,2.614,10.294,0,1.307,0,0.163,0,0,0,4.739,0,0,0,-1.144,1.144,2.778,16.503,0,"2024a","7O4BQ2",10.1521420304505
11,"Sweden",10,10,2018-09-09,201809,11620,"Moderate Coalition Party","MSP",60,"NA",333,5,2019,0.88,0.674,19.836,0,NA,70,349,1,140,"2024-1",1005,0.1,0,0,0,3.383,0,0.1,1.592,0.995,0.1,0,1.891,1.592,0,0.498,0.498,0,2.786,0.199,2.09,2.189,2.388,0.796,0,0,0,0.199,0.796,0,1.095,3.383,0,0.1,1.194,0,0.498,8.06,2.687,4.776,12.338,1.891,7.761,0.199,8.557,0.299,0.1,0.199,11.443,1.891,0,4.975,5.373,0,0.697,0,0,0.299,0,0,0,0,0,0,0,0,0,0,0,0,0,0,0,0,0,0,0,0,0,0,0,0,0,0,0,0,0,0,0,0,0,0,0,0,0,0,0,0,0,0,0,0,0,0,0,0,0,0,0,0,0,0,0,0,1.692,0.199,1.592,0,0,0,2.09,0,0,0,0,0,0,0.498,4.677,3.881,0,0.299,11.443,0.1,1.891,0,0,0,0,0,4.975,0,0.697,0,7.562,0.796,3.383,17.114,0.1,"2024a","4HVGA2",19.4304007502197
11,"Sweden",10,10,2018-09-09,201809,11710,"Sweden Democrats","SD",70,"NA",333,5,2019,0.88,0.674,17.534,0,NA,62,349,1,140,"2024-1",429,0,0,0,0.932,4.196,0,0.699,7.925,0,0.466,3.03,0.466,0.699,0.233,0,0,0.466,1.632,0,0.466,0.466,0.466,0.233,0,0,0,0.466,0.932,0,0.233,4.196,0,0,0,0,0,4.429,3.963,4.196,16.084,0.932,5.361,0,8.392,0,1.865,0.233,10.023,2.564,0,2.564,7.692,0,1.166,0,0.233,2.098,0,0,0,0,0,0,0,0,0,0,0,0,0,0,0,0,0,0,0,0,0,0,0,0,0,0,0,0,0,0,0,0,0,0,0,0,0,0,0,0,0,0,0,0,0,0,0,0,0,0,0,0,0,0,0.932,0,0,0.466,0.233,0,0,0.466,0.466,0,0,0,0,0,0,0,2.564,5.828,0,0,10.023,0,2.564,0,0,0,0,0.233,2.331,0,1.166,0,-9.091,0.233,0.466,20.28,0.699,"2024a","V6COAF",14.1569245353434
11,"Sweden",10,10,2018-09-09,201809,11810,"Centre Party","CP",80,"NA",333,5,2019,0.88,0.674,8.608,0,NA,31,349,1,140,"2024-1",460,0.217,0,0,0,4.13,0,0,0,0,0,0,2.391,1.739,0,0,0.217,0,1.957,0,4.565,4.565,2.174,0,0,0,0,0.217,0.652,0,0.652,3.043,0,0,0,0,3.043,15.652,0,8.043,9.565,0.652,2.609,0,6.957,4.13,0,0,6.087,1.304,0,3.913,9.348,0.217,1.087,0,0,0.87,0,0,0,0,0,0,0,0,0,0,0,0,0,0,0,0,0,0,0,0,0,0,0,0,0,0,0,0,0,0,0,0,0,0,0,0,0,0,0,0,0,0,0,0,0,0,0,0,0,0,0,0,0,0,0,0,1.957,0.435,1.739,0,0,0,4.565,0,0,0,0,0,0,3.043,5.652,1.304,0,4.13,6.087,0.217,1.304,0,0,0,0,0,3.913,0,1.087,0,9.783,0,4.565,17.609,0,"2024a","I9D3DZ",12.2055473681481
11,"Sweden",10,10,2022-09-11,202209,11320,"Social Democratic Labour Party","SAP",30,"NA",366,5,2024,0.796,0.79,30.326280829554,0,NA,107,349,1,190,"2024-1",352,0,0.284,0,0,6.534,0.568,0.852,2.557,0.852,0,0,0,0.284,0,0,0,0,0,0,2.273,0.284,0.568,0.284,0,0,0,1.42,0,3.125,0.284,5.398,0,0,3.125,0,7.102,5.966,1.989,6.25,19.602,0.284,4.83,0,1.989,0.284,0,1.136,8.807,3.977,0,3.693,5.398,0,0,0,0,0,0,0,0,0,0,0,0,0,0,0,0,0,0,0,0,0,0,0,0,0,0,0,0,0,0,0,0,0,0,0,0,0,0,0,0,0,0,0,0,0,0,0,0,0,0,0,0,0,0,0,0,0,0,0,0,0,0,0,0.284,0,0,0,1.989,0,0.284,0,0,0,0,7.102,0.568,1.42,0,0.284,8.807,0,3.977,0,0,0,0,0,3.693,0,0,0,-5.114,0.284,3.409,25.852,1.42,"2024a","4WLWO8",40.4221726752397
11,"Sweden",10,10,2022-09-11,202209,11420,"Liberals","L",40,"NA",366,5,2024,0.796,0.79,4.60869857855931,0,NA,16,349,1,190,"2024-1",433,0,0,0,0,5.312,0,0,1.155,1.617,0,0,5.081,3.464,0.693,0,0.231,0.462,0,0.231,0.693,9.007,0,0.693,0,0,0,0.462,0,1.617,0.231,2.54,0,0,0,0,3.464,4.388,0.462,5.081,12.24,1.155,12.009,0,0.231,0.693,0,0.924,18.245,1.848,0.231,2.54,2.54,0,0,0.462,0,0,0,0,0,0,0,0,0,0,0,0,0,0,0,0,0,0,0,0,0,0,0,0,0,0,0,0,0,0,0,0,0,0,0,0,0,0,0,0,0,0,0,0,0,0,0,0,0,0,0,0,0,0,0,0,0,0,3.002,2.079,3.464,0,0,0,0.693,0,0,0,0,0,0,3.464,0,0.231,0,0.693,18.245,0,1.848,0,0,0,0.231,0,2.54,0,0,0,10.624,0.693,9.007,17.321,0,"2024a","K4Q6ZV",10.1521420304505
11,"Sweden",10,10,2022-09-11,202209,11620,"Moderate Coalition Party","MSP",60,"NA",366,5,2024,0.796,0.79,19.1026142541736,0,NA,68,349,1,190,"2024-1",742,0,0,0,0,4.987,0,0,1.213,1.348,0.27,0.27,1.482,2.965,0,0,0,0,0.27,0.135,0.943,2.426,0.943,0.539,0,0,0,0.135,0,0.943,0.943,4.178,0.539,0,1.213,0,1.348,8.221,1.617,5.526,9.03,2.83,9.03,0,2.83,0,0.404,0.943,25.472,0.404,0,1.213,2.561,0,2.695,0,0,0.135,0,0,0,0,0,0,0,0,0,0,0,0,0,0,0,0,0,0,0,0,0,0,0,0,0,0,0,0,0,0,0,0,0,0,0,0,0,0,0,0,0,0,0,0,0,0,0,0,0,0,0,0,0,0,0,0,0.943,0.539,2.965,0,0,0,0.674,0,0.27,0,0,0,0,1.348,0.27,2.561,0,0,25.472,0,0.404,0,0,0,0,0,1.213,0,2.695,0,18.194,1.078,3.639,14.555,0,"2024a","HNINOC",19.4304007502197
11,"Sweden",10,10,2022-09-11,202209,11710,"Sweden Democrats","SD",70,"NA",366,5,2024,0.796,0.79,20.5366981413734,0,NA,73,349,1,190,"2024-1",1327,0,0,0,0,4.22,0,0.075,2.487,0.226,0.377,1.432,1.055,2.562,0,0,0.754,0.226,1.809,0.151,0.151,3.693,1.206,0,0,0,0.075,0.226,0,0.904,1.432,5.878,0,0,0,0,0.829,4.446,4.295,5.803,19.367,1.13,2.185,0,6.481,0,2.336,1.206,12.66,0.226,0.075,4.823,2.336,0.151,2.638,0,0,0.075,0,0,0,0,0,0,0,0,0,0,0,0,0,0,0,0,0,0,0,0,0,0,0,0,0,0,0,0,0,0,0,0,0,0,0,0,0,0,0,0,0,0,0,0,0,0,0,0,0,0,0,0,0,0,0,0,0.075,0.98,2.411,0,0,0.151,0.151,0,0,0,0,0,0,0.829,1.432,5.049,0,0,12.66,0,0.226,0,0,0,0.075,2.185,2.638,0,2.638,0,4.295,0,3.693,25.17,0.075,"2024a","X7I5T6",14.1569245353434
11,"Sweden",10,10,2022-09-11,202209,11810,"Centre Party","CP",80,"NA",366,5,2024,0.796,0.79,6.71439999481305,0,NA,24,349,1,190,"2024-1",574,0,0,0,0,1.742,0.174,0,0,0,0,0,2.613,6.098,0.697,0,2.787,0,1.394,0.697,3.659,5.575,2.091,0,0,0,0,1.742,0,0,1.394,5.052,0,0,2.265,0,7.317,5.749,0.174,9.059,10.801,0.697,6.794,0,2.091,0,0,1.045,7.143,2.613,0,1.568,4.355,0,1.916,0,0,0.697,0,0,0,0,0,0,0,0,0,0,0,0,0,0,0,0,0,0,0,0,0,0,0,0,0,0,0,0,0,0,0,0,0,0,0,0,0,0,0,0,0,0,0,0,0,0,0,0,0,0,0,0,0,0,0,0,2.265,0.348,6.098,0,0,0,3.659,0,0,0,0,0,0,7.317,2.091,0,0,0,7.143,0,2.613,0,0,0,0,0,1.568,0,1.916,0,4.704,0,7.84,19.861,0.174,"2024a","5VC5JS",12.2055473681481
12,"Norway",10,0,1961-09-11,196109,12320,"Norwegian Labour Party","DnA",30,"NA",116,0,1990,NA,NA,46.762,0,NA,74,150,1,10,"NA",470,NA,1.3,0,0,1.5,0,2.8,4.3,0.9,0,0,0.4,2.3,0.2,0,2.8,0.2,1.5,0,0,0,0.2,1.7,2.1,0.4,0,0.6,1.7,2.8,10,8.7,1.1,1.3,0,0,0,0,7,5.3,7,0,9.8,0,0,0,0.2,0,0,2.6,0,0,0.4,0,5.5,6,0.2,5.7,0,0,0,0,0,0,0,0,0,0,0,0,0,0,0,0,0,0,0,0,0,0,0,0,0,0,0,0,0,0,0,0,0,0,0,0,0,0,0,0,0,0,0,0,0,0,0,0,0,0,0,0,0,0,NA,NA,NA,NA,NA,NA,NA,NA,NA,NA,NA,NA,NA,NA,NA,NA,NA,NA,NA,NA,NA,NA,NA,NA,NA,NA,NA,NA,NA,NA,NA,NA,-27.1,4.9,0,12.3,2.8,"2024a","KT3H3G",36.5830666666667
12,"Norway",10,0,1961-09-11,196109,12620,"Conservative Party","H",60,"NA",116,0,1990,NA,NA,21.28,1,NA,29,150,1,10,"NA",719,NA,0,0,0,5.3,0,0.4,2.4,1.3,0,0,2.5,0.4,0.1,0,2.8,0,1.3,0,0,8.6,0.6,1.1,0.6,0.1,0,1.3,1.4,0.1,9,11.3,0.1,0,6.9,0,0,1.5,3.8,2.6,4.9,0.3,11.8,0,0,0,1.7,0,0,0.1,1.8,0,0.1,0,6,5.8,0.4,1.3,0,0,0,0,0,0,0,0,0,0,0,0,0,0,0,0,0,0,0,0,0,0,0,0,0,0,0,0,0,0,0,0,0,0,0,0,0,0,0,0,0,0,0,0,0,0,0,0,0,0,0,0,0,0,NA,NA,NA,NA,NA,NA,NA,NA,NA,NA,NA,NA,NA,NA,NA,NA,NA,NA,NA,NA,NA,NA,NA,NA,NA,NA,NA,NA,NA,NA,NA,NA,5.6,1.8,15.5,7.5,0.4,"2024a","4VKW6F",21.9806
12,"Norway",10,0,1965-09-12,196509,12320,"Norwegian Labour Party","DnA",30,"NA",116,0,1990,NA,NA,43.144,0,NA,68,150,1,10,"NA",610,NA,0.8,0,1.3,0.8,0.2,2.6,5.7,0.3,0,0,0.2,3.3,0,0,3.1,0,1.5,0,0,0,0.2,1.8,3.6,1.3,0,0.8,0.7,1,6.6,12,2.1,1.2,0.3,0,0,1.6,8.9,3.6,10.3,0,7.1,0,0,0,0.3,0,0,0.3,0,0,2.9,0,5.3,2,0.8,3.4,0,0,0,0,0,0,0,0,0,0,0,0,0,0,0,0,0,0,0,0,0,0,0,0,0,0,0,0,0,0,0,0,0,0,0,0,0,0,0,0,0,0,0,0,0,0,0,0,0,0,0,0,0,0,NA,NA,NA,NA,NA,NA,NA,NA,NA,NA,NA,NA,NA,NA,NA,NA,NA,NA,NA,NA,NA,NA,NA,NA,NA,NA,NA,NA,NA,NA,NA,NA,-39.2,7.5,0.3,13.9,2.8,"2024a","FX2B6A",36.5830666666667
12,"Norway",10,0,1965-09-12,196509,12620,"Conservative Party","H",60,"NA",116,0,1990,NA,NA,20.99,1,NA,31,150,1,10,"NA",912,NA,0.3,0,0,4.7,0,0.4,2.8,0.5,0.1,0,1.6,1.3,1,0,5.7,0,0.7,0.1,0,6,1.6,1.2,1.3,0.1,0,0.7,0.7,0.4,6,9.5,0.1,0,5.4,0,0,2,5.3,1.3,7.5,0.1,11.5,0,0.1,0,1.8,0,0.2,0,2.4,0,1.3,0,5.9,5.1,0.3,1.1,0,0,0,0,0,0,0,0,0,0,0,0,0,0,0,0,0,0,0,0,0,0,0,0,0,0,0,0,0,0,0,0,0,0,0,0,0,0,0,0,0,0,0,0,0,0,0,0,0,0,0,0,0,0,NA,NA,NA,NA,NA,NA,NA,NA,NA,NA,NA,NA,NA,NA,NA,NA,NA,NA,NA,NA,NA,NA,NA,NA,NA,NA,NA,NA,NA,NA,NA,NA,-4.2,2.6,11.4,8.8,0.4,"2024a","KJVO89",21.9806
12,"Norway",10,0,1969-09-07,196909,12320,"Norwegian Labour Party","DnA",30,"NA",116,0,1990,NA,NA,46.525,0,NA,74,150,1,10,"NA",772,NA,1.9,0,0.3,1.7,0.1,1.4,5.3,1,0,0,1.8,2.5,0,0,3.5,0.5,1.9,0,0.1,0.1,0.3,4.4,4.7,0.1,0,0.5,0.6,0.3,5.7,9.8,3.2,0.5,0,0,0,2.8,5.2,8,9.6,0,5.4,0,0,0,0,0,0.8,0.1,0,0,2.6,0,3.4,1.4,3.5,3.2,0,0,0,0,0,0,0,0,0,0,0,0,0,0,0,0,0,0,0,0,0,0,0,0,0,0,0,0,0,0,0,0,0,0,0,0,0,0,0,0,0,0,0,0,0,0,0,0,0,0,0,0,0,0,NA,NA,NA,NA,NA,NA,NA,NA,NA,NA,NA,NA,NA,NA,NA,NA,NA,NA,NA,NA,NA,NA,NA,NA,NA,NA,NA,NA,NA,NA,NA,NA,-34.6,12.3,0.1,17.6,1.5,"2024a","PFPVP8",36.5830666666667
12,"Norway",10,0,1969-09-07,196909,12620,"Conservative Party","H",60,"NA",116,0,1990,NA,NA,20.59,1,NA,29,150,1,10,"NA",668,NA,0.4,0,0,3.1,0,0.4,3.7,0.9,0,0,0.9,3.1,0,0.3,1.5,0,1.3,0,0,7.6,3.1,0.2,1.8,0,0,0,1.3,0,5.4,10,0.8,0,5.5,0,0,3.1,9.1,3.1,3.7,0,9.7,0,0.4,0,1.2,0,0.6,0,3.3,0,0.4,0,4.3,3.1,1.7,3.9,0,0,0,0,0,0,0,0,0,0,0,0,0,0,0,0,0,0,0,0,0,0,0,0,0,0,0,0,0,0,0,0,0,0,0,0,0,0,0,0,0,0,0,0,0,0,0,0,0,0,0,0,0,0,NA,NA,NA,NA,NA,NA,NA,NA,NA,NA,NA,NA,NA,NA,NA,NA,NA,NA,NA,NA,NA,NA,NA,NA,NA,NA,NA,NA,NA,NA,NA,NA,-1.4,2.8,13.1,6.8,0.4,"2024a","MU5FAF",21.9806
12,"Norway",10,0,1973-09-09,197309,12320,"Norwegian Labour Party","DnA",30,"NA",116,0,1990,NA,NA,35.289,0,NA,62,155,1,10,"NA",1003,NA,1.1,0,0.2,1.2,0,1.1,5.5,1.2,0,0,0.2,6.2,0.1,0,4.9,0,3.9,0,0.1,0.3,0,2.9,3.4,0.4,0,0,1.6,0.9,4.5,7.1,3.9,1.7,0.1,0,0,5.5,3.8,6.7,6.4,0.2,3.5,0,0.1,0,0.4,0,0.2,0,0,0,4.7,0,3.3,4,2.4,5.3,0,0,0,0,0,0,0,0,0,0,0,0,0,0,0,0,0,0,0,0,0,0,0,0,0,0,0,0,0,0,0,0,0,0,0,0,0,0,0,0,0,0,0,0,0,0,0,0,0,0,0,0,0,0,NA,NA,NA,NA,NA,NA,NA,NA,NA,NA,NA,NA,NA,NA,NA,NA,NA,NA,NA,NA,NA,NA,NA,NA,NA,NA,NA,NA,NA,NA,NA,NA,-36.6,10.2,0.4,13.1,1.1,"2024a","62LE9P",36.5830666666667
12,"Norway",10,0,1973-09-09,197309,12620,"Conservative Party","H",60,"NA",116,0,1990,NA,NA,19.61,1,NA,29,155,1,10,"NA",773,NA,1.5,0,0,3.9,0,0.6,5.3,3.2,0,0,0.6,2.6,0.4,0,3.9,0.1,1,0,0,2.8,1,3.8,1.8,0.5,0,0,0.8,0.8,2.7,7.1,0.5,0,2.7,0,0,6.1,5.8,4.4,8.7,0.1,9.1,0,0.1,0,1.3,0,1.9,0,2.3,0,0.5,0,4.7,2.1,1.3,3.4,0,0,0,0,0,0,0,0,0,0,0,0,0,0,0,0,0,0,0,0,0,0,0,0,0,0,0,0,0,0,0,0,0,0,0,0,0,0,0,0,0,0,0,0,0,0,0,0,0,0,0,0,0,0,NA,NA,NA,NA,NA,NA,NA,NA,NA,NA,NA,NA,NA,NA,NA,NA,NA,NA,NA,NA,NA,NA,NA,NA,NA,NA,NA,NA,NA,NA,NA,NA,-18.1,6.1,5.5,13.1,0.6,"2024a","L2SM1H",21.9806
12,"Norway",10,0,1973-09-09,197309,12951,"Anders Lange’s Party","ALP",70,"NA",116,0,1990,NA,NA,5.008,0,NA,4,155,1,10,"NA",47,NA,0,0,0,0,0,0,2.1,0,8.5,0,4.3,0,0,0,0,0,2.1,0,0,25.5,0,0,0,0,0,0,0,0,0,0,0,0,38.3,0,0,0,0,0,2.1,4.3,0,0,0,0,0,10.6,2.1,0,0,0,0,0,0,0,0,0,0,0,0,0,0,0,0,0,0,0,0,0,0,0,0,0,0,0,0,0,0,0,0,0,0,0,0,0,0,0,0,0,0,0,0,0,0,0,0,0,0,0,0,0,0,0,0,0,0,0,0,0,0,0,NA,NA,NA,NA,NA,NA,NA,NA,NA,NA,NA,NA,NA,NA,NA,NA,NA,NA,NA,NA,NA,NA,NA,NA,NA,NA,NA,NA,NA,NA,NA,NA,70.3,0,63.8,2.1,0,"2024a","91CMWW",11.7355
12,"Norway",10,0,1977-09-11,197709,12320,"Norwegian Labour Party","DnA",30,"NA",116,0,1990,NA,NA,42.259,0,NA,76,155,1,10,"NA",884,NA,0.7,0,0.2,0.6,0.1,1.4,7.1,0.7,0,0,1.7,3.3,0,0,6.2,0,2.5,0,0,0.8,0.2,1.8,3.3,0.2,0,0,3.4,0.7,2.5,4.9,4,0.1,0,0,0,7.7,7.4,7.2,8.6,0,4.2,0,0,0,0.9,0,1.2,0.3,0.1,0,3.2,0,3.3,1.7,1.1,4.8,0,0,0,0,0,0,0,0,0,0,0,0,0,0,0,0,0,0,0,0,0,0,0,0,0,0,0,0,0,0,0,0,0,0,0,0,0,0,0,0,0,0,0,0,0,0,0,0,0,0,0,0,0,0,NA,NA,NA,NA,NA,NA,NA,NA,NA,NA,NA,NA,NA,NA,NA,NA,NA,NA,NA,NA,NA,NA,NA,NA,NA,NA,NA,NA,NA,NA,NA,NA,-31.6,9.1,0.8,15.8,1.5,"2024a","6259KA",36.5830666666667
12,"Norway",10,0,1977-09-11,197709,12620,"Conservative Party","H",60,"NA",116,0,1990,NA,NA,27.08,1,NA,41,155,1,10,"NA",1238,NA,0.6,0,0.1,4.1,0,0.4,6.2,0.8,0,0,2.7,3.1,0.2,0,4.5,0,4.9,0,0,0.7,2.5,2.8,3.2,0.2,0,0.3,1,0,2.2,5.7,0.6,0,4.7,0,0,6.7,5.3,6,5.3,0,7.8,0.2,0.6,0,1.7,0,1.9,0.3,1.5,0.1,0.4,0,1.9,1,1.6,5.2,0,0,0,0,0,0,0,0,0,0,0,0,0,0,0,0,0,0,0,0,0,0,0,0,0,0,0,0,0,0,0,0,0,0,0,0,0,0,0,0,0,0,0,0,0,0,0,0,0,0,0,0,0,0,NA,NA,NA,NA,NA,NA,NA,NA,NA,NA,NA,NA,NA,NA,NA,NA,NA,NA,NA,NA,NA,NA,NA,NA,NA,NA,NA,NA,NA,NA,NA,NA,-10.2,6.6,5.4,11.3,0.4,"2024a","6XE5EF",21.9806
12,"Norway",10,0,1977-09-11,197709,12951,"Progress Party","FrP",70,"NA",116,0,1990,NA,NA,1.884,0,NA,0,155,1,10,"NA",1203,NA,0.3,0,0.1,4.5,0,0,1.9,0.1,0.9,0,1.8,2.3,2,0,3.4,0.4,8.1,0,0,13.5,1.7,3.1,2.3,0,0.3,0.1,1,0,4.4,3.5,0.8,0,9.5,0,0,2.4,2,3.8,3.7,2.7,3.8,0.8,1.2,0,0.7,0.8,2.7,0,0.4,0.2,0.3,0.1,1.2,0.2,0.6,4.3,0,0,0,0,0,0,0,0,0,0,0,0,0,0,0,0,0,0,0,0,0,0,0,0,0,0,0,0,0,0,0,0,0,0,0,0,0,0,0,0,0,0,0,0,0,0,0,0,0,0,0,0,0,0,NA,NA,NA,NA,NA,NA,NA,NA,NA,NA,NA,NA,NA,NA,NA,NA,NA,NA,NA,NA,NA,NA,NA,NA,NA,NA,NA,NA,NA,NA,NA,NA,21.8,6.2,23,7.5,0,"2024a","KCXPG3",11.7355
12,"Norway",10,0,1981-09-14,198109,12320,"Norwegian Labour Party","DnA",30,"NA",116,0,1990,NA,NA,37.204,0,NA,65,155,1,10,"NA",1084,NA,1.6,0,0.3,2,0,4.7,6.9,0.9,0,0,1.3,3.5,0,0,3.3,0,3.3,0,0,0.5,0.1,1.6,1.8,0.3,0.2,0,4.8,0.7,4.3,3.3,1.9,0.3,0.3,0,0,8.1,7.9,5.6,4.7,0.5,3,0,0.3,0,0.4,0,2.2,2,0.4,0,3.4,0,1.1,1.1,2.9,7.4,0,0,0,0,0,0,0,0,0,0,0,0,0,0,0,0,0,0,0,0,0,0,0,0,0,0,0,0,0,0,0,0,0,0,0,0,0,0,0,0,0,0,0,0,0,0,0,0,0,0,0,0,0,0,NA,NA,NA,NA,NA,NA,NA,NA,NA,NA,NA,NA,NA,NA,NA,NA,NA,NA,NA,NA,NA,NA,NA,NA,NA,NA,NA,NA,NA,NA,NA,NA,-22.7,5.3,0.8,10.3,4.7,"2024a","63PBYE",36.5830666666667
12,"Norway",10,0,1981-09-14,198109,12620,"Conservative Party","H",60,"NA",116,0,1990,NA,NA,31.739,0,NA,54,155,1,10,"NA",1740,NA,0.6,0,0,3.3,0,0.3,4.7,1.2,0.2,0,2.6,1.8,0,0,2.5,0.3,4.5,0,0,10.2,3.6,1.2,2.2,0.1,0.1,0.1,1,0,2.9,4,0.2,0,2.2,0,0,7.4,4,4.4,3.2,2.9,7.7,0,0.4,0,1.3,0,4,0,1.3,0,1,0.1,0.6,1.2,2.7,7.9,0,0,0,0,0,0,0,0,0,0,0,0,0,0,0,0,0,0,0,0,0,0,0,0,0,0,0,0,0,0,0,0,0,0,0,0,0,0,0,0,0,0,0,0,0,0,0,0,0,0,0,0,0,0,NA,NA,NA,NA,NA,NA,NA,NA,NA,NA,NA,NA,NA,NA,NA,NA,NA,NA,NA,NA,NA,NA,NA,NA,NA,NA,NA,NA,NA,NA,NA,NA,8.2,3.6,12.4,7.6,0.3,"2024a","9TDASY",21.9806
12,"Norway",10,0,1981-09-14,198109,12951,"Progress Party","FrP",70,"NA",116,0,1990,NA,NA,4.456,0,NA,4,155,1,10,"NA",891,NA,0.8,0,0.2,4.7,0,0,2.2,0,1.3,0,4,1.3,1.2,0.6,0.7,0.4,13.7,0.3,0,16,0.8,2.9,0.6,0,0.2,0,1.1,0,2.6,2.7,2.1,0,11.5,0,0,2.4,2,2.6,3,4.8,1.3,0.8,1.7,0,1,0,0.2,0,0.4,0,0,2.1,0.4,0,0.8,3,0,0,0,0,0,0,0,0,0,0,0,0,0,0,0,0,0,0,0,0,0,0,0,0,0,0,0,0,0,0,0,0,0,0,0,0,0,0,0,0,0,0,0,0,0,0,0,0,0,0,0,0,0,0,NA,NA,NA,NA,NA,NA,NA,NA,NA,NA,NA,NA,NA,NA,NA,NA,NA,NA,NA,NA,NA,NA,NA,NA,NA,NA,NA,NA,NA,NA,NA,NA,32.1,5.6,27.5,5.6,0,"2024a","N5RYRE",11.7355
12,"Norway",10,0,1985-09-08,198509,12320,"Norwegian Labour Party","DnA",30,"NA",116,0,1990,NA,NA,40.807,0,NA,71,157,1,10,"NA",1991,NA,1.9,0,1,1.5,0.1,4.2,5.7,0.9,0.3,0,1.9,3.4,0,0,4.7,0.2,2.4,0,0,0,0.4,2.2,0.9,0.5,0,0,0.8,0.7,5.3,5.2,1.8,0,0.4,0,0,2.4,8,9.9,8.6,0,2.8,0,0,0,0.8,0.1,0.9,0.2,0.4,0,0.9,0,1.2,1.3,1.8,13.3,0,0,0,0,0,0,0,0,0,0,0,0,0,0,0,0,0,0,0,0,0,0,0,0,0,0,0,0,0,0,0,0,0,0,0,0,0,0,0,0,0,0,0,0,0,0,0,0,0,0,0,0,0,0,NA,NA,NA,NA,NA,NA,NA,NA,NA,NA,NA,NA,NA,NA,NA,NA,NA,NA,NA,NA,NA,NA,NA,NA,NA,NA,NA,NA,NA,NA,NA,NA,-25.5,4.9,0.4,18.5,4.3,"2024a","LMRY6Z",36.5830666666667
12,"Norway",10,0,1985-09-08,198509,12620,"Conservative Party","H",60,"NA",116,0,1990,NA,NA,30.422,0,NA,50,157,1,10,"NA",2104,NA,1.5,0,0.1,3.1,0,0.9,4.9,1.1,0,0,1.6,1.5,0,0,2.8,0.1,4.1,0,0,7.5,1.7,3.2,0.2,0,0,0.9,1,0.3,6.3,8.3,0.9,0,1.4,0,0,3.3,6.6,2.8,7.1,0,8.6,0,0.5,0,1.4,0.5,1.8,0,0.8,0,0.4,0,1.5,1.5,1.7,6.6,0,0,0,0,0,0,0,0,0,0,0,0,0,0,0,0,0,0,0,0,0,0,0,0,0,0,0,0,0,0,0,0,0,0,0,0,0,0,0,0,0,0,0,0,0,0,0,0,0,0,0,0,0,0,NA,NA,NA,NA,NA,NA,NA,NA,NA,NA,NA,NA,NA,NA,NA,NA,NA,NA,NA,NA,NA,NA,NA,NA,NA,NA,NA,NA,NA,NA,NA,NA,-7.9,4.3,8.9,9.9,0.9,"2024a","7R6SAQ",21.9806
12,"Norway",10,0,1985-09-08,198509,12951,"Progress Party","FrP",70,"NA",116,0,1990,NA,NA,3.72,0,NA,2,157,1,10,"NA",856,NA,0.9,0,0.6,5.3,0,0.1,2.6,0,1,0,3.6,1.8,0.7,0,2.1,1.2,1.5,0,0,20.8,2,3.2,0,0,0,1.8,0.5,0,2,6.9,0.1,0,6.7,0,0,0.7,4.2,1.4,2.2,4.1,5.6,1.3,0.6,0,0.7,0.8,4,0,0.2,0,0.1,0.2,1.9,1,0.7,3.3,0,0,0,0,0,0,0,0,0,0,0,0,0,0,0,0,0,0,0,0,0,0,0,0,0,0,0,0,0,0,0,0,0,0,0,0,0,0,0,0,0,0,0,0,0,0,0,0,0,0,0,0,0,0,NA,NA,NA,NA,NA,NA,NA,NA,NA,NA,NA,NA,NA,NA,NA,NA,NA,NA,NA,NA,NA,NA,NA,NA,NA,NA,NA,NA,NA,NA,NA,NA,34,3.3,27.5,3.6,0.1,"2024a","HL87WU",11.7355
12,"Norway",10,0,1989-09-11,198909,12320,"Norwegian Labour Party","DnA",30,"NA",116,0,1990,NA,NA,34.272,0,NA,63,165,1,10,"NA",NA,NA,0.6,0,0.3,0.8,0,2.3,6.2,1.4,0,0,0.2,3.3,0,0,3,0.1,1.2,0,0,0.2,0.5,3.8,0,0.4,0,0.3,0.9,0.1,7,8.1,1.9,0,0.4,0,0,10.1,6.8,5.4,11.8,0,8.2,0,0.2,0,0.2,0,1.3,0.1,0.4,0,2.4,0,1.2,0.8,0.7,6.8,0,0,0,0,0,0,0,0,0,0,0,0,0,0,0,0,0,0,0,0,0,0,0,0,0,0,0,0,0,0,0,0,0,0,0,0,0,0,0,0,0,0,0,0,0,0,0,0,0,0,0,0,0,0,NA,NA,NA,NA,NA,NA,NA,NA,NA,NA,NA,NA,NA,NA,NA,NA,NA,NA,NA,NA,NA,NA,NA,NA,NA,NA,NA,NA,NA,NA,NA,NA,-36,5.7,0.6,17.2,2.3,"2024a","RR6SRB",36.5830666666667
12,"Norway",10,0,1989-09-11,198909,12620,"Conservative Party","H",60,"NA",116,0,1990,NA,NA,22.235,0,NA,37,165,1,10,"NA",NA,NA,0.6,0,0,1.8,0,0.3,4.3,2.2,0,0,1.2,0.5,0,0,2,0.3,4.1,0.1,0,7,4.4,3.2,0,0.1,0,0.1,0.6,0.1,8.7,8.5,0.1,0,2,0,0,6.7,5.4,2.2,10,0.5,9.7,0,0.2,0.1,1.1,0.4,2.7,0,0.5,0,0,0,1.6,0.2,1.4,4.8,0,0,0,0,0,0,0,0,0,0,0,0,0,0,0,0,0,0,0,0,0,0,0,0,0,0,0,0,0,0,0,0,0,0,0,0,0,0,0,0,0,0,0,0,0,0,0,0,0,0,0,0,0,0,NA,NA,NA,NA,NA,NA,NA,NA,NA,NA,NA,NA,NA,NA,NA,NA,NA,NA,NA,NA,NA,NA,NA,NA,NA,NA,NA,NA,NA,NA,NA,NA,-7.1,3.3,9,12.2,0.3,"2024a","BN2R6G",21.9806
12,"Norway",10,0,1989-09-11,198909,12951,"Progress Party","FrP",70,"NA",116,0,1990,NA,NA,13.038,0,NA,22,165,1,10,"NA",NA,NA,0,0,0,5.2,0,0.4,1.6,0.5,1.3,0,2.7,1,1,0,1.7,1.2,1,0.3,0,12,7.4,4.4,0,0,0,1.8,0.4,0,1.6,8,0,0,4.2,0,0,4.1,4.8,1.1,7.4,5,6.8,1.2,1.3,0.1,0.4,0.8,4.8,0,0.3,0.2,0,0,0.5,0.4,0.4,0.6,0,0,0,0,0,0,0,0,0,0,0,0,0,0,0,0,0,0,0,0,0,0,0,0,0,0,0,0,0,0,0,0,0,0,0,0,0,0,0,0,0,0,0,0,0,0,0,0,0,0,0,0,0,0,NA,NA,NA,NA,NA,NA,NA,NA,NA,NA,NA,NA,NA,NA,NA,NA,NA,NA,NA,NA,NA,NA,NA,NA,NA,NA,NA,NA,NA,NA,NA,NA,24.2,4.4,16.2,8.5,0.4,"2024a","5P9842",11.7355
12,"Norway",10,0,1993-09-13,199309,12320,"Norwegian Labour Party","DnA",30,"NA",221,1,1995,0.836,NA,36.911,0,NA,67,165,1,10,"NA",1162,0.172,1.979,0,0,1.549,0.516,0,12.478,6.282,0.344,0.086,0.861,3.184,0,0,2.151,0,2.065,0,0.43,0.947,0.344,0.086,0,0,0,0.172,4.991,0,2.582,8.778,0.172,0.43,0.775,0,2.668,7.831,3.098,5.164,10.413,0.43,4.647,0,0.516,0,0.344,0.086,0.775,5.68,1.205,0.172,0.602,0,2.582,0,0,2.41,0,0,0,0,0,0,0,0,0,0,0,0,0,0,0,0,0,0,0,0,0,0,0,0,0,0,0,0,0,0,0,0,0,0,0,0,0,0,0,0,0,0,0,0,0,0,0,0,0,0,0,0,0,0,NA,NA,NA,NA,NA,NA,NA,NA,NA,NA,NA,NA,NA,NA,NA,NA,NA,NA,NA,NA,NA,NA,NA,NA,NA,NA,NA,NA,NA,NA,NA,NA,-19.707,0.258,1.721,15.577,0.516,"2024a","OTRISV",36.5830666666667
12,"Norway",10,0,1993-09-13,199309,12620,"Conservative Party","H",60,"NA",221,1,1995,0.836,NA,17.034,0,NA,28,165,1,10,"NA",1084,0.738,0,0,0,3.229,0,0.092,5.443,4.52,0,0,7.657,1.015,0,0,2.583,1.015,3.506,0,0.461,10.793,1.107,0.83,0,0,0,0.738,1.015,0,4.705,6.642,0,0.092,3.598,0,0.738,5.904,1.753,0.646,7.472,0.738,8.118,0.277,0.83,0,4.428,0.092,1.937,1.937,0.646,0.923,0,0.277,1.292,0,0.738,1.476,0,0,0,0,0,0,0,0,0,0,0,0,0,0,0,0,0,0,0,0,0,0,0,0,0,0,0,0,0,0,0,0,0,0,0,0,0,0,0,0,0,0,0,0,0,0,0,0,0,0,0,0,0,0,NA,NA,NA,NA,NA,NA,NA,NA,NA,NA,NA,NA,NA,NA,NA,NA,NA,NA,NA,NA,NA,NA,NA,NA,NA,NA,NA,NA,NA,NA,NA,NA,14.391,0.83,14.391,8.118,0.092,"2024a","QKEX1J",21.9806
12,"Norway",10,0,1993-09-13,199309,12951,"Progress Party","FrP",70,"NA",221,1,1995,0.836,NA,6.275,0,NA,10,165,1,10,"NA",1602,0.25,0.062,0,0,6.429,0.125,0.125,3.433,1.248,0.25,0.999,10.612,2.247,0.562,0,2.434,0.562,4.37,0,0,20.412,1.685,0.874,0,0,0,2.559,0.062,0,1.311,4.931,0,0.125,4.432,0,0.375,4.245,0.437,0.811,3.496,4.432,3.87,0.375,2.06,0,2.31,0.499,1.873,0.499,0.125,1.81,0,0.062,1.685,0,0.624,0.312,0,0,0,0,0,0,0,0,0,0,0,0,0,0,0,0,0,0,0,0,0,0,0,0,0,0,0,0,0,0,0,0,0,0,0,0,0,0,0,0,0,0,0,0,0,0,0,0,0,0,0,0,0,0,NA,NA,NA,NA,NA,NA,NA,NA,NA,NA,NA,NA,NA,NA,NA,NA,NA,NA,NA,NA,NA,NA,NA,NA,NA,NA,NA,NA,NA,NA,NA,NA,43.571,0.874,24.844,4.307,0.25,"2024a","45V5O5",11.7355
12,"Norway",10,0,1997-09-16,199709,12320,"Norwegian Labour Party","DnA",30,"NA",222,1,2001,0.934,NA,35,0,NA,65,165,1,10,"NA",3633,4.321,0.495,0,0,0.771,0.826,0.193,7.542,0.551,0.055,0.055,1.817,4.404,0.028,0,2.202,0,3.743,0,0.275,0.881,1.156,2.863,0,0.551,0.055,0.138,0.248,0.055,0.688,6.579,0.138,0.385,1.294,0.028,2.422,7.322,6.579,5.312,8.01,0.633,3.688,0,0.22,0.275,1.734,0.33,1.982,3.688,1.321,0.22,4.624,0.028,2.697,0.055,1.844,4.679,0,0,0,0,0,0,0,0,0,0,0,0,0,0,0,0,0,0,0,0,0,0,0,0,0,0,0,0,0,0,0,0,0,0,0,0,0,0,0,0,0,0,0,0,0,0,0,0,0,0,0,0,0,0,NA,NA,NA,NA,NA,NA,NA,NA,NA,NA,NA,NA,NA,NA,NA,NA,NA,NA,NA,NA,NA,NA,NA,NA,NA,NA,NA,NA,NA,NA,NA,NA,-18.112,3,2.175,13.322,1.018,"2024a","28ZPOV",36.5830666666667
12,"Norway",10,0,1997-09-16,199709,12620,"Conservative Party","H",60,"NA",222,1,2001,0.934,NA,14.34,0,NA,23,165,1,10,"NA",1246,2.488,0.321,0,0,2.809,0,0.482,6.34,1.605,0.08,0,5.457,2.889,0.08,0,2.006,0.08,3.772,0,0.08,7.705,2.247,2.327,0,0,0,0.401,0.963,0,1.364,5.859,0.08,0,1.284,0,0.722,3.451,2.167,1.284,8.587,1.605,9.069,0.08,1.124,0.08,5.698,0.161,3.291,3.05,0.883,0.08,1.364,0.08,4.173,0,0.321,2.006,0,0,0,0,0,0,0,0,0,0,0,0,0,0,0,0,0,0,0,0,0,0,0,0,0,0,0,0,0,0,0,0,0,0,0,0,0,0,0,0,0,0,0,0,0,0,0,0,0,0,0,0,0,0,NA,NA,NA,NA,NA,NA,NA,NA,NA,NA,NA,NA,NA,NA,NA,NA,NA,NA,NA,NA,NA,NA,NA,NA,NA,NA,NA,NA,NA,NA,NA,NA,3.692,2.408,8.989,9.872,0.482,"2024a","X9GPLU",21.9806
12,"Norway",10,0,1997-09-16,199709,12951,"Progress Party","FrP",70,"NA",222,1,2001,0.934,NA,15.3,0,NA,25,165,1,10,"NA",2070,1.401,0.29,0,0,6.908,0.242,0,2.947,0.483,1.159,0,3.961,2.754,0.338,0.048,1.449,0.628,4.638,0,0,17.585,1.594,3.237,0,0,0,1.014,0.242,0,0.338,4.203,0,0,2.077,0,0.338,3.092,1.304,2.077,5.845,1.787,4.01,0.386,2.415,0.097,3.816,0.145,3.575,0.725,0,0.483,3.285,0.58,3.527,0,0.821,4.155,0,0,0,0,0,0,0,0,0,0,0,0,0,0,0,0,0,0,0,0,0,0,0,0,0,0,0,0,0,0,0,0,0,0,0,0,0,0,0,0,0,0,0,0,0,0,0,0,0,0,0,0,0,0,NA,NA,NA,NA,NA,NA,NA,NA,NA,NA,NA,NA,NA,NA,NA,NA,NA,NA,NA,NA,NA,NA,NA,NA,NA,NA,NA,NA,NA,NA,NA,NA,23.478,3.237,19.662,7.923,0.242,"2024a","1GPW7S",11.7355
12,"Norway",10,0,2001-09-10,200109,12320,"Norwegian Labour Party","DnA",30,"NA",223,1,2002,0.823,NA,24.293,0,NA,43,165,1,20,"NA",2860,0,1.084,0,0,1.224,0,0.559,8.776,2.168,0.035,0.07,2.028,3.846,0.14,0.21,2.552,0.315,2.902,0,0,0.105,0.42,0.455,0.035,0.105,0.035,0.175,0.175,0,5.559,8.636,2.098,0.524,0.315,0,0.734,6.329,8.357,5.105,18.951,0,7.238,0,0.07,0,0.035,0.14,1.748,0.455,1.783,0.35,2.378,0,0.909,0,0.245,0.629,0,0,0,0,0,0,0,0,0,0,0,0,0,0,0,0,0,0,0,0,0,0,0,0,0,0,0,0,0,0,0,0,0,0,0,0,0,0,0,0,0,0,0,0,0,0,0,0,0,0,0,0,0,0,NA,NA,NA,NA,NA,NA,NA,NA,NA,NA,NA,NA,NA,NA,NA,NA,NA,NA,NA,NA,NA,NA,NA,NA,NA,NA,NA,NA,NA,NA,NA,NA,-38.182,2.587,0.42,24.056,0.559,"2024a","DXW5XU",36.5830666666667
12,"Norway",10,0,2001-09-10,200109,12620,"Conservative Party","H",60,"NA",223,1,2002,0.823,NA,21.208,0,NA,38,165,1,20,"NA",1328,0.075,0.075,0,0,2.485,0,0,4.292,2.259,0,0,8.509,0.753,0,0,1.355,0.075,6.777,0,0,7.154,6.702,0.527,0,0,0,1.13,0.151,0,2.861,6.175,0,0,0.753,0,0.151,7.53,3.84,0.828,7.681,0.904,12.952,0.075,0.151,0,2.56,0.151,5.422,1.13,0.753,0.377,0.904,0,1.13,0.075,0.452,0.828,0,0,0,0,0,0,0,0,0,0,0,0,0,0,0,0,0,0,0,0,0,0,0,0,0,0,0,0,0,0,0,0,0,0,0,0,0,0,0,0,0,0,0,0,0,0,0,0,0,0,0,0,0,0,NA,NA,NA,NA,NA,NA,NA,NA,NA,NA,NA,NA,NA,NA,NA,NA,NA,NA,NA,NA,NA,NA,NA,NA,NA,NA,NA,NA,NA,NA,NA,NA,9.789,0.527,7.907,8.509,0,"2024a","97TR8X",21.9806
12,"Norway",10,0,2001-09-10,200109,12951,"Progress Party","FrP",70,"NA",223,1,2002,0.823,NA,14.641,0,NA,26,165,1,20,"NA",2362,0,0.169,0.254,0,5.97,0.085,0.085,1.651,0.339,1.185,0.296,8.298,1.016,0.254,0,1.397,1.185,3.556,0,0,18.967,3.26,0.677,0,0,0.085,1.101,0,0,1.016,12.405,0,0.042,1.058,0,0.508,3.091,1.185,0.847,10.796,0.635,6.943,0.042,0.381,0,1.524,0,3.937,0.085,0,1.948,0.127,0.381,2.498,0,0.127,0.593,0,0,0,0,0,0,0,0,0,0,0,0,0,0,0,0,0,0,0,0,0,0,0,0,0,0,0,0,0,0,0,0,0,0,0,0,0,0,0,0,0,0,0,0,0,0,0,0,0,0,0,0,0,0,NA,NA,NA,NA,NA,NA,NA,NA,NA,NA,NA,NA,NA,NA,NA,NA,NA,NA,NA,NA,NA,NA,NA,NA,NA,NA,NA,NA,NA,NA,NA,NA,23.963,0.677,20.025,11.643,0.423,"2024a","IXVYAR",11.7355
12,"Norway",10,0,2005-09-12,200509,12320,"Norwegian Labour Party","DnA",30,"NA",298,4,2013,0.797,0.652,32.69,0,NA,61,169,1,71,"2024-1",1664,0,0,0,0,1.142,0.962,0.3,10.216,1.983,0.12,0,3.726,2.524,0,0,3.305,0.12,2.284,0.12,1.322,0,3.185,0.962,3.666,0.18,0,0.3,1.022,0.24,0,8.594,0.3,1.683,0,0,0,4.928,5.469,7.632,16.587,0,6.37,0,0,0,0.06,0.601,2.103,2.103,0.661,0,3.666,0,1.082,0,0.481,0,0,0,0,0,0,0,0,0,0,0,0,0,0,0,0,0,0,0,0,0,0,0,0,0,0,0,0,0,0,0,0,0,0,0,0,0,0,0,0,0,0,0,0,0,0,0,0,0,0,0,0,0,0,0,NA,NA,NA,NA,NA,NA,NA,NA,NA,NA,NA,NA,NA,NA,NA,NA,NA,NA,NA,NA,NA,NA,NA,NA,NA,NA,NA,NA,NA,NA,NA,NA,-33.293,4.928,0,24.219,1.262,"2024a","JJ4SW8",36.5830666666667
12,"Norway",10,0,2005-09-12,200509,12620,"Conservative Party","H",60,"NA",298,4,2013,0.797,0.652,14.098,0,NA,23,169,1,71,"2024-1",1622,0.062,0,0,0,1.541,0.74,0,2.836,2.158,0.123,0,8.693,0.617,0,0.123,5.24,0,4.562,0.062,0.801,11.036,4.439,1.233,0.123,0,0,1.665,0.493,0,0.062,7.028,0,0.308,0,0,0,4.932,4.192,1.726,8.508,3.822,8.261,0,0.986,0,0.801,1.726,4.994,0.123,1.11,0,2.898,0,1.85,0,0.123,0,0,0,0,0,0,0,0,0,0,0,0,0,0,0,0,0,0,0,0,0,0,0,0,0,0,0,0,0,0,0,0,0,0,0,0,0,0,0,0,0,0,0,0,0,0,0,0,0,0,0,0,0,0,0,NA,NA,NA,NA,NA,NA,NA,NA,NA,NA,NA,NA,NA,NA,NA,NA,NA,NA,NA,NA,NA,NA,NA,NA,NA,NA,NA,NA,NA,NA,NA,NA,13.379,1.356,11.036,10.234,0.74,"2024a","HOC4QV",21.9806
12,"Norway",10,0,2005-09-12,200509,12951,"Progress Party","FrP",70,"NA",298,4,2013,0.797,0.652,22.056,0,NA,38,169,1,71,"2024-1",2638,0.227,0,0,0,6.141,0,0.038,1.137,0,1.251,0.379,4.132,2.047,0.152,0.076,1.782,0,2.312,0,0,12.737,3.033,0.834,0.265,0,0.076,4.208,1.061,0,0.341,10.538,0,0,0.417,0,0.038,4.776,2.957,2.464,11.334,2.199,9.439,0,0.493,0,1.668,0.152,7.013,0.227,0,1.213,0.303,0.303,2.161,0,0,0.076,0,0,0,0,0,0,0,0,0,0,0,0,0,0,0,0,0,0,0,0,0,0,0,0,0,0,0,0,0,0,0,0,0,0,0,0,0,0,0,0,0,0,0,0,0,0,0,0,0,0,0,0,0,0,NA,NA,NA,NA,NA,NA,NA,NA,NA,NA,NA,NA,NA,NA,NA,NA,NA,NA,NA,NA,NA,NA,NA,NA,NA,NA,NA,NA,NA,NA,NA,NA,16.945,1.099,13.154,13.798,0.038,"2024a","T2RSV3",11.7355
12,"Norway",10,0,2009-09-14,200909,12320,"Norwegian Labour Party","DnA",30,"NA",295,3,2012,0.86,NA,35.379,0,NA,64,188,1,61,"2024-1",2125,0.282,0.047,0,0,4.188,0,0.329,5.129,0.894,0,0,1.976,2.635,0,0.047,0.047,0,1.318,0.141,0.188,0,2.259,1.459,0.188,0.376,0.094,0.612,0,0.141,2.918,5.318,0,0.894,0.141,1.412,0,8.8,3.059,6.824,17.365,0,12.753,0,0.235,0,0,0,3.859,2.494,2.729,0.141,4.894,0,1.129,0,2.165,0.518,0,0,0,0,0,0,0,0,0,0,0,0,0,0,0,0,0,0,0,0,0,0,0,0,0,0,0,0,0,0,0,0,0,0,0,0,0,0,0,0,0,0,0,0,0,0,0,0,0,0,0,0,0,0,NA,NA,NA,NA,NA,NA,NA,NA,NA,NA,NA,NA,NA,NA,NA,NA,NA,NA,NA,NA,NA,NA,NA,NA,NA,NA,NA,NA,NA,NA,NA,NA,-29.788,1.647,0.141,24.188,0.329,"2024a","QIF4BJ",36.5830666666667
12,"Norway",10,0,2009-09-14,200909,12620,"Conservative Party","H",60,"NA",295,3,2012,0.86,NA,17.236,0,NA,33,188,1,61,"2024-1",1473,0,0.136,0,0,3.327,0,0.136,2.037,0.611,0,0,2.105,1.222,0,0,1.697,0,4.005,0.068,0.136,3.123,2.308,0.272,0,0,0,0.407,0.339,0,7.739,5.906,0,0.068,0.339,0,0,8.69,4.005,0.815,15.547,0,10.794,0,0.204,0,2.783,0,6.857,1.833,0.815,0.747,4.752,0,3.055,0,3.123,0,0,0,0,0,0,0,0,0,0,0,0,0,0,0,0,0,0,0,0,0,0,0,0,0,0,0,0,0,0,0,0,0,0,0,0,0,0,0,0,0,0,0,0,0,0,0,0,0,0,0,0,0,0,0,NA,NA,NA,NA,NA,NA,NA,NA,NA,NA,NA,NA,NA,NA,NA,NA,NA,NA,NA,NA,NA,NA,NA,NA,NA,NA,NA,NA,NA,NA,NA,NA,-11.405,0.272,3.462,16.361,0.136,"2024a","LSCD91",21.9806
12,"Norway",10,0,2009-09-14,200909,12951,"Progress Party","FrP",70,"NA",295,3,2012,0.86,NA,22.91,0,NA,44,188,1,61,"2024-1",2011,1.989,0.448,0,0.199,6.713,0,0.099,0.746,0,0,0,2.188,2.287,0,0,0.099,0,7.807,0.099,0.149,6.813,5.022,0.05,0.199,0,0,1.343,0.149,1.492,3.68,9.398,0,0.099,0.348,0,0,2.984,5.172,0.497,10.443,1.84,8.404,0.199,0.099,0,1.641,0,4.625,0.995,0.149,4.078,2.486,1.144,1.939,0.298,0.796,0.796,0,0,0,0,0,0,0,0,0,0,0,0,0,0,0,0,0,0,0,0,0,0,0,0,0,0,0,0,0,0,0,0,0,0,0,0,0,0,0,0,0,0,0,0,0,0,0,0,0,0,0,0,0,0,NA,NA,NA,NA,NA,NA,NA,NA,NA,NA,NA,NA,NA,NA,NA,NA,NA,NA,NA,NA,NA,NA,NA,NA,NA,NA,NA,NA,NA,NA,NA,NA,6.763,0.249,7.161,10.94,0.099,"2024a","65SCTW",11.7355
12,"Norway",10,0,2013-09-09,201309,12320,"Labour Party","Ap",30,"NA",338,5,2018,0.844,0.758,30.845,0,NA,55,169,1,131,"2024-1",2691,0.26,0,0,0,1.598,0.483,0.26,4.311,0.334,0,0.037,3.233,1.97,0,0,2.118,0,5.871,0,0.334,0.037,0.223,1.115,0,0,0.037,0,2.044,0.483,0.297,10.219,0,0.818,0.186,0,3.344,5.054,2.75,4.496,17.02,0.037,6.094,0,2.899,0.78,1.152,0.483,5.017,3.865,3.567,0.037,4.459,0,2.453,0,0.223,0,0,0,0,0,0,0,0,0,0,0,0,0,0,0,0,0,0,0,0,0,0,0,0,0,0,0,0,0,0,0,0,0,0,0,0,0,0,0,0,0,0,0,0,0,0,0,0,0,0,0,0,0,0,0,0,0,1.709,1.524,1.97,0,0,0,0.334,0,0,0,0,0,0,3.344,2.304,0.595,0.186,0.595,5.017,0.037,3.865,0,1.97,1.041,0.557,0,0.037,0,2.453,0,-17.986,1.115,0.223,21.516,0.743,"2024a","6ADLTX",36.5830666666667
12,"Norway",10,0,2013-09-09,201309,12620,"Conservative Party","H",60,"NA",338,5,2018,0.844,0.758,26.806,0,NA,48,169,1,131,"2024-1",1365,2.418,0,0,0,2.637,0.22,0,3.663,0.733,0,0,3.37,0.586,0,0,2.564,0.073,6.227,0,0.147,2.051,0.733,0,0,0,0,0,4.029,0,0.147,10.916,0,0,0.513,0,4.103,3.37,3.37,1.392,17.436,0.147,7.106,0.147,1.758,1.392,1.465,0.073,8.205,1.172,0.806,1.172,2.198,0,3.663,0,0,0,0,0,0,0,0,0,0,0,0,0,0,0,0,0,0,0,0,0,0,0,0,0,0,0,0,0,0,0,0,0,0,0,0,0,0,0,0,0,0,0,0,0,0,0,0,0,0,0,0,0,0,0,0,0,0,0,2.637,0.733,0.586,0.879,0,0,0.147,0,0,0,0,0,0,4.103,1.099,0.659,1.172,0.22,8.205,0,1.099,0.073,0.073,0,0.733,0,1.172,0,3.663,0,-9.011,0,2.564,18.828,0.22,"2024a","F41JJ8",21.9806
12,"Norway",10,0,2013-09-09,201309,12951,"Progress Party","FrP",70,"NA",338,5,2018,0.844,0.758,16.345,0,NA,29,169,1,131,"2024-1",2519,0.318,0,0,0,5.399,0,0.04,2.58,0.357,0.159,0.238,3.573,1.469,0,0,1.032,0.119,6.59,0,0,4.923,1.509,0.119,0,0.119,0,0,5.359,0.198,0.159,12.029,0,0.04,0.397,0,2.382,3.295,5.081,0.516,14.728,0.675,6.233,0.913,2.422,0.119,0.635,0.238,6.391,0.397,0.437,2.501,3.057,0,2.461,0,0,0.794,0,0,0,0,0,0,0,0,0,0,0,0,0,0,0,0,0,0,0,0,0,0,0,0,0,0,0,0,0,0,0,0,0,0,0,0,0,0,0,0,0,0,0,0,0,0,0,0,0,0,0,0,0,0,0,0,3.335,0.238,1.191,0,0,0.278,0,0,0,0,0,0,0,2.382,0.754,1.667,0,0.119,6.391,0,0.357,0.04,0,0,0.437,0.04,1.112,1.35,2.461,0.079,-1.945,0.119,5.32,15.244,0.04,"2024a","O8DCW7",11.7355
12,"Norway",10,0,2017-09-11,201709,12320,"Labour Party","Ap",30,"NA",347,5,2019,0.699,0.712,27.366,0,NA,49,169,1,141,"2024-1",2363,0.55,0.296,0,0.085,1.608,0.592,0.381,3.978,0.254,0.042,0.042,2.835,1.227,0.042,0,1.058,0,1.904,0.127,0.085,0.042,0.889,7.364,0.973,1.016,0.127,0,0,0.042,5.882,14.642,0.085,1.481,0.508,0.127,2.201,7.744,3.047,4.867,11.807,0.042,7.406,0.127,1.227,0,0.339,0.254,2.624,1.693,0.55,0.762,6.221,0,0.804,0,0,0,0,0,0,0,0,0,0,0,0,0,0,0,0,0,0,0,0,0,0,0,0,0,0,0,0,0,0,0,0,0,0,0,0,0,0,0,0,0,0,0,0,0,0,0,0,0,0,0,0,0,0,0,0,0,0.042,0.042,0.127,2.708,1.227,0,0,0,0.085,0,0,0,0,0,0,2.201,0.677,0.55,0,0,2.624,0.508,1.65,0.042,0.127,0,0.423,0.042,0.719,0,0.804,0,-29.793,8.421,0.55,16.674,0.973,"2024a","PQRVP9",36.5830666666667
12,"Norway",10,0,2017-09-11,201709,12620,"Conservative Party","H",60,"NA",347,5,2019,0.699,0.712,25.041,0,NA,45,169,1,141,"2024-1",1921,0.573,0.052,0,0,2.447,0.156,0.208,2.759,0.729,0.312,0.052,2.707,0.469,0.104,0.104,3.227,0.573,4.06,0.052,0,2.915,5.206,0.833,1.51,0.469,0.156,0.208,0.521,0.26,1.926,13.535,0.104,0.416,0.104,0,4.581,5.726,2.655,3.175,11.088,0.26,9.839,0.104,1.406,0.156,1.093,0,4.217,2.186,1.249,1.197,3.123,0,0.833,0,0,0.364,0,0,0,0,0,0,0,0,0,0,0,0,0,0,0,0,0,0,0,0,0,0,0,0,0,0,0,0,0,0,0,0,0,0,0,0,0,0,0,0,0,0,0,0,0,0,0,0,0,0,0,0,0,0,0,0,1.301,1.406,0.416,0,0,0.052,0,0,0,0,0,0,0,4.581,0.677,0.729,0,0.156,4.217,0.521,1.718,0.469,0.416,0.052,0.781,1.041,0.156,0,0.833,0.052,-7.808,2.447,3.019,14.263,0.364,"2024a","2CW8L7",21.9806
12,"Norway",10,0,2017-09-11,201709,12951,"Progress Party","FrP",70,"NA",347,5,2019,0.699,0.712,15.193,0,NA,27,169,1,141,"2024-1",3128,0.543,0,0,0.064,4.636,0.064,0.032,1.598,0,0.671,0.352,6.777,1.822,0.096,0.128,1.503,0.639,2.653,0.224,0.16,11.893,1.055,2.973,0.256,0.512,0,2.014,0,0,2.877,13.363,0.096,0.096,0.575,0,0.352,1.79,2.366,2.685,10.358,2.302,6.49,0.448,3.804,0,0.352,0.384,4.827,0.671,0.256,1.918,1.151,0.128,1.822,0.128,0,0.096,0,0,0,0,0,0,0,0,0,0,0,0,0,0,0,0,0,0,0,0,0,0,0,0,0,0,0,0,0,0,0,0,0,0,0,0,0,0,0,0,0,0,0,0,0,0,0,0,0,0,0,0,0,0,0,0.064,4.987,1.79,1.503,0.064,0,0.32,0.16,0,0,0,0,0,0,0.352,1.247,2.558,0,0,4.827,0.192,0.671,0,0,0,0.256,0.448,0.991,0.48,1.822,0.064,14.162,3.325,12.468,13.043,0.096,"2024a","S6AADA",11.7355
13,"Denmark",0,0,1960-11-15,196011,13320,"Social Democratic Party","SD",30,"NA",107,999,1983,NA,NA,42.098,0,NA,76,175,1,10,"NA",155,9.7,0,0,0,0.6,0,2.6,4.5,3.2,0,0,0,1.3,0,0,0,0,1.9,0,0.6,0,0.6,3.9,0,7.1,0,0,4.5,0,5.2,1.9,0,0,0,0,0,1.3,5.2,9.7,16.8,0,5.8,0,0,0,1.9,0,0,0,0,0,0.6,0,0,0,0,10.3,0,0,0,0,0,0,0,0,0,0,0,0,0,0,0,0,0,0,0,0,0,0,0,0,0,0,0,0,0,0,0,0,0,0,0,0,0,0,0,0,0,0,0,0,0,0,0,0,0,0,0,0,0,0,NA,NA,NA,NA,NA,NA,NA,NA,NA,NA,NA,NA,NA,NA,NA,NA,NA,NA,NA,NA,NA,NA,NA,NA,NA,NA,NA,NA,NA,NA,NA,NA,-31.8,3.9,0,26.5,2.6,"2024a","NO2BNN",32.4330909090909
13,"Denmark",0,0,1960-11-15,196011,13420,"Liberals","V",40,"NA",107,999,1983,NA,NA,21.055,0,NA,38,175,1,10,"NA",57,19.3,0,0,0,1.8,0,0,0,0,0,0,0,0,0,0,0,0,3.5,0,0,1.8,8.8,0,0,0,0,1.8,0,0,10.5,0,0,0,17.5,0,0,0,0,3.5,1.8,1.8,8.8,0,1.8,0,0,0,0,0,0,0,1.8,0,7,5.3,0,3.5,0,0,0,0,0,0,0,0,0,0,0,0,0,0,0,0,0,0,0,0,0,0,0,0,0,0,0,0,0,0,0,0,0,0,0,0,0,0,0,0,0,0,0,0,0,0,0,0,0,0,0,0,0,0,NA,NA,NA,NA,NA,NA,NA,NA,NA,NA,NA,NA,NA,NA,NA,NA,NA,NA,NA,NA,NA,NA,NA,NA,NA,NA,NA,NA,NA,NA,NA,NA,22.9,0,19.3,5.3,0,"2024a","RXI5IU",19.1100909090909
13,"Denmark",0,0,1960-11-15,196011,13620,"Conservative People’s Party","KF",60,"NA",107,999,1983,NA,NA,17.918,0,NA,32,175,1,10,"NA",128,21.9,0,0,0,1.6,0,0,0,0,0,0,19.5,0,0,0,0,0,0,0,0,0,3.1,0,0,0,0,0,0,0,0.8,0,0,0,27.3,0,0,0,0,5.5,0.8,5.5,0,0,0,0,3.1,0,0,0,0,0,0,0,0,0.8,0,10.2,0,0,0,0,0,0,0,0,0,0,0,0,0,0,0,0,0,0,0,0,0,0,0,0,0,0,0,0,0,0,0,0,0,0,0,0,0,0,0,0,0,0,0,0,0,0,0,0,0,0,0,0,0,0,NA,NA,NA,NA,NA,NA,NA,NA,NA,NA,NA,NA,NA,NA,NA,NA,NA,NA,NA,NA,NA,NA,NA,NA,NA,NA,NA,NA,NA,NA,NA,NA,59.3,0,27.3,6.3,0,"2024a","8RXJK6",13.2677272727273
13,"Denmark",10,0,1964-09-22,196409,13320,"Social Democratic Party","SD",30,"NA",107,999,1983,NA,NA,41.942,0,NA,76,175,1,10,"NA",185,12.4,1.1,0,0,0.5,2.2,1.6,2.2,0.5,0,0,4.3,0.5,0,0,1.1,0,0,0,0,0,0,2.2,0,0,0,1.1,3.8,0,9.7,5.9,0,0,0.5,0,0,0,5.4,4.3,11.4,0,6.5,0,0,0,0.5,0,1.1,0,0,0,1.1,0,2.2,3.8,1.1,13,0,0,0,0,0,0,0,0,0,0,0,0,0,0,0,0,0,0,0,0,0,0,0,0,0,0,0,0,0,0,0,0,0,0,0,0,0,0,0,0,0,0,0,0,0,0,0,0,0,0,0,0,0,0,NA,NA,NA,NA,NA,NA,NA,NA,NA,NA,NA,NA,NA,NA,NA,NA,NA,NA,NA,NA,NA,NA,NA,NA,NA,NA,NA,NA,NA,NA,NA,NA,-19.7,2.2,0.5,15.7,3.8,"2024a","QWSOSP",32.4330909090909
13,"Denmark",10,0,1964-09-22,196409,13420,"Liberals","V",40,"NA",107,999,1983,NA,NA,20.817,0,NA,38,175,1,10,"NA",45,44.4,0,0,0,0,0,0,0,0,0,0,0,0,0,0,0,0,2.2,0,0,6.7,2.2,2.2,0,0,0,0,2.2,0,13.3,4.4,0,0,2.2,0,0,0,0,4.4,2.2,0,2.2,0,2.2,0,0,0,0,0,0,0,0,0,6.7,0,0,2.2,0,0,0,0,0,0,0,0,0,0,0,0,0,0,0,0,0,0,0,0,0,0,0,0,0,0,0,0,0,0,0,0,0,0,0,0,0,0,0,0,0,0,0,0,0,0,0,0,0,0,0,0,0,0,NA,NA,NA,NA,NA,NA,NA,NA,NA,NA,NA,NA,NA,NA,NA,NA,NA,NA,NA,NA,NA,NA,NA,NA,NA,NA,NA,NA,NA,NA,NA,NA,6.7,2.2,8.9,6.6,0,"2024a","GB7DWF",19.1100909090909
13,"Denmark",10,0,1964-09-22,196409,13620,"Conservative People’s Party","KF",60,"NA",107,999,1983,NA,NA,20.058,0,NA,36,175,1,10,"NA",82,12.2,1.2,0,0,3.7,0,1.2,2.4,2.4,0,0,0,0,0,0,4.9,0,6.1,0,1.2,6.1,4.9,0,0,0,0,0,4.9,1.2,1.2,4.9,0,0,11,0,0,1.2,0,3.7,4.9,0,2.4,0,0,0,2.4,0,0,0,0,0,0,1.2,3.7,2.4,0,8.5,0,0,0,0,0,0,0,0,0,0,0,0,0,0,0,0,0,0,0,0,0,0,0,0,0,0,0,0,0,0,0,0,0,0,0,0,0,0,0,0,0,0,0,0,0,0,0,0,0,0,0,0,0,0,NA,NA,NA,NA,NA,NA,NA,NA,NA,NA,NA,NA,NA,NA,NA,NA,NA,NA,NA,NA,NA,NA,NA,NA,NA,NA,NA,NA,NA,NA,NA,NA,18.4,0,17.1,8.6,1.2,"2024a","F93YRH",13.2677272727273
13,"Denmark",10,0,1966-11-22,196611,13320,"Social Democratic Party","SD",30,"NA",107,999,1983,NA,NA,38.257,0,NA,69,175,1,10,"NA",305,64.3,0.3,0,0,0,0,0.3,1,0.7,0,0.3,1,0.3,0,0,0.3,1,1,0,2.6,0,0,0.7,0,0,0,0.7,2.3,0,1.6,0,0.3,0,1.3,0,0,0,0.7,6.6,5.9,0,0.7,0,0,0,0.3,0,0,0.3,0,0,1,0,0,0,1.6,2.9,0,0,0,0,0,0,0,0,0,0,0,0,0,0,0,0,0,0,0,0,0,0,0,0,0,0,0,0,0,0,0,0,0,0,0,0,0,0,0,0,0,0,0,0,0,0,0,0,0,0,0,0,0,0,NA,NA,NA,NA,NA,NA,NA,NA,NA,NA,NA,NA,NA,NA,NA,NA,NA,NA,NA,NA,NA,NA,NA,NA,NA,NA,NA,NA,NA,NA,NA,NA,-4,1,1.3,12.5,0.3,"2024a","1UVT6L",32.4330909090909
13,"Denmark",10,0,1966-11-22,196611,13420,"Liberals","V",40,"NA",107,999,1983,NA,NA,19.292,0,NA,35,175,1,10,"NA",55,41.8,0,0,0,0,0,0,0,1.8,0,0,0,0,0,0,1.8,0,5.4,0,0,5.4,5.4,0,0,0,0,0,5.4,0,5.4,0,0,0,7.3,0,0,0,0,7.3,3.6,0,1.8,0,0,0,0,0,0,0,0,0,0,1.8,3.6,0,1.8,0,0,0,0,0,0,0,0,0,0,0,0,0,0,0,0,0,0,0,0,0,0,0,0,0,0,0,0,0,0,0,0,0,0,0,0,0,0,0,0,0,0,0,0,0,0,0,0,0,0,0,0,0,0,0,NA,NA,NA,NA,NA,NA,NA,NA,NA,NA,NA,NA,NA,NA,NA,NA,NA,NA,NA,NA,NA,NA,NA,NA,NA,NA,NA,NA,NA,NA,NA,NA,12.7,0,12.7,10.9,0,"2024a","2FGVHN",19.1100909090909
13,"Denmark",10,0,1966-11-22,196611,13620,"Conservative People’s Party","KF",60,"NA",107,999,1983,NA,NA,18.684,0,NA,34,175,1,10,"NA",28,53.6,0,0,0,0,0,0,0,0,0,0,7.1,0,0,0,0,0,0,0,0,28.6,0,0,0,0,0,0,3.6,0,0,0,0,0,0,0,0,0,0,0,0,0,0,0,0,0,0,0,0,0,0,0,0,0,0,7.1,0,0,0,0,0,0,0,0,0,0,0,0,0,0,0,0,0,0,0,0,0,0,0,0,0,0,0,0,0,0,0,0,0,0,0,0,0,0,0,0,0,0,0,0,0,0,0,0,0,0,0,0,0,0,0,0,NA,NA,NA,NA,NA,NA,NA,NA,NA,NA,NA,NA,NA,NA,NA,NA,NA,NA,NA,NA,NA,NA,NA,NA,NA,NA,NA,NA,NA,NA,NA,NA,35.7,0,28.6,0,0,"2024a","WVIU89",13.2677272727273
13,"Denmark",10,0,1968-01-23,196801,13320,"Social Democratic Party","SD",30,"NA",107,999,1983,NA,NA,34.149,0,NA,62,175,1,10,"NA",61,59,3.3,1.6,0,1.6,0,4.9,3.3,1.6,0,0,1.6,1.6,0,0,0,0,0,0,0,0,0,1.6,0,0,0,1.6,3.3,0,1.6,0,0,0,0,0,0,0,0,1.6,3.3,0,1.6,0,0,0,0,0,0,0,0,0,0,0,0,0,0,6.6,0,0,0,0,0,0,0,0,0,0,0,0,0,0,0,0,0,0,0,0,0,0,0,0,0,0,0,0,0,0,0,0,0,0,0,0,0,0,0,0,0,0,0,0,0,0,0,0,0,0,0,0,0,0,NA,NA,NA,NA,NA,NA,NA,NA,NA,NA,NA,NA,NA,NA,NA,NA,NA,NA,NA,NA,NA,NA,NA,NA,NA,NA,NA,NA,NA,NA,NA,NA,-11.5,1.6,0,4.9,6.5,"2024a","S969AQ",32.4330909090909
13,"Denmark",10,0,1968-01-23,196801,13420,"Liberals","V",40,"NA",107,999,1983,NA,NA,18.572,0,NA,34,175,1,10,"NA",128,48.4,0,0,0,0.8,0,1.6,1.6,1.6,0,0,1.6,0,0,0,0,0,3.1,0,0,2.3,5.5,0,0,0,0,0,2.3,0,3.9,0,0,0,6.3,0,0,0,0,4.7,2.3,0,2.3,0,0,0,0.8,0,0,0,0,0,0.8,0.8,3.9,2.3,0,3.1,0,0,0,0,0,0,0,0,0,0,0,0,0,0,0,0,0,0,0,0,0,0,0,0,0,0,0,0,0,0,0,0,0,0,0,0,0,0,0,0,0,0,0,0,0,0,0,0,0,0,0,0,0,0,NA,NA,NA,NA,NA,NA,NA,NA,NA,NA,NA,NA,NA,NA,NA,NA,NA,NA,NA,NA,NA,NA,NA,NA,NA,NA,NA,NA,NA,NA,NA,NA,8.7,0,8.6,7,1.6,"2024a","VJAWXT",19.1100909090909
13,"Denmark",10,0,1968-01-23,196801,13620,"Conservative People’s Party","KF",60,"NA",107,999,1983,NA,NA,20.355,0,NA,37,175,1,10,"NA",94,25.5,1.1,0,0,1.1,0,2.1,2.1,2.1,0,0,0,1.1,0,0,1.1,0,5.3,0,0,7.4,3.2,2.1,0,0,0,0,5.3,0,8.5,2.1,0,0,10.6,0,0,1.1,0,4.3,2.1,0,2.1,0,0,0,1.1,0,2.1,1.1,0,0,0,1.1,1.1,0,0,3.2,0,0,0,0,0,0,0,0,0,0,0,0,0,0,0,0,0,0,0,0,0,0,0,0,0,0,0,0,0,0,0,0,0,0,0,0,0,0,0,0,0,0,0,0,0,0,0,0,0,0,0,0,0,0,NA,NA,NA,NA,NA,NA,NA,NA,NA,NA,NA,NA,NA,NA,NA,NA,NA,NA,NA,NA,NA,NA,NA,NA,NA,NA,NA,NA,NA,NA,NA,NA,15,2.1,18,6.4,2.1,"2024a","YMC9J1",13.2677272727273
13,"Denmark",10,0,1971-09-21,197109,13320,"Social Democratic Party","SD",30,"NA",107,999,1983,NA,NA,37.268,0,NA,70,175,1,10,"NA",42,26.2,0,0,0,0,0,0,0,0,0,0,2.4,11.9,0,0,0,0,0,0,0,0,0,4.8,0,0,0,0,2.4,0,4.8,0,0,0,0,0,0,0,0,19,7.1,0,14.3,0,0,0,0,0,0,0,0,0,0,0,0,0,2.4,4.8,0,0,0,0,0,0,0,0,0,0,0,0,0,0,0,0,0,0,0,0,0,0,0,0,0,0,0,0,0,0,0,0,0,0,0,0,0,0,0,0,0,0,0,0,0,0,0,0,0,0,0,0,0,0,NA,NA,NA,NA,NA,NA,NA,NA,NA,NA,NA,NA,NA,NA,NA,NA,NA,NA,NA,NA,NA,NA,NA,NA,NA,NA,NA,NA,NA,NA,NA,NA,-35.7,4.8,0,26.1,0,"2024a","BBFFF2",32.4330909090909
13,"Denmark",10,0,1971-09-21,197109,13420,"Liberals","V",40,"NA",107,999,1983,NA,NA,15.635,0,NA,30,175,1,10,"NA",71,32.4,1.4,0,0,0,0,0,0,7,0,1.4,1.4,2.8,0,0,4.2,0,1.4,0,0,2.8,2.8,0,0,1.4,0,1.4,0,0,1.4,0,1.4,0,11.3,0,0,5.6,0,1.4,1.4,0,9.9,0,0,0,2.8,0,0,0,0,0,0,0,0,2.8,0,1.4,0,0,0,0,0,0,0,0,0,0,0,0,0,0,0,0,0,0,0,0,0,0,0,0,0,0,0,0,0,0,0,0,0,0,0,0,0,0,0,0,0,0,0,0,0,0,0,0,0,0,0,0,0,0,NA,NA,NA,NA,NA,NA,NA,NA,NA,NA,NA,NA,NA,NA,NA,NA,NA,NA,NA,NA,NA,NA,NA,NA,NA,NA,NA,NA,NA,NA,NA,NA,7,1.4,14.1,2.8,0,"2024a","I15TJB",19.1100909090909
13,"Denmark",10,0,1971-09-21,197109,13620,"Conservative People’s Party","KF",60,"NA",107,999,1983,NA,NA,16.69,0,NA,31,175,1,10,"NA",105,12.3,0,0,0,2.9,0,0,0,1.9,0,0,0,0,0,0,1.9,0,8.6,1,0,6.7,11.4,0,0,1.9,0,0,1,0,10.5,1,0,0,10.5,0,0,4.8,2.9,0,1,0,1.9,1.9,0,0,2.9,0,7.6,0,0,0,0,0,0,0,1.9,3.8,0,0,0,0,0,0,0,0,0,0,0,0,0,0,0,0,0,0,0,0,0,0,0,0,0,0,0,0,0,0,0,0,0,0,0,0,0,0,0,0,0,0,0,0,0,0,0,0,0,0,0,0,0,0,NA,NA,NA,NA,NA,NA,NA,NA,NA,NA,NA,NA,NA,NA,NA,NA,NA,NA,NA,NA,NA,NA,NA,NA,NA,NA,NA,NA,NA,NA,NA,NA,39.1,0,17.2,1,0,"2024a","RGAPIZ",13.2677272727273
13,"Denmark",10,10,1973-12-04,197312,13320,"Social Democratic Party","SD",30,"NA",107,999,1983,NA,NA,25.65,0,NA,46,175,1,10,"NA",66,65.2,0,0,0,0,0,0,0,1.5,0,0,0,0,0,0,1.5,0,0,0,0,0,0,1.5,0,0,0,0,3,0,1.5,0,0,0,3,0,0,1.5,0,19.7,0,0,0,0,0,0,0,0,0,0,0,0,0,0,0,0,0,1.5,0,0,0,0,0,0,0,0,0,0,0,0,0,0,0,0,0,0,0,0,0,0,0,0,0,0,0,0,0,0,0,0,0,0,0,0,0,0,0,0,0,0,0,0,0,0,0,0,0,0,0,0,0,0,NA,NA,NA,NA,NA,NA,NA,NA,NA,NA,NA,NA,NA,NA,NA,NA,NA,NA,NA,NA,NA,NA,NA,NA,NA,NA,NA,NA,NA,NA,NA,NA,1.5,1.5,3,19.7,0,"2024a","7QEQWD",32.4330909090909
13,"Denmark",10,10,1973-12-04,197312,13420,"Liberals","V",40,"NA",107,999,1983,NA,NA,12.259,0,NA,22,175,1,10,"NA",66,25.8,0,0,0,0,0,0,0,0,0,0,6.1,7.6,0,0,7.6,0,1.5,0,0,4.6,9.1,1.5,0,0,0,0,1.5,0,0,1.5,0,0,21.2,0,0,0,1.5,1.5,0,1.5,0,3,1.5,0,3,0,0,0,0,0,0,0,0,0,0,0,0,0,0,0,0,0,0,0,0,0,0,0,0,0,0,0,0,0,0,0,0,0,0,0,0,0,0,0,0,0,0,0,0,0,0,0,0,0,0,0,0,0,0,0,0,0,0,0,0,0,0,0,0,0,NA,NA,NA,NA,NA,NA,NA,NA,NA,NA,NA,NA,NA,NA,NA,NA,NA,NA,NA,NA,NA,NA,NA,NA,NA,NA,NA,NA,NA,NA,NA,NA,37.9,1.5,25.8,1.5,0,"2024a","G8CGI7",19.1100909090909
13,"Denmark",10,10,1973-12-04,197312,13620,"Conservative People’s Party","KF",60,"NA",107,999,1983,NA,NA,9.151,0,NA,16,175,1,10,"NA",31,35.5,0,0,0,3.2,0,0,3.2,3.2,0,0,0,0,0,0,0,0,0,0,0,0,22.6,0,0,6.4,0,0,0,0,0,0,0,0,16.1,0,0,0,0,9.7,0,0,0,0,0,0,0,0,0,0,0,0,0,0,0,0,0,0,0,0,0,0,0,0,0,0,0,0,0,0,0,0,0,0,0,0,0,0,0,0,0,0,0,0,0,0,0,0,0,0,0,0,0,0,0,0,0,0,0,0,0,0,0,0,0,0,0,0,0,0,0,0,NA,NA,NA,NA,NA,NA,NA,NA,NA,NA,NA,NA,NA,NA,NA,NA,NA,NA,NA,NA,NA,NA,NA,NA,NA,NA,NA,NA,NA,NA,NA,NA,38.7,0,16.1,9.7,0,"2024a","FYNVDX",13.2677272727273
13,"Denmark",10,10,1975-01-09,197501,13320,"Social Democratic Party","SD",30,"NA",107,999,1983,NA,NA,29.945,0,NA,53,175,1,10,"NA",115,39.1,0,0,0,0,0,0,0,0,0,0,0.9,0.9,0,0,0,0,0.9,0,1.7,0,0,0,0,1.7,0,0,0,2.6,12.9,0,5.2,1.7,4.3,0,0,1.7,0,14.7,8.6,0,0.9,0,0.9,0,0,0,0,0,0,0,0,0,0,0,0,1.7,0,0,0,0,0,0,0,0,0,0,0,0,0,0,0,0,0,0,0,0,0,0,0,0,0,0,0,0,0,0,0,0,0,0,0,0,0,0,0,0,0,0,0,0,0,0,0,0,0,0,0,0,0,0,NA,NA,NA,NA,NA,NA,NA,NA,NA,NA,NA,NA,NA,NA,NA,NA,NA,NA,NA,NA,NA,NA,NA,NA,NA,NA,NA,NA,NA,NA,NA,NA,-9.5,5.2,4.3,23.3,0,"2024a","9K618B",32.4330909090909
13,"Denmark",10,10,1975-01-09,197501,13420,"Liberals","V",40,"NA",107,999,1983,NA,NA,23.325,0,NA,42,175,1,10,"NA",67,25.4,0,0,0,0,0,0,0,0,0,0,0,3,0,0,4.5,0,1.5,0,0,0,13.4,1.5,0,1.5,0,0,1.5,0,4.5,3,9,0,7.5,0,0,4.5,0,1.5,1.5,1.5,4.5,1.5,3,0,3,0,1.5,1.5,0,0,0,0,0,0,0,0,0,0,0,0,0,0,0,0,0,0,0,0,0,0,0,0,0,0,0,0,0,0,0,0,0,0,0,0,0,0,0,0,0,0,0,0,0,0,0,0,0,0,0,0,0,0,0,0,0,0,0,0,0,0,NA,NA,NA,NA,NA,NA,NA,NA,NA,NA,NA,NA,NA,NA,NA,NA,NA,NA,NA,NA,NA,NA,NA,NA,NA,NA,NA,NA,NA,NA,NA,NA,11.9,10.5,7.5,3,0,"2024a","TUYJ1O",19.1100909090909
13,"Denmark",10,10,1975-01-09,197501,13620,"Conservative People’s Party","KF",60,"NA",107,999,1983,NA,NA,5.515,0,NA,10,175,1,10,"NA",72,31.9,1.4,0,0,2.8,0,0,2.8,1.4,0,0,1.4,1.4,0,0,0,0,1.4,0,0,4.2,0,12.5,0,1.4,0,0,1.4,0,4.2,0,4.2,0,12.5,0,0,0,1.4,0,0,2.8,1.4,2.8,0,0,5.6,0,1.4,0,0,0,0,0,0,0,0,0,0,0,0,0,0,0,0,0,0,0,0,0,0,0,0,0,0,0,0,0,0,0,0,0,0,0,0,0,0,0,0,0,0,0,0,0,0,0,0,0,0,0,0,0,0,0,0,0,0,0,0,0,0,0,NA,NA,NA,NA,NA,NA,NA,NA,NA,NA,NA,NA,NA,NA,NA,NA,NA,NA,NA,NA,NA,NA,NA,NA,NA,NA,NA,NA,NA,NA,NA,NA,8.4,16.7,16.7,0,0,"2024a","HHGCG8",13.2677272727273
13,"Denmark",10,10,1977-02-15,197702,13320,"Social Democratic Party","SD",30,"NA",107,999,1983,NA,NA,37.033,0,NA,65,175,1,10,"NA",47,44.7,0,0,0,2.1,0,0,0,0,0,0,0,0,0,0,0,0,2.1,0,0,0,0,0,2.1,2.1,0,0,4.3,2.1,8.5,2.1,0,0,0,0,0,0,0,10.6,8.5,0,4.3,0,0,0,0,0,0,0,0,0,0,0,0,0,0,6.4,0,0,0,0,0,0,0,0,0,0,0,0,0,0,0,0,0,0,0,0,0,0,0,0,0,0,0,0,0,0,0,0,0,0,0,0,0,0,0,0,0,0,0,0,0,0,0,0,0,0,0,0,0,0,NA,NA,NA,NA,NA,NA,NA,NA,NA,NA,NA,NA,NA,NA,NA,NA,NA,NA,NA,NA,NA,NA,NA,NA,NA,NA,NA,NA,NA,NA,NA,NA,-12.8,2.1,0,19.1,0,"2024a","HIFCQE",32.4330909090909
13,"Denmark",10,10,1977-02-15,197702,13420,"Liberals","V",40,"NA",107,999,1983,NA,NA,11.967,0,NA,21,175,1,10,"NA",98,29.6,0,0,0,7.1,0,0,0,0,0,0,6.1,2,0,0,6.1,0,0,0,0,1,3.1,0,0,1,0,0,1,0,6.1,0,4.1,0,8.2,0,0,1,1,6.1,2,0,1,0,0,0,4.1,0,0,0,0,0,0,4.1,0,1,0,4.1,0,0,0,0,0,0,0,0,0,0,0,0,0,0,0,0,0,0,0,0,0,0,0,0,0,0,0,0,0,0,0,0,0,0,0,0,0,0,0,0,0,0,0,0,0,0,0,0,0,0,0,0,0,0,NA,NA,NA,NA,NA,NA,NA,NA,NA,NA,NA,NA,NA,NA,NA,NA,NA,NA,NA,NA,NA,NA,NA,NA,NA,NA,NA,NA,NA,NA,NA,NA,20.5,4.1,9.2,8.1,0,"2024a","PBADTA",19.1100909090909
13,"Denmark",10,10,1977-02-15,197702,13620,"Conservative People’s Party","KF",60,"NA",107,999,1983,NA,NA,8.475,0,NA,15,175,1,10,"NA",59,42.4,0,0,0,3.4,0,0,0,0,0,0,3.4,0,0,0,0,0,1.7,0,0,5.1,1.7,0,0,1.7,0,0,0,0,5.1,1.7,8.5,0,8.5,0,0,0,0,1.7,1.7,1.7,0,0,0,0,6.8,0,1.7,0,0,0,0,0,0,0,0,3.4,0,0,0,0,0,0,0,0,0,0,0,0,0,0,0,0,0,0,0,0,0,0,0,0,0,0,0,0,0,0,0,0,0,0,0,0,0,0,0,0,0,0,0,0,0,0,0,0,0,0,0,0,0,0,NA,NA,NA,NA,NA,NA,NA,NA,NA,NA,NA,NA,NA,NA,NA,NA,NA,NA,NA,NA,NA,NA,NA,NA,NA,NA,NA,NA,NA,NA,NA,NA,22.1,8.5,13.6,3.4,0,"2024a","MDE7UQ",13.2677272727273
13,"Denmark",10,10,1979-10-23,197910,13320,"Social Democratic Party","SD",30,"NA",107,999,1983,NA,NA,38.267,0,NA,68,175,1,10,"NA",132,6.8,0,0,0,0,0,0,0,0,0,0,0,2.3,0,0,0,0,0.8,0,0,0,0,0.8,1.5,0,0,0,58.3,0,1.5,2.3,3.8,0,0,0,0,0.8,0,9.1,3,0,0.8,0,0,0,0,0,0,4.6,0,0,3.8,0,0,0,0,0,0,0,0,0,0,0,0,0,0,0,0,0,0,0,0,0,0,0,0,0,0,0,0,0,0,0,0,0,0,0,0,0,0,0,0,0,0,0,0,0,0,0,0,0,0,0,0,0,0,0,0,0,0,0,NA,NA,NA,NA,NA,NA,NA,NA,NA,NA,NA,NA,NA,NA,NA,NA,NA,NA,NA,NA,NA,NA,NA,NA,NA,NA,NA,NA,NA,NA,NA,NA,-11.4,6.1,0,12.1,0,"2024a","592KMQ",32.4330909090909
13,"Denmark",10,10,1979-10-23,197910,13420,"Liberals","V",40,"NA",107,999,1983,NA,NA,12.503,0,NA,22,175,1,10,"NA",44,11.4,0,0,0,0,0,0,0,0,0,0,4.3,0,0,0,0,0,0,0,10.6,4.3,2.1,0,0,4.3,0,0,8.5,0,0,0,6.4,0,6.4,0,0,0,0,8.5,0,6.4,0,0,14.9,0,0,0,2.1,8.5,0,0,2.1,0,0,0,0,0,0,0,0,0,0,0,0,0,0,0,0,0,0,0,0,0,0,0,0,0,0,0,0,0,0,0,0,0,0,0,0,0,0,0,0,0,0,0,0,0,0,0,0,0,0,0,0,0,0,0,0,0,0,0,NA,NA,NA,NA,NA,NA,NA,NA,NA,NA,NA,NA,NA,NA,NA,NA,NA,NA,NA,NA,NA,NA,NA,NA,NA,NA,NA,NA,NA,NA,NA,NA,51.1,6.4,10.7,8.5,0,"2024a","SLIRHI",19.1100909090909
13,"Denmark",10,10,1979-10-23,197910,13620,"Conservative People’s Party","KF",60,"NA",107,999,1983,NA,NA,12.477,0,NA,22,175,1,10,"NA",75,22.7,0,0,0,4,0,0,2.7,0,0,0,2.7,0,0,0,0,0,0,0,4,8,1.3,0,0,5.3,0,0,6.7,1.3,2.7,2.7,6.7,0,13.3,0,0,0,0,0,0,4,0,0,4,0,0,0,4,0,0,0,0,0,0,1.3,1.3,1.3,0,0,0,0,0,0,0,0,0,0,0,0,0,0,0,0,0,0,0,0,0,0,0,0,0,0,0,0,0,0,0,0,0,0,0,0,0,0,0,0,0,0,0,0,0,0,0,0,0,0,0,0,0,0,NA,NA,NA,NA,NA,NA,NA,NA,NA,NA,NA,NA,NA,NA,NA,NA,NA,NA,NA,NA,NA,NA,NA,NA,NA,NA,NA,NA,NA,NA,NA,NA,35.9,6.7,21.3,0,0,"2024a","F46OIC",13.2677272727273
13,"Denmark",10,10,1981-12-08,198112,13320,"Social Democratic Party","SD",30,"NA",107,999,1983,NA,NA,32.87,0,NA,59,175,1,10,"NA",106,41.5,0,0,0,0,0.9,1.9,0.9,0.9,0,0,0,0,0,0,0,0,0,0,0,0,0.9,1.9,0,0,0,0,3.8,0,11.3,1.9,0,0,3.8,0,0,1.9,0.9,6.6,3.8,0,1.9,0,0,0,0,0.9,0.9,0,0,0,0,0,1.9,0,0,11.3,0,0,0,0,0,0,0,0,0,0,0,0,0,0,0,0,0,0,0,0,0,0,0,0,0,0,0,0,0,0,0,0,0,0,0,0,0,0,0,0,0,0,0,0,0,0,0,0,0,0,0,0,0,0,NA,NA,NA,NA,NA,NA,NA,NA,NA,NA,NA,NA,NA,NA,NA,NA,NA,NA,NA,NA,NA,NA,NA,NA,NA,NA,NA,NA,NA,NA,NA,NA,-5.7,1.9,3.8,10.4,2.8,"2024a","5WPR3G",32.4330909090909
13,"Denmark",10,10,1981-12-08,198112,13420,"Liberals","V",40,"NA",107,999,1983,NA,NA,11.31,0,NA,21,175,1,10,"NA",78,20.5,0,0,0,0,0,0,0,0,0,0,2.5,2.5,0,0,3.7,0,2.5,0,0,6.2,3.7,0,2.5,1.2,0,0,1.2,0,7.4,0,2.5,0,17.3,0,0,0,1.2,3.7,3.7,2.5,1.2,0,2.5,0,0,0,1.2,0,0,0,0,2.5,3.7,0,1.2,3.7,0,0,0,0,0,0,0,0,0,0,0,0,0,0,0,0,0,0,0,0,0,0,0,0,0,0,0,0,0,0,0,0,0,0,0,0,0,0,0,0,0,0,0,0,0,0,0,0,0,0,0,0,0,0,NA,NA,NA,NA,NA,NA,NA,NA,NA,NA,NA,NA,NA,NA,NA,NA,NA,NA,NA,NA,NA,NA,NA,NA,NA,NA,NA,NA,NA,NA,NA,NA,23.5,5,23.5,7.4,0,"2024a","JPCMOJ",19.1100909090909
13,"Denmark",10,10,1981-12-08,198112,13620,"Conservative People’s Party","KF",60,"NA",107,999,1983,NA,NA,14.454,0,NA,26,175,1,10,"NA",91,13.2,0,0,0,1.1,0,0,0,1.1,0,0,1.1,0,0,0,4.4,0,5.5,0,0,9.9,9.9,0,0,1.1,0,0,1.1,0,4.4,1.1,0,0,20.9,0,0,0,0,0,1.1,7.7,0,0,0,0,1.1,0,1.1,0,0,0,0,4.4,1.1,0,2.2,6.6,0,0,0,0,0,0,0,0,0,0,0,0,0,0,0,0,0,0,0,0,0,0,0,0,0,0,0,0,0,0,0,0,0,0,0,0,0,0,0,0,0,0,0,0,0,0,0,0,0,0,0,0,0,0,NA,NA,NA,NA,NA,NA,NA,NA,NA,NA,NA,NA,NA,NA,NA,NA,NA,NA,NA,NA,NA,NA,NA,NA,NA,NA,NA,NA,NA,NA,NA,NA,51.7,0,30.8,1.1,0,"2024a","5LQRD1",13.2677272727273
13,"Denmark",10,10,1984-01-10,198401,13320,"Social Democratic Party","SD",30,"NA",107,999,1993,NA,NA,31.605,0,NA,56,175,1,10,"NA",169,20.71,0,0.592,0,0.592,3.55,2.367,0,0,0,0,0,0,0,0,0,0,0.592,0,0,0,0,0,0,0,0,0,11.834,0,4.142,0.592,3.55,0.592,1.183,0,0,4.142,2.367,15.976,7.692,0,5.917,0,0,0,0,0,1.775,0,0,0,3.55,0,0,2.367,1.183,4.734,0,0,0,0,0,0,0,0,0,0,0,0,0,0,0,0,0,0,0,0,0,0,0,0,0,0,0,0,0,0,0,0,0,0,0,0,0,0,0,0,0,0,0,0,0,0,0,0,0,0,0,0,0,0,NA,NA,NA,NA,NA,NA,NA,NA,NA,NA,NA,NA,NA,NA,NA,NA,NA,NA,NA,NA,NA,NA,NA,NA,NA,NA,NA,NA,NA,NA,NA,NA,-23.669,3.55,1.183,23.669,6.509,"2024a","L8KWQS",32.4330909090909
13,"Denmark",10,10,1984-01-10,198401,13420,"Liberals","V",40,"NA",107,999,1993,NA,NA,12.068,0,NA,22,175,1,10,"NA",659,27.466,0.152,1.669,0,3.338,0,1.517,5.311,0.607,0,0,7.436,3.49,0,0,4.097,0,3.642,0,0,3.49,1.669,0,0,0,0,0,8.042,0,3.338,7.739,0.152,0,4.856,0,0,0,0,1.517,0.152,0,0.303,0.759,0.303,0,2.883,0,0,0.607,0,0,0,0.607,2.883,0,0.759,1.214,0,0,0,0,0,0,0,0,0,0,0,0,0,0,0,0,0,0,0,0,0,0,0,0,0,0,0,0,0,0,0,0,0,0,0,0,0,0,0,0,0,0,0,0,0,0,0,0,0,0,0,0,0,0,NA,NA,NA,NA,NA,NA,NA,NA,NA,NA,NA,NA,NA,NA,NA,NA,NA,NA,NA,NA,NA,NA,NA,NA,NA,NA,NA,NA,NA,NA,NA,NA,13.657,0.152,8.346,1.669,3.187,"2024a","XWYVMF",19.1100909090909
13,"Denmark",10,10,1984-01-10,198401,13620,"Conservative People’s Party","KF",60,"NA",107,999,1993,NA,NA,23.445,0,NA,42,175,1,10,"NA",49,22.449,0,0,0,4.082,0,0,0,2.041,0,0,14.286,2.041,0,0,0,0,2.041,0,0,4.082,6.122,2.041,0,0,0,0,10.204,0,4.082,2.041,0,0,4.082,0,0,2.041,0,4.082,0,0,2.041,0,0,0,2.041,0,6.122,0,0,0,0,0,0,0,0,4.082,0,0,0,0,0,0,0,0,0,0,0,0,0,0,0,0,0,0,0,0,0,0,0,0,0,0,0,0,0,0,0,0,0,0,0,0,0,0,0,0,0,0,0,0,0,0,0,0,0,0,0,0,0,0,NA,NA,NA,NA,NA,NA,NA,NA,NA,NA,NA,NA,NA,NA,NA,NA,NA,NA,NA,NA,NA,NA,NA,NA,NA,NA,NA,NA,NA,NA,NA,NA,34.694,2.041,8.163,4.082,0,"2024a","95IM22",13.2677272727273
13,"Denmark",10,10,1987-09-08,198709,13320,"Social Democratic Party","SD",30,"NA",107,999,1993,NA,NA,29.32,0,NA,54,175,1,10,"NA",124,3.226,0,0,0,0,0,0,0,0,0,0,0,6.452,0.806,0,5.645,0,1.613,0,0.806,0,1.613,8.065,0,4.032,0,0,0,0,1.613,5.645,3.226,0,2.419,0,8.065,0,2.419,5.645,8.065,0.806,8.065,0,0.806,0,0,0,1.613,3.226,0.806,0,7.258,0,0,0,0,8.065,0,0,0,0,0,0,0,0,0,0,0,0,0,0,0,0,0,0,0,0,0,0,0,0,0,0,0,0,0,0,0,0,0,0,0,0,0,0,0,0,0,0,0,0,0,0,0,0,0,0,0,0,0,0,NA,NA,NA,NA,NA,NA,NA,NA,NA,NA,NA,NA,NA,NA,NA,NA,NA,NA,NA,NA,NA,NA,NA,NA,NA,NA,NA,NA,NA,NA,NA,NA,-29.032,11.29,2.419,13.71,0,"2024a","VIMDY8",32.4330909090909
13,"Denmark",10,10,1987-09-08,198709,13420,"Liberals","V",40,"NA",107,999,1993,NA,NA,10.536,0,NA,19,175,1,10,"NA",284,10.211,0,0,0,0.352,0,0,0,0,0,0,5.986,1.761,0,0,1.761,0,2.817,0,1.408,23.239,1.056,0,0,1.056,0,0,0.352,3.521,0,1.408,0,0,3.169,0,0,3.521,2.113,0.352,8.803,1.056,2.817,0.352,0.352,0,1.761,0,2.465,4.93,0,0.352,3.169,2.817,0,0,2.113,4.93,0,0,0,0,0,0,0,0,0,0,0,0,0,0,0,0,0,0,0,0,0,0,0,0,0,0,0,0,0,0,0,0,0,0,0,0,0,0,0,0,0,0,0,0,0,0,0,0,0,0,0,0,0,0,NA,NA,NA,NA,NA,NA,NA,NA,NA,NA,NA,NA,NA,NA,NA,NA,NA,NA,NA,NA,NA,NA,NA,NA,NA,NA,NA,NA,NA,NA,NA,NA,29.225,0,26.408,9.155,0,"2024a","8BYOG8",19.1100909090909
13,"Denmark",10,10,1987-09-08,198709,13620,"Conservative People’s Party","KF",60,"NA",107,999,1993,NA,NA,20.844,0,NA,38,175,1,10,"NA",178,12.36,0,0,0,0,0,0,0,0.562,0,0,2.247,1.685,0,0,3.933,0,9.551,0.562,0,4.494,5.056,0,0.562,0,0,0,1.124,1.124,0,5.618,0.562,0,0.562,0,0,7.303,6.18,0,6.742,0,3.371,0,0.562,0,3.371,0,2.809,1.124,0,0,2.809,0,1.124,0,3.371,11.236,0,0,0,0,0,0,0,0,0,0,0,0,0,0,0,0,0,0,0,0,0,0,0,0,0,0,0,0,0,0,0,0,0,0,0,0,0,0,0,0,0,0,0,0,0,0,0,0,0,0,0,0,0,0,NA,NA,NA,NA,NA,NA,NA,NA,NA,NA,NA,NA,NA,NA,NA,NA,NA,NA,NA,NA,NA,NA,NA,NA,NA,NA,NA,NA,NA,NA,NA,NA,4.494,1.124,5.056,6.742,0,"2024a","59KNJO",13.2677272727273
13,"Denmark",10,10,1988-05-10,198805,13320,"Social Democratic Party","SD",30,"NA",107,999,1993,NA,NA,29.818,0,NA,55,175,1,10,"NA",153,17.647,0,0,0,0,0,0,1.961,0.654,0.654,1.961,0,4.575,0,0,2.614,0.654,3.268,0,0.654,0,3.268,2.614,0.654,4.575,0,0,1.961,0,0,1.307,0.654,0,2.614,0,0.654,3.922,0,5.882,1.307,0,5.229,0,0,0,1.961,0,0.654,5.229,0,0,17.647,0,0,0,0,5.229,0,0,0,0,0,0,0,0,0,0,0,0,0,0,0,0,0,0,0,0,0,0,0,0,0,0,0,0,0,0,0,0,0,0,0,0,0,0,0,0,0,0,0,0,0,0,0,0,0,0,0,0,0,0,NA,NA,NA,NA,NA,NA,NA,NA,NA,NA,NA,NA,NA,NA,NA,NA,NA,NA,NA,NA,NA,NA,NA,NA,NA,NA,NA,NA,NA,NA,NA,NA,-20.261,3.922,2.614,7.19,0,"2024a","HE2MSD",32.4330909090909
13,"Denmark",10,10,1988-05-10,198805,13420,"Liberals","V",40,"NA",107,999,1993,NA,NA,11.841,0,NA,22,175,1,10,"NA",40,17.5,0,0,0,15,2.5,0,0,0,2.5,0,2.5,2.5,0,0,5,0,2.5,0,2.5,5,12.5,0,0,0,0,0,2.5,0,2.5,0,0,0,0,0,0,5,0,2.5,0,0,0,0,0,0,5,0,2.5,0,0,0,2.5,0,7.5,0,0,0,0,0,0,0,0,0,0,0,0,0,0,0,0,0,0,0,0,0,0,0,0,0,0,0,0,0,0,0,0,0,0,0,0,0,0,0,0,0,0,0,0,0,0,0,0,0,0,0,0,0,0,0,0,0,NA,NA,NA,NA,NA,NA,NA,NA,NA,NA,NA,NA,NA,NA,NA,NA,NA,NA,NA,NA,NA,NA,NA,NA,NA,NA,NA,NA,NA,NA,NA,NA,37.5,0,5,2.5,2.5,"2024a","LV8VSQ",19.1100909090909
13,"Denmark",10,10,1988-05-10,198805,13620,"Conservative People’s Party","KF",60,"NA",107,999,1993,NA,NA,19.286,0,NA,35,175,1,10,"NA",25,20,0,0,0,36,4,0,0,8,0,0,0,0,0,0,0,0,0,0,0,0,12,0,0,0,0,0,4,0,4,4,0,0,0,0,0,0,0,0,0,0,0,0,0,0,0,0,0,0,0,0,8,0,0,0,0,0,0,0,0,0,0,0,0,0,0,0,0,0,0,0,0,0,0,0,0,0,0,0,0,0,0,0,0,0,0,0,0,0,0,0,0,0,0,0,0,0,0,0,0,0,0,0,0,0,0,0,0,0,0,0,NA,NA,NA,NA,NA,NA,NA,NA,NA,NA,NA,NA,NA,NA,NA,NA,NA,NA,NA,NA,NA,NA,NA,NA,NA,NA,NA,NA,NA,NA,NA,NA,36,0,0,0,4,"2024a","DRM1CG",13.2677272727273
13,"Denmark",10,10,1990-12-12,199012,13320,"Social Democratic Party","SD",30,"NA",107,999,1993,NA,NA,37.384,0,NA,69,175,1,10,"NA",62,22.581,0,0,0,0,0,0,0,0,0,0,0,0,0,0,0,0,0,0,0,0,1.613,0,0,0,0,0,4.839,0,1.613,4.839,3.226,0,0,0,0,6.452,0,3.226,19.355,0,8.065,0,0,0,0,0,1.613,3.226,0,0,11.29,0,0,0,0,8.065,0,0,0,0,0,0,0,0,0,0,0,0,0,0,0,0,0,0,0,0,0,0,0,0,0,0,0,0,0,0,0,0,0,0,0,0,0,0,0,0,0,0,0,0,0,0,0,0,0,0,0,0,0,0,NA,NA,NA,NA,NA,NA,NA,NA,NA,NA,NA,NA,NA,NA,NA,NA,NA,NA,NA,NA,NA,NA,NA,NA,NA,NA,NA,NA,NA,NA,NA,NA,-35.484,3.226,0,22.581,0,"2024a","6EUDUK",32.4330909090909
13,"Denmark",10,10,1990-12-12,199012,13420,"Liberals","V",40,"NA",107,999,1993,NA,NA,15.793,0,NA,29,175,1,10,"NA",179,18.436,10.615,1.676,0,14.525,0,1.676,2.793,25.698,0,0,2.793,3.911,0,0,2.235,0,1.117,0,0,0.559,0,0,0,0,0,0,2.235,0,0,1.117,0,0,0,0,0,3.911,1.676,0,0,0,0.559,0,1.117,0,0,0,1.676,0,0,0,1.676,0,0,0,0,0,0,0,0,0,0,0,0,0,0,0,0,0,0,0,0,0,0,0,0,0,0,0,0,0,0,0,0,0,0,0,0,0,0,0,0,0,0,0,0,0,0,0,0,0,0,0,0,0,0,0,0,0,0,0,NA,NA,NA,NA,NA,NA,NA,NA,NA,NA,NA,NA,NA,NA,NA,NA,NA,NA,NA,NA,NA,NA,NA,NA,NA,NA,NA,NA,NA,NA,NA,NA,10.056,0,0.559,0,3.352,"2024a","7FIZ43",19.1100909090909
13,"Denmark",10,10,1990-12-12,199012,13620,"Conservative People’s Party","KF",60,"NA",107,999,1993,NA,NA,15.967,0,NA,30,175,1,10,"NA",109,16.514,2.752,0,0,2.752,0,0.917,8.257,6.422,0,0,0.917,3.67,0,0,0.917,0,5.505,0,0,11.927,0.917,0,0,0,0,0,1.835,0,0,1.835,0,0,0.917,0,0,8.257,0,1.835,4.587,0,0,0,0,0,0.917,0,11.009,0.917,0.917,0,2.752,0,0,0,0,2.752,0,0,0,0,0,0,0,0,0,0,0,0,0,0,0,0,0,0,0,0,0,0,0,0,0,0,0,0,0,0,0,0,0,0,0,0,0,0,0,0,0,0,0,0,0,0,0,0,0,0,0,0,0,0,NA,NA,NA,NA,NA,NA,NA,NA,NA,NA,NA,NA,NA,NA,NA,NA,NA,NA,NA,NA,NA,NA,NA,NA,NA,NA,NA,NA,NA,NA,NA,NA,10.092,0,12.844,6.422,0.917,"2024a","45S6GR",13.2677272727273
13,"Denmark",10,10,1994-09-21,199409,13320,"Social Democratic Party","SD",30,"NA",107,999,1994,NA,NA,34.561,0,NA,62,175,1,10,"NA",217,17.972,0.461,0,0,0,0,0,1.843,0.922,0,0.922,0,0.461,0,0,0.461,0,3.687,0,10.599,0,0,0.922,0.922,0.922,0,0,2.765,0,0,0.922,0.461,0,0.461,0,0,4.608,0,2.304,6.912,0,8.756,0,0,0,4.608,0,0,4.608,0.922,0,7.373,0,0,0,2.765,12.442,0,0,0,0,0,0,0,0,0,0,0,0,0,0,0,0,0,0,0,0,0,0,0,0,0,0,0,0,0,0,0,0,0,0,0,0,0,0,0,0,0,0,0,0,0,0,0,0,0,0,0,0,0,0,NA,NA,NA,NA,NA,NA,NA,NA,NA,NA,NA,NA,NA,NA,NA,NA,NA,NA,NA,NA,NA,NA,NA,NA,NA,NA,NA,NA,NA,NA,NA,NA,-7.373,2.304,0.461,9.217,0,"2024a","6MECRC",32.4330909090909
13,"Denmark",10,10,1994-09-21,199409,13420,"Liberals","V",40,"NA",107,999,1994,NA,NA,23.295,0,NA,42,175,1,10,"NA",209,3.349,0,0,0,0,0,0,1.435,0.478,1.914,0.478,0.478,0,0,0,0.478,0.957,3.349,0,10.526,11.962,18.66,4.785,0.478,0,0.478,0,2.871,0,0,1.914,0.957,0,5.263,0,0,0,0,0.478,0,3.828,0.478,0,0,0,0.957,0,11.005,0,0,0,0,3.349,0.957,2.871,0,5.263,0,0,0,0,0,0,0,0,0,0,0,0,0,0,0,0,0,0,0,0,0,0,0,0,0,0,0,0,0,0,0,0,0,0,0,0,0,0,0,0,0,0,0,0,0,0,0,0,0,0,0,0,0,0,NA,NA,NA,NA,NA,NA,NA,NA,NA,NA,NA,NA,NA,NA,NA,NA,NA,NA,NA,NA,NA,NA,NA,NA,NA,NA,NA,NA,NA,NA,NA,NA,54.067,6.22,17.225,0.478,0,"2024a","N81MGF",19.1100909090909
13,"Denmark",10,10,1994-09-21,199409,13620,"Conservative People’s Party","KF",60,"NA",107,999,1994,NA,NA,15.021,0,NA,27,175,1,10,"NA",113,9.735,0,0,0,0,0,0,0,0.885,1.77,0,0,0,0,0,0.885,0,6.195,0,10.619,5.31,1.77,2.655,0.885,0.885,0,0,6.195,0,0,3.54,0,0,0.885,0,0,1.77,0,0,4.425,0.885,9.735,0,0,0,0,0,17.699,0,0,0.885,3.54,0,0,5.31,0.885,2.655,0,0,0,0,0,0,0,0,0,0,0,0,0,0,0,0,0,0,0,0,0,0,0,0,0,0,0,0,0,0,0,0,0,0,0,0,0,0,0,0,0,0,0,0,0,0,0,0,0,0,0,0,0,0,NA,NA,NA,NA,NA,NA,NA,NA,NA,NA,NA,NA,NA,NA,NA,NA,NA,NA,NA,NA,NA,NA,NA,NA,NA,NA,NA,NA,NA,NA,NA,NA,15.929,3.54,6.195,4.425,0,"2024a","RT2ZV9",13.2677272727273
13,"Denmark",10,10,1998-03-11,199803,13320,"Social Democratic Party","SD",30,"NA",207,1,2001,0.842,NA,35.93,0,NA,63,175,1,10,"2024-1",384,15.625,0,0,0,0,0,0,1.302,0,0,0.26,0.26,0,0,0,0,0,2.865,0,10.417,0.26,0,0,0,0,0,0,2.604,0,0,0.521,0,0,6.771,0,0,7.812,0,3.125,14.062,0,7.812,0,2.083,0.26,2.604,0,4.948,1.562,1.823,4.688,6.771,0,0,0,0,1.562,0,0,0,0,0,0,0,0,0,0,0,0,0,0,0,0,0,0,0,0,0,0,0,0,0,0,0,0,0,0,0,0,0,0,0,0,0,0,0,0,0,0,0,0,0,0,0,0,0,0,0,0,0,0,NA,NA,NA,NA,NA,NA,NA,NA,NA,NA,NA,NA,NA,NA,NA,NA,NA,NA,NA,NA,NA,NA,NA,NA,NA,NA,NA,NA,NA,NA,NA,NA,-1.042,0,7.031,17.188,0,"2024a","ELPJ77",32.4330909090909
13,"Denmark",10,10,1998-03-11,199803,13420,"Liberals","V",40,"NA",207,1,2001,0.842,NA,24.01,0,NA,42,175,1,10,"2024-1",70,2.857,0,0,0,0,0,0,2.857,0,0,0,2.857,0,0,0,0,0,4.286,0,11.429,0,0,0,0,0,0,0,2.857,0,0,0,0,0,21.429,0,0,0,0,0,11.429,0,8.571,0,0,0,0,0,15.714,0,2.857,12.857,0,0,0,0,0,0,0,0,0,0,0,0,0,0,0,0,0,0,0,0,0,0,0,0,0,0,0,0,0,0,0,0,0,0,0,0,0,0,0,0,0,0,0,0,0,0,0,0,0,0,0,0,0,0,0,0,0,0,0,0,NA,NA,NA,NA,NA,NA,NA,NA,NA,NA,NA,NA,NA,NA,NA,NA,NA,NA,NA,NA,NA,NA,NA,NA,NA,NA,NA,NA,NA,NA,NA,NA,28.571,0,21.429,11.429,0,"2024a","L2FYTH",19.1100909090909
13,"Denmark",10,10,1998-03-11,199803,13620,"Conservative People’s Party","KF",60,"NA",207,1,2001,0.842,NA,8.92,0,NA,16,175,1,10,"2024-1",241,2.49,0,0,0,4.149,0,0.415,0.83,4.564,0,0.415,1.66,1.245,0,0,0.415,0,5.809,0,4.149,4.564,7.054,0.415,0,0,0,0,0.83,0,3.734,2.905,0,0,5.809,0,0,9.544,0,0,7.469,0,9.129,0,0.83,0,4.149,0,6.224,0.83,0.83,6.224,1.245,0,0,0,0,2.075,0,0,0,0,0,0,0,0,0,0,0,0,0,0,0,0,0,0,0,0,0,0,0,0,0,0,0,0,0,0,0,0,0,0,0,0,0,0,0,0,0,0,0,0,0,0,0,0,0,0,0,0,0,0,NA,NA,NA,NA,NA,NA,NA,NA,NA,NA,NA,NA,NA,NA,NA,NA,NA,NA,NA,NA,NA,NA,NA,NA,NA,NA,NA,NA,NA,NA,NA,NA,18.672,0.415,10.373,7.469,0.415,"2024a","B55U76",13.2677272727273
13,"Denmark",10,10,1998-03-11,199803,13720,"Danish People’s Party","DF",70,"NA",207,1,2001,0.842,NA,7.41,0,NA,13,175,1,20,"2024-1",72,4.167,0,0,0,5.556,1.389,0,0,0,0,13.889,0,4.167,0,0,0,0,11.111,0,0,6.944,0,0,0,0,0,0,4.167,0,0,0,0,0,2.778,0,0,2.778,2.778,1.389,9.722,4.167,1.389,0,1.389,0,0,0,5.556,0,0,15.278,0,0,1.389,0,0,0,0,0,0,0,0,0,0,0,0,0,0,0,0,0,0,0,0,0,0,0,0,0,0,0,0,0,0,0,0,0,0,0,0,0,0,0,0,0,0,0,0,0,0,0,0,0,0,0,0,0,0,0,0,0,NA,NA,NA,NA,NA,NA,NA,NA,NA,NA,NA,NA,NA,NA,NA,NA,NA,NA,NA,NA,NA,NA,NA,NA,NA,NA,NA,NA,NA,NA,NA,NA,9.722,0,9.722,11.111,1.389,"2024a","2C8DD8",12.6627142857143
13,"Denmark",10,10,2001-11-20,200111,13320,"Social Democratic Party","SD",30,"NA",207,1,2002,0.842,NA,29.08,0,NA,52,175,1,20,"2024-1",1125,8.356,0,0,0,0,0.089,0.089,3.467,0.622,0,0.356,1.867,1.867,0,0,0,0.267,1.156,0,0.978,0,0,0.978,0,0,0,0.8,4,0,0.444,7.111,0,0,1.867,0,0,8.889,2.933,7.733,11.467,0,9.244,0,0.622,0.089,2.044,0,5.956,2.844,2.133,3.022,3.2,0,0,0,0,5.511,0,0,0,0,0,0,0,0,0,0,0,0,0,0,0,0,0,0,0,0,0,0,0,0,0,0,0,0,0,0,0,0,0,0,0,0,0,0,0,0,0,0,0,0,0,0,0,0,0,0,0,0,0,0,NA,NA,NA,NA,NA,NA,NA,NA,NA,NA,NA,NA,NA,NA,NA,NA,NA,NA,NA,NA,NA,NA,NA,NA,NA,NA,NA,NA,NA,NA,NA,NA,-13.422,0.978,1.867,19.2,0.178,"2024a","PABRH6",32.4330909090909
13,"Denmark",10,10,2001-11-20,200111,13420,"Liberals","V",40,"NA",207,1,2002,0.842,NA,31.25,0,NA,56,175,1,20,"NA",69,8.696,0,0,0,0,0,0,0,0,0,0,13.043,0,0,0,0,0,1.449,0,4.348,0,0,0,0,0,0,0,0,0,0,0,0,0,11.594,0,0,0,0,0,13.043,0,1.449,0,0,0,0,0,21.739,0,4.348,10.145,0,0,0,0,0,10.145,0,0,0,0,0,0,0,0,0,0,0,0,0,0,0,0,0,0,0,0,0,0,0,0,0,0,0,0,0,0,0,0,0,0,0,0,0,0,0,0,0,0,0,0,0,0,0,0,0,0,0,0,0,0,NA,NA,NA,NA,NA,NA,NA,NA,NA,NA,NA,NA,NA,NA,NA,NA,NA,NA,NA,NA,NA,NA,NA,NA,NA,NA,NA,NA,NA,NA,NA,NA,36.232,0,11.594,13.043,0,"2024a","IL3Y5T",19.1100909090909
13,"Denmark",10,10,2001-11-20,200111,13620,"Conservative People’s Party","KF",60,"NA",207,1,2002,0.842,NA,9.07,0,NA,16,175,1,20,"NA",108,5.556,0,0,0,2.778,0,0,6.481,2.778,0,0,4.63,0,0,0,0,1.852,0.926,0,0.926,7.407,0,0,0,0,0,0,3.704,0,2.778,1.852,0,0,9.259,0,0,0.926,0,0,5.556,0.926,6.481,0,0,0,0.926,0,12.037,0,0.926,13.889,0,0,0,0,2.778,4.63,0,0,0,0,0,0,0,0,0,0,0,0,0,0,0,0,0,0,0,0,0,0,0,0,0,0,0,0,0,0,0,0,0,0,0,0,0,0,0,0,0,0,0,0,0,0,0,0,0,0,0,0,0,0,NA,NA,NA,NA,NA,NA,NA,NA,NA,NA,NA,NA,NA,NA,NA,NA,NA,NA,NA,NA,NA,NA,NA,NA,NA,NA,NA,NA,NA,NA,NA,NA,20.37,0,16.667,5.556,0,"2024a","LSSK3Y",13.2677272727273
13,"Denmark",10,10,2001-11-20,200111,13720,"Danish People’s Party","DF",70,"NA",207,1,2002,0.842,NA,12,0,NA,22,175,1,20,"NA",20,35,0,0,0,0,0,0,0,0,0,10,0,0,0,0,0,0,0,0,0,0,0,0,0,0,0,0,0,0,0,0,0,0,0,0,0,0,0,5,0,0,0,0,25,0,0,0,5,5,0,15,0,0,0,0,0,0,0,0,0,0,0,0,0,0,0,0,0,0,0,0,0,0,0,0,0,0,0,0,0,0,0,0,0,0,0,0,0,0,0,0,0,0,0,0,0,0,0,0,0,0,0,0,0,0,0,0,0,0,0,0,NA,NA,NA,NA,NA,NA,NA,NA,NA,NA,NA,NA,NA,NA,NA,NA,NA,NA,NA,NA,NA,NA,NA,NA,NA,NA,NA,NA,NA,NA,NA,NA,35,0,0,5,0,"2024a","1KOEEX",12.6627142857143
13,"Denmark",10,10,2005-02-08,200502,13320,"Social Democratic Party","SD",30,"NA",263,2,2005,NA,NA,25.835,0,NA,47,175,1,30,"2024-1",289,2.422,0,0,0,0,0,0,0,0,0,0,1.038,0,0,0,0,0,0.692,0,3.114,0,0,0,0,0,0,2.076,7.958,0,1.038,12.111,0,0,2.076,0,0,8.304,0.346,1.038,26.298,0,16.609,0,1.384,0,0,0,0,0,1.038,9.343,3.114,0,0,0,0,0,0,0,0,0,0,0,0,0,0,0,0,0,0,0,0,0,0,0,0,0,0,0,0,0,0,0,0,0,0,0,0,0,0,0,0,0,0,0,0,0,0,0,0,0,0,0,0,0,0,0,0,0,0,0,NA,NA,NA,NA,NA,NA,NA,NA,NA,NA,NA,NA,NA,NA,NA,NA,NA,NA,NA,NA,NA,NA,NA,NA,NA,NA,NA,NA,NA,NA,NA,NA,-36.332,0,2.076,27.336,0,"2024a","WOVS9Q",32.4330909090909
13,"Denmark",10,10,2005-02-08,200502,13420,"Liberals","V",40,"NA",263,2,2005,NA,NA,29.031,0,NA,52,175,1,30,"2024-1",253,0,0,0,0,0,0,0,0,0,0,0,0,0,0,0,0.791,0,0.395,0,2.767,7.51,1.976,0,0,0,0,0,7.51,0,3.162,8.696,0,0,8.3,0,0,12.648,0,0,19.763,0,8.696,0,6.324,0,0.395,0,0.395,0,0,5.534,1.581,0,0,0,0,3.557,0,0,0,0,0,0,0,0,0,0,0,0,0,0,0,0,0,0,0,0,0,0,0,0,0,0,0,0,0,0,0,0,0,0,0,0,0,0,0,0,0,0,0,0,0,0,0,0,0,0,0,0,0,0,NA,NA,NA,NA,NA,NA,NA,NA,NA,NA,NA,NA,NA,NA,NA,NA,NA,NA,NA,NA,NA,NA,NA,NA,NA,NA,NA,NA,NA,NA,NA,NA,-2.372,0,15.81,19.763,0,"2024a","2CC9VM",19.1100909090909
13,"Denmark",10,10,2005-02-08,200502,13620,"Conservative People’s Party","KF",60,"NA",263,2,2005,NA,NA,10.273,0,NA,18,175,1,30,"2024-1",175,0.571,0,0,0,4,1.143,0,1.143,2.286,0,1.143,0,0.571,0,0,1.714,0,1.714,0,12,2.857,0,0,0,0,0,0,4.571,0,2.857,4,0.571,0,10.857,0,0,1.714,0,0.571,19.429,0,4,0,2.857,0,0,0,5.714,1.714,0,0.571,3.429,0,0,6.286,0,1.714,0,0,0,0,0,0,0,0,0,0,0,0,0,0,0,0,0,0,0,0,0,0,0,0,0,0,0,0,0,0,0,0,0,0,0,0,0,0,0,0,0,0,0,0,0,0,0,0,0,0,0,0,0,0,NA,NA,NA,NA,NA,NA,NA,NA,NA,NA,NA,NA,NA,NA,NA,NA,NA,NA,NA,NA,NA,NA,NA,NA,NA,NA,NA,NA,NA,NA,NA,NA,9.714,0.571,13.714,20,1.143,"2024a","LKES5S",13.2677272727273
13,"Denmark",10,10,2005-02-08,200502,13720,"Danish People’s Party","DF",70,"NA",263,2,2005,NA,NA,13.253,0,NA,24,175,1,30,"2024-1",50,2,0,0,0,2,0,0,0,0,0,6,2,2,0,0,0,0,0,0,14,0,4,0,0,0,0,0,0,0,0,0,0,0,2,0,0,10,0,4,10,0,6,0,18,0,2,0,12,0,0,2,0,0,0,0,0,2,0,0,0,0,0,0,0,0,0,0,0,0,0,0,0,0,0,0,0,0,0,0,0,0,0,0,0,0,0,0,0,0,0,0,0,0,0,0,0,0,0,0,0,0,0,0,0,0,0,0,0,0,0,0,NA,NA,NA,NA,NA,NA,NA,NA,NA,NA,NA,NA,NA,NA,NA,NA,NA,NA,NA,NA,NA,NA,NA,NA,NA,NA,NA,NA,NA,NA,NA,NA,38,0,2,14,0,"2024a","MEOIM3",12.6627142857143
13,"Denmark",10,10,2007-11-13,200711,13320,"Social Democratic Party","SD",30,"NA",278,3,2010,0.826,NA,25.47,0,NA,45,175,1,40,"2024-1",117,2.564,0,0,0,0,0.855,0,0.855,0,0,0,0.855,7.692,0,0,0,0,0.855,0,12.821,0,1.709,1.709,3.419,1.709,0,0,4.274,0,1.709,4.274,0.855,0,0,0,11.966,7.692,0,11.111,6.838,0,0.855,0,0,0,0,0,0,0.855,0.855,3.419,1.709,0,0,0,7.692,0.855,0,0,0,0,0,0,0,0,0,0,0,0,0,0,0,0,0,0,0,0,0,0,0,0,0,0,0,0,0,0,0,0,0,0,0,0,0,0,0,0,0,0,0,0,0,0,0,0,0,0,0,0,0,0,NA,NA,NA,NA,NA,NA,NA,NA,NA,NA,NA,NA,NA,NA,NA,NA,NA,NA,NA,NA,NA,NA,NA,NA,NA,NA,NA,NA,NA,NA,NA,NA,-8.547,5.983,0,17.949,0.855,"2024a","GRWH63",32.4330909090909
13,"Denmark",10,10,2007-11-13,200711,13420,"Liberals","V",40,"NA",278,3,2010,0.826,NA,26.26,0,NA,46,175,1,40,"2024-1",129,0,0,0,0,0,0,0,0,0,0,0,2.326,0.775,0,0,2.326,0,8.527,0,1.55,0.775,3.876,1.55,3.876,0,0,0,10.078,0,0,12.403,0,0,4.651,0,0,6.202,0,1.55,5.426,0,0,0,0.775,0,0,0,0,1.55,2.326,10.853,10.853,0,0,0,2.326,5.426,0,0,0,0,0,0,0,0,0,0,0,0,0,0,0,0,0,0,0,0,0,0,0,0,0,0,0,0,0,0,0,0,0,0,0,0,0,0,0,0,0,0,0,0,0,0,0,0,0,0,0,0,0,0,NA,NA,NA,NA,NA,NA,NA,NA,NA,NA,NA,NA,NA,NA,NA,NA,NA,NA,NA,NA,NA,NA,NA,NA,NA,NA,NA,NA,NA,NA,NA,NA,-6.977,5.426,5.426,6.977,0,"2024a","SM9GAS",19.1100909090909
13,"Denmark",10,10,2007-11-13,200711,13620,"Conservative People’s Party","KF",60,"NA",278,3,2010,0.826,NA,10.39,0,NA,18,175,1,40,"2024-1",121,0,0,0,0,0.826,0,0,4.132,3.306,0,0,1.653,1.653,0,0,0,0,4.132,0,5.785,0,4.959,0.826,0.826,0,0,1.653,4.132,0,0.826,7.438,0,0,0,0,0,8.264,0,0,23.967,0,7.438,0,0.826,0,4.132,0,4.959,0.826,0,2.479,4.132,0,0,0,0,0.826,0,0,0,0,0,0,0,0,0,0,0,0,0,0,0,0,0,0,0,0,0,0,0,0,0,0,0,0,0,0,0,0,0,0,0,0,0,0,0,0,0,0,0,0,0,0,0,0,0,0,0,0,0,0,NA,NA,NA,NA,NA,NA,NA,NA,NA,NA,NA,NA,NA,NA,NA,NA,NA,NA,NA,NA,NA,NA,NA,NA,NA,NA,NA,NA,NA,NA,NA,NA,-17.355,1.653,0,23.967,0,"2024a","JHTKMS",13.2677272727273
13,"Denmark",10,10,2007-11-13,200711,13720,"Danish People’s Party","DF",70,"NA",278,3,2010,0.826,NA,13.86,0,NA,25,175,1,40,"2024-1",47,0,0,0,0,0,0,0,2.128,2.128,2.128,10.638,0,0,2.128,0,0,0,0,0,0,0,0,0,0,0,0,0,0,0,0,0,0,0,0,0,0,17.021,0,4.255,8.511,0,0,0,8.511,0,0,0,14.894,0,0,14.894,0,0,0,0,6.383,6.383,0,0,0,0,0,0,0,0,0,0,0,0,0,0,0,0,0,0,0,0,0,0,0,0,0,0,0,0,0,0,0,0,0,0,0,0,0,0,0,0,0,0,0,0,0,0,0,0,0,0,0,0,0,0,NA,NA,NA,NA,NA,NA,NA,NA,NA,NA,NA,NA,NA,NA,NA,NA,NA,NA,NA,NA,NA,NA,NA,NA,NA,NA,NA,NA,NA,NA,NA,NA,14.894,0,0,12.766,0,"2024a","9M3VZ5",12.6627142857143
13,"Denmark",10,10,2011-09-15,201109,13320,"Social Democratic Party","SD",30,"NA",278,4,2012,0.862,0.636,24.857,0,NA,44,175,1,61,"2024-1",169,2.367,0,0,0,0,0,0,0,0,0,0,0,1.775,0,0,0,0,8.284,0,13.018,0.592,1.775,1.183,0,0.592,0,0,7.692,4.734,1.775,3.55,4.734,0,3.55,0,0,7.101,0,2.367,13.609,0,5.325,0,1.183,0,0,0,0,7.101,0,0.592,7.101,0,0,0,0,0,0,0,0,0,0,0,0,0,0,0,0,0,0,0,0,0,0,0,0,0,0,0,0,0,0,0,0,0,0,0,0,0,0,0,0,0,0,0,0,0,0,0,0,0,0,0,0,0,0,0,0,0,0,0,NA,NA,NA,NA,NA,NA,NA,NA,NA,NA,NA,NA,NA,NA,NA,NA,NA,NA,NA,NA,NA,NA,NA,NA,NA,NA,NA,NA,NA,NA,NA,NA,-6.509,5.917,4.142,15.976,0,"2024a","KDPRYX",32.4330909090909
13,"Denmark",10,10,2011-09-15,201109,13420,"Liberals","V",40,"NA",278,4,2012,0.862,0.636,26.739,0,NA,47,175,1,61,"2024-1",226,2.212,0,0,0,0,0,0,0,0,0,0,0,0,0,0,0,1.327,0,0,3.097,6.637,1.77,0,0.442,0,0,0,5.31,5.31,6.637,0.442,0,0,6.637,0,0,0,0,4.425,20.796,2.655,9.735,2.212,0.442,0,0.442,0,0.885,0,1.77,9.735,5.31,0,0,0,0.885,0.885,0,0,0,0,0,0,0,0,0,0,0,0,0,0,0,0,0,0,0,0,0,0,0,0,0,0,0,0,0,0,0,0,0,0,0,0,0,0,0,0,0,0,0,0,0,0,0,0,0,0,0,0,0,0,NA,NA,NA,NA,NA,NA,NA,NA,NA,NA,NA,NA,NA,NA,NA,NA,NA,NA,NA,NA,NA,NA,NA,NA,NA,NA,NA,NA,NA,NA,NA,NA,-13.717,0.442,13.274,25.221,0,"2024a","D8ELGT",19.1100909090909
13,"Denmark",10,10,2011-09-15,201109,13620,"Conservative People’s Party","KF",60,"NA",278,4,2012,0.862,0.636,4.922,0,NA,8,175,1,61,"2024-1",142,4.225,0,0,0,0,0,0.704,0,0,0,0,4.93,0,0,0,0,0,0,0,6.338,10.563,1.408,0,0,0,0,0,6.338,0,0,0,0,0,4.225,0,0,0.704,0,12.676,0,4.93,9.859,0,8.451,0,4.225,0,14.789,2.113,0,0,3.521,0,0,0,0,0,0,0,0,0,0,0,0,0,0,0,0,0,0,0,0,0,0,0,0,0,0,0,0,0,0,0,0,0,0,0,0,0,0,0,0,0,0,0,0,0,0,0,0,0,0,0,0,0,0,0,0,0,0,0,NA,NA,NA,NA,NA,NA,NA,NA,NA,NA,NA,NA,NA,NA,NA,NA,NA,NA,NA,NA,NA,NA,NA,NA,NA,NA,NA,NA,NA,NA,NA,NA,47.887,0,14.789,12.676,0.704,"2024a","EGF8Q7",13.2677272727273
13,"Denmark",10,10,2011-09-15,201109,13720,"Danish People’s Party","DF",70,"NA",278,4,2012,0.862,0.636,12.303,0,NA,22,175,1,61,"2024-1",346,3.757,0,0,0,6.936,0,0,0,0,2.023,6.358,10.405,0.289,0.578,0,0,0,0,0,8.382,0.867,0,0,0,0,0,0,0,0,0,1.156,0,0,0,0,0,2.312,0,3.179,5.78,0,7.803,0,5.491,0,0.289,0,12.428,0,0,16.185,0.578,0,0,0,0,5.202,0,0,0,0,0,0,0,0,0,0,0,0,0,0,0,0,0,0,0,0,0,0,0,0,0,0,0,0,0,0,0,0,0,0,0,0,0,0,0,0,0,0,0,0,0,0,0,0,0,0,0,0,0,0,NA,NA,NA,NA,NA,NA,NA,NA,NA,NA,NA,NA,NA,NA,NA,NA,NA,NA,NA,NA,NA,NA,NA,NA,NA,NA,NA,NA,NA,NA,NA,NA,30.925,0,0.867,8.96,0,"2024a","2HVZFZ",12.6627142857143
13,"Denmark",10,10,2015-06-18,201506,13320,"Social Democratic Party","SD",30,"NA",348,5,2019,0.751,0.652,26.284,0,NA,47,175,1,141,"2024-1",574,0.348,0,0,0,0,0,0,1.045,1.568,0.697,0,0,0,0,0,0.523,0,0,0,12.718,0,1.916,0,2.265,0,0,0.348,0,2.091,2.613,4.181,0,0,3.31,0,0.871,4.878,0,10.279,20.557,0,7.666,0,4.704,0,0,0,7.666,0.174,0,2.962,1.394,0,2.439,0,0,2.787,0,0,0,0,0,0,0,0,0,0,0,0,0,0,0,0,0,0,0,0,0,0,0,0,0,0,0,0,0,0,0,0,0,0,0,0,0,0,0,0,0,0,0,0,0,0,0,0,0,0,0,0,0,0,0,0,0,0,0,0,0,0,12.544,0,0.174,0,0,0,0,0.871,0.523,4.181,0,0,7.666,0,0.174,0,0,0,0,0,2.962,0,2.439,0,-2.091,2.265,3.31,30.836,0,"2024a","A5KO1T",32.4330909090909
13,"Denmark",10,10,2015-06-18,201506,13420,"Liberals","V",40,"NA",348,5,2019,0.751,0.652,19.471,0,NA,34,175,9,141,"2024-1",101,7.921,0,0,0,0,0,0,0,0,0,0.99,0,0,0,0,0,0,0,0,4.95,4.95,1.98,0,0,0,0,0,0,0,12.871,0,0,0,0,0,0,0,0,0.99,19.802,7.921,0,0,4.95,0,0,0,15.842,0,0,13.861,2.97,0,0,0,0,0,0,0,0,0,0,0,0,0,0,0,0,0,0,0,0,0,0,0,0,0,0,0,0,0,0,0,0,0,0,0,0,0,0,0,0,0,0,0,0,0,0,0,0,0,0,0,0,0,0,0,0,0,0,0,0,0,0,0,0,0,0,0,4.95,0,0,0,0,0,0,0,0,4.95,0,0,15.842,0,0,0,0,0,0,0,13.861,0,0,0,17.822,0,4.95,20.792,0,"2024a","E5TPBF",19.1100909090909
13,"Denmark",10,10,2015-06-18,201506,13620,"Conservative People’s Party","KF",60,"NA",348,5,2019,0.751,0.652,3.353,0,NA,6,175,9,141,"2024-1",35,0,0,0,0,0,0,0,0,0,0,0,0,0,0,0,0,0,0,0,0,34.286,0,0,0,0,0,0,0,0,0,0,0,0,0,0,0,0,17.143,0,0,0,11.429,0,0,0,2.857,0,28.571,5.714,0,0,0,0,0,0,0,0,0,0,0,0,0,0,0,0,0,0,0,0,0,0,0,0,0,0,0,0,0,0,0,0,0,0,0,0,0,0,0,0,0,0,0,0,0,0,0,0,0,0,0,0,0,0,0,0,0,0,0,0,0,0,0,0,0,0,0,0,0,0,0,0,0,0,0,0,0,0,0,0,0,0,28.571,0,5.714,0,0,0,0,0,0,0,0,0,60,0,34.286,0,0,"2024a","QU3A48",13.2677272727273
13,"Denmark",10,10,2015-06-18,201506,13720,"Danish People’s Party","DF",70,"NA",348,5,2019,0.751,0.652,21.078,0,NA,37,175,9,141,"2024-1",32,0,0,0,0,0,0,0,0,0,0,18.75,0,0,0,0,0,0,0,0,0,0,0,0,0,0,0,0,0,0,0,0,0,0,0,0,0,0,0,0,25,0,0,0,25,0,0,0,18.75,0,0,12.5,0,0,0,0,0,0,0,0,0,0,0,0,0,0,0,0,0,0,0,0,0,0,0,0,0,0,0,0,0,0,0,0,0,0,0,0,0,0,0,0,0,0,0,0,0,0,0,0,0,0,0,0,0,0,0,0,0,0,0,0,0,0,0,0,0,0,0,0,0,0,0,0,0,0,0,0,12.5,12.5,0,0,18.75,0,0,0,0,0,0,0,12.5,0,0,0,18.75,0,0,25,0,"2024a","23J4F5",12.6627142857143
13,"Denmark",10,10,2019-06-05,201906,13320,"Social Democratic Party","SD",30,"NA",348,5,2020,0.751,0.652,25.905,0,NA,48,175,9,151,"2024-1",2597,0.886,0,0,0,0.847,0,0,2.965,0.886,0,0,0.616,0.039,0,0,4.12,0,0.655,0,0.578,0,0.077,0.193,0.462,0,0,0,0,0,1.463,8.933,0,0,0,0,5.968,16.095,0.385,12.784,12.091,0,5.429,0,4.775,0.924,0,0,3.35,0.154,0,5.853,7.701,0,1.733,0,0,0.039,0,0,0,0,0,0,0,0,0,0,0,0,0,0,0,0,0,0,0,0,0,0,0,0,0,0,0,0,0,0,0,0,0,0,0,0,0,0,0,0,0,0,0,0,0,0,0,0,0,0,0,0,0,0,0,0,0.347,0.27,0.039,0,0,0,0.578,0,0,0,0,0,0,5.968,0.655,4.12,0,0.924,3.35,0,0.154,0,0,0,0,1.579,4.274,0,1.733,0.886,-18.483,0.655,0,24.875,0,"2024a","7YDX5U",32.4330909090909
13,"Denmark",10,10,2019-06-05,201906,13420,"Liberals","V",40,"NA",348,5,2020,0.751,0.652,23.393,0,NA,43,175,9,151,"2024-1",143,0,0,0,0,1.399,0,0,6.294,5.594,0,0,2.098,1.399,0,0,0,0,0,0,4.895,0,0,0,0,0,0,0.699,0,2.098,0,0,0,0,0,0,4.196,8.392,0,12.587,20.979,0,0.699,0,8.392,0,0,0,0,3.497,0,7.692,9.091,0,0,0,0,0,0,0,0,0,0,0,0,0,0,0,0,0,0,0,0,0,0,0,0,0,0,0,0,0,0,0,0,0,0,0,0,0,0,0,0,0,0,0,0,0,0,0,0,0,0,0,0,0,0,0,0,0,0,0,0,0,2.098,0,1.399,0,0,0,4.895,0,0,0,0,0,0,4.196,0,8.392,0,0,0,0,3.497,0,0,0,0,0,7.692,0,0,0,-17.483,0,0,33.566,0,"2024a","33QY7G",19.1100909090909
13,"Denmark",10,10,2019-06-05,201906,13620,"Conservative People’s Party","KF",60,"NA",348,5,2020,0.751,0.652,6.622,0,NA,12,175,9,151,"2024-1",972,0,0,0,0,3.807,0,0,1.543,0.823,0.206,0,0.514,0.309,0.206,0,0,0,2.778,0,0.514,2.366,2.058,3.395,0,0,0,0.103,0,0.617,0.72,3.704,0,0,0,0,1.749,9.774,0.514,4.835,21.399,0,3.909,0,3.704,0,2.881,0,11.934,0.823,0.412,7.51,5.556,0,1.337,0,0,0,0,0,0,0,0,0,0,0,0,0,0,0,0,0,0,0,0,0,0,0,0,0,0,0,0,0,0,0,0,0,0,0,0,0,0,0,0,0,0,0,0,0,0,0,0,0,0,0,0,0,0,0,0,0,0,0,0.103,0.412,0.309,0,0,0,0.514,0,0,0,0,0,0,1.749,2.366,1.337,0,0,11.934,0,0.823,0,0.103,0,0.309,2.572,4.938,0,1.337,0,-7.202,3.395,2.366,26.235,0,"2024a","8XKE6Y",13.2677272727273
13,"Denmark",10,10,2019-06-05,201906,13720,"Danish People’s Party","DF",70,"NA",348,5,2020,0.751,0.652,8.735,0,NA,16,175,9,151,"2024-1",94,0,0,0,0,0,0,0,0,1.064,2.128,8.511,1.064,0,0,0,0,0,0,0,4.255,0,0,0,0,0,0,0,0,0,0,0,0,0,0,0,0,7.447,0,7.447,14.894,0,0,0,24.468,0,0,0,18.085,0,0,4.255,0,0,0,0,0,6.383,0,0,0,0,0,0,0,0,0,0,0,0,0,0,0,0,0,0,0,0,0,0,0,0,0,0,0,0,0,0,0,0,0,0,0,0,0,0,0,0,0,0,0,0,0,0,0,0,0,0,0,0,0,0,0,0,1.064,0,0,0,0,0,4.255,0,0,0,0,0,0,0,5.319,19.149,0,0,18.085,0,0,0,0,0,0,0,4.255,0,0,0,32.979,0,0,22.34,0,"2024a","EH8CNR",12.6627142857143
14,"Finland",0,0,1962-02-05,196202,14221,"Finnish People’s Democratic Union","SKDL",20,"NA",209,1,1995,0.669,NA,22.03,0,NA,47,200,1,10,"NA",96,3.125,5.208,0,0,0,7.292,4.167,0,0,1.042,0,1.042,4.167,0,0,0,0,0,0,40.625,0,0,0,0,0,0,0,0,0,1.042,0,4.167,2.083,0,2.083,0,0,0,2.083,11.458,0,0,0,0,0,0,0,0,0,0,0,10.417,0,0,0,0,0,0,0,0,0,0,0,0,0,0,0,0,0,0,0,0,0,0,0,0,0,0,0,0,0,0,0,0,0,0,0,0,0,0,0,0,0,0,0,0,0,0,0,0,0,0,0,0,0,0,0,0,0,0,0,NA,NA,NA,NA,NA,NA,NA,NA,NA,NA,NA,NA,NA,NA,NA,NA,NA,NA,NA,NA,NA,NA,NA,NA,NA,NA,NA,NA,NA,NA,NA,NA,-2.083,4.167,0,13.542,11.458,"2024a","QWVTCT",17.124125
14,"Finland",0,0,1962-02-05,196202,14320,"Finnish Social Democrats","SSDP",30,"NA",208,1,1993,0.341,NA,19.502,0,NA,38,200,1,10,"NA",44,0,0,0,0,0,0,0,0,0,0,0,0,0,0,43.182,0,0,0,0,0,0,0,0,13.636,0,0,0,4.545,0,0,0,0,0,0,0,0,0,0,0,0,0,0,0,0,0,0,0,0,0,0,0,11.364,0,22.727,0,0,4.545,0,0,0,0,0,0,0,0,0,0,0,0,0,0,0,0,0,0,0,0,0,0,0,0,0,0,0,0,0,0,0,0,0,0,0,0,0,0,0,0,0,0,0,0,0,0,0,0,0,0,0,0,0,0,NA,NA,NA,NA,NA,NA,NA,NA,NA,NA,NA,NA,NA,NA,NA,NA,NA,NA,NA,NA,NA,NA,NA,NA,NA,NA,NA,NA,NA,NA,NA,NA,-25,13.636,0,0,0,"2024a","B3GXBN",23.0029375
14,"Finland",0,0,1962-02-05,196202,14620,"National Coalition","KK",60,"NA",208,1,1993,0.341,NA,14.646,0,NA,32,200,1,10,"NA",55,9.091,3.636,0,0,0,0,0,0,0,0,0,12.727,3.636,3.636,30.909,5.455,0,0,0,0,0,0,0,5.455,0,0,0,0,0,0,1.818,0,0,0,0,0,0,0,5.455,0,0,0,0,0,0,0,0,0,10.909,0,0,0,0,5.455,0,0,1.818,0,0,0,0,0,0,0,0,0,0,0,0,0,0,0,0,0,0,0,0,0,0,0,0,0,0,0,0,0,0,0,0,0,0,0,0,0,0,0,0,0,0,0,0,0,0,0,0,0,0,0,0,0,0,NA,NA,NA,NA,NA,NA,NA,NA,NA,NA,NA,NA,NA,NA,NA,NA,NA,NA,NA,NA,NA,NA,NA,NA,NA,NA,NA,NA,NA,NA,NA,NA,18.182,5.455,0,5.455,0,"2024a","F7RER5",18.9986875
14,"Finland",0,0,1962-02-05,196202,14810,"Agrarian Union","Maal",80,"NA",998,998,NA,NA,NA,22.954,0,NA,53,200,3,10,"NA",172,0.87,2.394,0,0,0,1.092,3.493,1.965,0,0,0,3.702,3.264,0.437,0,3.057,0,0.218,0,6.522,1.088,0.437,0.873,5.677,0.218,1.739,0,6.319,0,3.7,1.743,0,0,0,0,0,1.092,0.437,6.545,1.528,0.435,5.229,0,0.87,0,0.435,0,0,8.726,0.218,0,1.088,0,21.754,0,0,2.837,0,0,0,0,0,0,0,0,0,0,0,0,0,0,0,0,0,0,0,0,0,0,0,0,0,0,0,0,0,0,0,0,0,0,0,0,0,0,0,0,0,0,0,0,0,0,0,0,0,0,0,0,0,0,NA,NA,NA,NA,NA,NA,NA,NA,NA,NA,NA,NA,NA,NA,NA,NA,NA,NA,NA,NA,NA,NA,NA,NA,NA,NA,NA,NA,NA,NA,NA,NA,-3.298,6.55,1.088,8.073,4.585,"2024a","JXXUCD",19.5853125
14,"Finland",0,0,1966-03-21,196603,14221,"Finnish People’s Democratic Union","SKDL",20,"NA",208,1,1993,0.341,NA,21.208,0,NA,41,200,1,10,"NA",42,4.762,2.381,0,0,0,4.762,0,2.381,0,0,0,0,7.143,0,0,0,0,0,0,0,0,0,0,19.048,4.762,0,0,7.143,0,2.381,0,4.762,4.762,0,0,0,0,0,7.143,7.143,0,4.762,0,0,0,0,0,0,9.524,0,0,4.762,0,2.381,0,0,0,0,0,0,0,0,0,0,0,0,0,0,0,0,0,0,0,0,0,0,0,0,0,0,0,0,0,0,0,0,0,0,0,0,0,0,0,0,0,0,0,0,0,0,0,0,0,0,0,0,0,0,0,0,0,NA,NA,NA,NA,NA,NA,NA,NA,NA,NA,NA,NA,NA,NA,NA,NA,NA,NA,NA,NA,NA,NA,NA,NA,NA,NA,NA,NA,NA,NA,NA,NA,-50,23.81,0,14.286,4.762,"2024a","UXLOEG",17.124125
14,"Finland",0,0,1966-03-21,196603,14320,"Finnish Social Democrats","SSDP",30,"NA",208,1,1993,0.341,NA,27.229,0,NA,55,200,1,10,"NA",28,0,0,0,0,0,0,0,0,0,0,0,0,0,0,7.143,0,0,0,0,0,0,0,0,0,0,0,0,17.857,0,3.571,3.571,0,0,0,0,0,0,0,21.429,0,0,17.857,0,0,0,0,0,0,7.143,0,0,0,0,21.429,0,0,0,0,0,0,0,0,0,0,0,0,0,0,0,0,0,0,0,0,0,0,0,0,0,0,0,0,0,0,0,0,0,0,0,0,0,0,0,0,0,0,0,0,0,0,0,0,0,0,0,0,0,0,0,0,0,NA,NA,NA,NA,NA,NA,NA,NA,NA,NA,NA,NA,NA,NA,NA,NA,NA,NA,NA,NA,NA,NA,NA,NA,NA,NA,NA,NA,NA,NA,NA,NA,-10.714,0,0,21.429,0,"2024a","37D6C6",23.0029375
14,"Finland",0,0,1966-03-21,196603,14620,"National Coalition","KK",60,"NA",998,998,NA,NA,NA,13.794,0,NA,26,200,3,10,"NA",74.5,4.545,1.818,0,0,0,0,0,3.191,0,1.596,0,19.13,13.52,2.882,15.455,2.727,0,0,0,0,2.66,0,0,2.727,0,0,0,0,0,0,0.909,0,0,0,0,0,1.064,2.66,6.451,1.596,0,0.532,0,0,0,0.532,0,0,9.178,0,0,0,0,2.727,0,3.191,0.909,0,0,0,0,0,0,0,0,0,0,0,0,0,0,0,0,0,0,0,0,0,0,0,0,0,0,0,0,0,0,0,0,0,0,0,0,0,0,0,0,0,0,0,0,0,0,0,0,0,0,0,0,0,0,NA,NA,NA,NA,NA,NA,NA,NA,NA,NA,NA,NA,NA,NA,NA,NA,NA,NA,NA,NA,NA,NA,NA,NA,NA,NA,NA,NA,NA,NA,NA,NA,12.814,2.727,2.66,8.046,0,"2024a","CIMFPP",18.9986875
14,"Finland",0,0,1966-03-21,196603,14810,"Centre Party","KESK",80,"NA",209,1,1995,0.669,NA,21.225,0,NA,49,200,1,10,"NA",229,0,1.31,0,0,0,2.183,6.987,3.93,0,0,0,3.057,1.31,0.873,0,6.114,0,0.437,0,0,0.437,0.873,1.747,11.354,0.437,0,0,6.55,0,2.183,1.747,0,0,0,0,0,2.183,0.873,10.48,3.057,0,5.24,0,0,0,0,0,0,13.974,0.437,0,0.437,0,6.987,0,0,4.803,0,0,0,0,0,0,0,0,0,0,0,0,0,0,0,0,0,0,0,0,0,0,0,0,0,0,0,0,0,0,0,0,0,0,0,0,0,0,0,0,0,0,0,0,0,0,0,0,0,0,0,0,0,0,NA,NA,NA,NA,NA,NA,NA,NA,NA,NA,NA,NA,NA,NA,NA,NA,NA,NA,NA,NA,NA,NA,NA,NA,NA,NA,NA,NA,NA,NA,NA,NA,-17.031,13.1,0.437,13.537,9.17,"2024a","DL384H",19.5853125
14,"Finland",10,0,1970-03-16,197003,14221,"Finnish People’s Democratic Union","SKDL",20,"NA",208,1,1993,0.341,NA,16.585,0,NA,36,200,1,10,"NA",157,0,3.185,0,0,0,0,1.911,4.459,0,0,0,4.459,15.924,0,1.911,1.274,0,0,0,0,0,0,1.274,24.204,0,0,0,3.185,0,0,7.006,0.637,0,0,3.185,0,1.911,1.911,14.013,0,0,2.548,0,0,0,0,0,0,0,0,0,5.732,0,0,0,0,1.274,0,0,0,0,0,0,0,0,0,0,0,0,0,0,0,0,0,0,0,0,0,0,0,0,0,0,0,0,0,0,0,0,0,0,0,0,0,0,0,0,0,0,0,0,0,0,0,0,0,0,0,0,0,0,NA,NA,NA,NA,NA,NA,NA,NA,NA,NA,NA,NA,NA,NA,NA,NA,NA,NA,NA,NA,NA,NA,NA,NA,NA,NA,NA,NA,NA,NA,NA,NA,-52.229,26.115,0,14.013,1.911,"2024a","F9VIEX",17.124125
14,"Finland",10,0,1970-03-16,197003,14320,"Finnish Social Democrats","SSDP",30,"NA",998,998,NA,NA,NA,23.432,0,NA,51,200,3,10,"NA",39,1,0,0,0,0,0,3,0,0,0,0,1,3,0,6.571,0,0,0,0,0,0,0,1,11,1,0,0,8.929,0,3.786,1.786,0,0,0,0,0,0,0,20.714,0,0,9.929,0,0,0,0,0,0,3.571,0,0,11,0,12.714,0,0,0,0,0,0,0,0,0,0,0,0,0,0,0,0,0,0,0,0,0,0,0,0,0,0,0,0,0,0,0,0,0,0,0,0,0,0,0,0,0,0,0,0,0,0,0,0,0,0,0,0,0,0,0,0,0,NA,NA,NA,NA,NA,NA,NA,NA,NA,NA,NA,NA,NA,NA,NA,NA,NA,NA,NA,NA,NA,NA,NA,NA,NA,NA,NA,NA,NA,NA,NA,NA,-34.357,12,0,20.714,3,"2024a","GAMIZK",23.0029375
14,"Finland",10,0,1970-03-16,197003,14620,"National Coalition","KK",60,"NA",208,1,1993,0.341,NA,18.045,0,NA,37,200,1,10,"NA",94,0,0,0,0,0,0,0,6.383,0,3.191,0,25.532,23.404,2.128,0,0,0,0,0,0,5.319,0,0,0,0,0,0,0,0,0,0,0,0,0,0,0,2.128,5.319,7.447,3.191,0,1.064,0,0,0,1.064,0,0,7.447,0,0,0,0,0,0,6.383,0,0,0,0,0,0,0,0,0,0,0,0,0,0,0,0,0,0,0,0,0,0,0,0,0,0,0,0,0,0,0,0,0,0,0,0,0,0,0,0,0,0,0,0,0,0,0,0,0,0,0,0,0,0,0,NA,NA,NA,NA,NA,NA,NA,NA,NA,NA,NA,NA,NA,NA,NA,NA,NA,NA,NA,NA,NA,NA,NA,NA,NA,NA,NA,NA,NA,NA,NA,NA,7.447,0,5.319,10.638,0,"2024a","PJFCYJ",18.9986875
14,"Finland",10,0,1970-03-16,197003,14810,"Centre Party","KESK",80,"NA",209,1,1995,0.669,NA,17.121,0,NA,37,200,1,10,"NA",113,1.77,1.77,0,0,0,0,3.54,3.54,0,0,0,4.425,6.195,1.77,0,6.195,0,0,0,0,4.425,0.885,1.77,14.159,0,0.885,0,3.54,0,0.885,1.77,0,0,0,0,0,4.425,0,7.08,0,0,5.31,6.195,0,0,0,0,0,7.965,0,0,0,0,7.08,0,0,4.425,0,0,0,0,0,0,0,0,0,0,0,0,0,0,0,0,0,0,0,0,0,0,0,0,0,0,0,0,0,0,0,0,0,0,0,0,0,0,0,0,0,0,0,0,0,0,0,0,0,0,0,0,0,0,NA,NA,NA,NA,NA,NA,NA,NA,NA,NA,NA,NA,NA,NA,NA,NA,NA,NA,NA,NA,NA,NA,NA,NA,NA,NA,NA,NA,NA,NA,NA,NA,-15.929,15.929,4.425,7.08,3.54,"2024a","A7B3WQ",19.5853125
14,"Finland",10,0,1972-01-03,197201,14221,"Finnish People’s Democratic Union","SKDL",20,"NA",209,1,1995,0.669,NA,17.02,0,NA,37,200,1,10,"NA",80,2.5,2.5,0,0,0,0,1.25,0,0,0,0,0,3.75,0,0,0,0,0,0,27.5,1.25,1.25,0,0,0,1.25,0,1.25,0,0,0,11.25,0,0,2.5,0,0,0,10,12.5,0,0,0,0,0,0,0,0,0,0,0,12.5,0,8.75,0,0,0,0,0,0,0,0,0,0,0,0,0,0,0,0,0,0,0,0,0,0,0,0,0,0,0,0,0,0,0,0,0,0,0,0,0,0,0,0,0,0,0,0,0,0,0,0,0,0,0,0,0,0,0,0,0,NA,NA,NA,NA,NA,NA,NA,NA,NA,NA,NA,NA,NA,NA,NA,NA,NA,NA,NA,NA,NA,NA,NA,NA,NA,NA,NA,NA,NA,NA,NA,NA,-12.5,11.25,1.25,22.5,1.25,"2024a","68O8YC",17.124125
14,"Finland",10,0,1972-01-03,197201,14320,"Finnish Social Democrats","SSDP",30,"NA",208,1,1993,0.341,NA,25.785,0,NA,55,200,1,10,"NA",50,2,0,0,0,0,0,6,0,0,0,0,2,6,0,6,0,0,0,0,0,0,0,2,22,2,0,0,0,0,4,0,0,0,0,0,0,0,0,20,0,0,2,0,0,0,0,0,0,0,0,0,22,0,4,0,0,0,0,0,0,0,0,0,0,0,0,0,0,0,0,0,0,0,0,0,0,0,0,0,0,0,0,0,0,0,0,0,0,0,0,0,0,0,0,0,0,0,0,0,0,0,0,0,0,0,0,0,0,0,0,0,NA,NA,NA,NA,NA,NA,NA,NA,NA,NA,NA,NA,NA,NA,NA,NA,NA,NA,NA,NA,NA,NA,NA,NA,NA,NA,NA,NA,NA,NA,NA,NA,-58,24,0,20,6,"2024a","MWGKI6",23.0029375
14,"Finland",10,0,1972-01-03,197201,14620,"National Coalition","KK",60,"NA",209,1,1995,0.669,NA,17.589,0,NA,34,200,1,10,"NA",47,6.383,2.128,0,0,0,0,0,0,0,0,0,2.128,4.255,0,0,0,0,0,0,38.298,0,0,0,0,0,0,0,12.766,0,0,0,0,0,2.128,0,0,0,0,25.532,0,0,0,0,0,0,0,0,0,0,0,0,0,6.383,0,0,0,0,0,0,0,0,0,0,0,0,0,0,0,0,0,0,0,0,0,0,0,0,0,0,0,0,0,0,0,0,0,0,0,0,0,0,0,0,0,0,0,0,0,0,0,0,0,0,0,0,0,0,0,0,0,0,NA,NA,NA,NA,NA,NA,NA,NA,NA,NA,NA,NA,NA,NA,NA,NA,NA,NA,NA,NA,NA,NA,NA,NA,NA,NA,NA,NA,NA,NA,NA,NA,38.298,0,2.128,25.532,0,"2024a","6Y6FAK",18.9986875
14,"Finland",10,0,1972-01-03,197201,14810,"Centre Party","KESK",80,"NA",209,1,1995,0.669,NA,16.41,0,NA,35,200,1,10,"NA",47,0,4.255,0,0,0,0,0,0,0,0,0,0,2.128,0,0,0,0,0,0,23.404,0,0,0,0,0,0,0,0,0,2.128,0,0,0,0,0,0,0,0,12.766,31.915,0,0,0,0,0,0,0,0,14.894,0,0,0,0,8.511,0,0,0,0,0,0,0,0,0,0,0,0,0,0,0,0,0,0,0,0,0,0,0,0,0,0,0,0,0,0,0,0,0,0,0,0,0,0,0,0,0,0,0,0,0,0,0,0,0,0,0,0,0,0,0,0,0,NA,NA,NA,NA,NA,NA,NA,NA,NA,NA,NA,NA,NA,NA,NA,NA,NA,NA,NA,NA,NA,NA,NA,NA,NA,NA,NA,NA,NA,NA,NA,NA,4.255,0,0,44.681,0,"2024a","WAFZVT",19.5853125
14,"Finland",10,0,1975-09-22,197509,14221,"Finnish People’s Democratic Union","SKDL",20,"NA",208,1,1993,0.341,NA,18.892,0,NA,40,200,1,10,"NA",94,0,1.064,0,1.064,0,0,1.064,1.064,0,1.064,3.191,0,10.638,0,0,3.191,0,0,0,0,0,0,0,8.511,3.191,1.064,0,4.255,0,2.128,0,1.064,2.128,0,0,0,4.255,0,10.638,14.894,0,4.255,0,0,0,0,0,0,11.702,0,0,8.511,0,0,0,1.064,0,0,0,0,0,0,0,0,0,0,0,0,0,0,0,0,0,0,0,0,0,0,0,0,0,0,0,0,0,0,0,0,0,0,0,0,0,0,0,0,0,0,0,0,0,0,0,0,0,0,0,0,0,0,0,NA,NA,NA,NA,NA,NA,NA,NA,NA,NA,NA,NA,NA,NA,NA,NA,NA,NA,NA,NA,NA,NA,NA,NA,NA,NA,NA,NA,NA,NA,NA,NA,-42.553,9.574,0,25.532,1.064,"2024a","XAWCRU",17.124125
14,"Finland",10,0,1975-09-22,197509,14320,"Finnish Social Democrats","SSDP",30,"NA",208,1,1993,0.341,NA,24.859,0,NA,54,200,1,10,"NA",36,0,0,0,0,0,0,0,0,0,0,0,0,2.778,0,0,0,0,0,0,0,0,0,2.778,11.111,0,0,0,0,0,0,0,22.222,0,0,0,0,2.778,2.778,25,0,0,8.333,0,0,0,0,0,0,16.667,0,0,2.778,0,2.778,0,0,0,0,0,0,0,0,0,0,0,0,0,0,0,0,0,0,0,0,0,0,0,0,0,0,0,0,0,0,0,0,0,0,0,0,0,0,0,0,0,0,0,0,0,0,0,0,0,0,0,0,0,0,0,0,0,NA,NA,NA,NA,NA,NA,NA,NA,NA,NA,NA,NA,NA,NA,NA,NA,NA,NA,NA,NA,NA,NA,NA,NA,NA,NA,NA,NA,NA,NA,NA,NA,-33.333,36.111,0,25,0,"2024a","3UTMSX",23.0029375
14,"Finland",10,0,1975-09-22,197509,14620,"National Coalition","KK",60,"NA",998,998,NA,NA,NA,18.37,0,NA,35,200,3,10,"NA",29.5,3.191,1.064,0,0,0,0,0,0,0,0,0,1.064,2.128,0,0,0,0,0,0,19.149,0,12.5,0,0,0,0,0,10.55,0,0,0,0,0,1.064,0,0,0,0,12.766,29.167,0,0,0,0,0,0,0,0,0,0,0,0,3.191,4.167,0,0,0,0,0,0,0,0,0,0,0,0,0,0,0,0,0,0,0,0,0,0,0,0,0,0,0,0,0,0,0,0,0,0,0,0,0,0,0,0,0,0,0,0,0,0,0,0,0,0,0,0,0,0,0,0,0,NA,NA,NA,NA,NA,NA,NA,NA,NA,NA,NA,NA,NA,NA,NA,NA,NA,NA,NA,NA,NA,NA,NA,NA,NA,NA,NA,NA,NA,NA,NA,NA,2.482,0,1.064,41.933,0,"2024a","PTN711",18.9986875
14,"Finland",10,0,1975-09-22,197509,14810,"Centre Party","KESK",80,"NA",209,1,1995,0.669,NA,17.629,0,NA,39,200,1,10,"NA",82,0,2.439,0,0,0,0,4.878,0,0,0,0,0,0,0,0,8.537,0,1.22,0,0,0,0,2.439,12.195,0,1.22,0,18.293,0,2.439,1.22,3.659,0,0,0,0,4.878,0,9.756,15.854,0,0,0,0,0,0,0,0,1.22,0,0,1.22,0,6.098,2.439,0,0,0,0,0,0,0,0,0,0,0,0,0,0,0,0,0,0,0,0,0,0,0,0,0,0,0,0,0,0,0,0,0,0,0,0,0,0,0,0,0,0,0,0,0,0,0,0,0,0,0,0,0,0,0,0,NA,NA,NA,NA,NA,NA,NA,NA,NA,NA,NA,NA,NA,NA,NA,NA,NA,NA,NA,NA,NA,NA,NA,NA,NA,NA,NA,NA,NA,NA,NA,NA,-40.244,18.293,0,25.61,4.878,"2024a","I7612F",19.5853125
14,"Finland",10,0,1979-03-13,197903,14221,"Finnish People’s Democratic Union","SKDL",20,"NA",208,1,1993,0.341,NA,17.898,0,NA,35,200,1,10,"NA",98,0,2.041,0,0,0,0,1.02,2.041,0,0,0,0,5.102,3.061,0,0,0,0,0,0,0,0,14.286,6.122,0,0,0,0,0,1.02,2.041,2.041,2.041,0,0,0,3.061,1.02,16.327,0,0,7.143,0,0,0,0,0,0,26.531,0,0,3.061,0,2.041,0,0,0,0,0,0,0,0,0,0,0,0,0,0,0,0,0,0,0,0,0,0,0,0,0,0,0,0,0,0,0,0,0,0,0,0,0,0,0,0,0,0,0,0,0,0,0,0,0,0,0,0,0,0,0,0,0,NA,NA,NA,NA,NA,NA,NA,NA,NA,NA,NA,NA,NA,NA,NA,NA,NA,NA,NA,NA,NA,NA,NA,NA,NA,NA,NA,NA,NA,NA,NA,NA,-13.265,22.449,0,16.327,1.02,"2024a","JLAQKA",17.124125
14,"Finland",10,0,1979-03-13,197903,14320,"Finnish Social Democrats","SSDP",30,"NA",208,1,1993,0.341,NA,23.891,0,NA,52,200,1,10,"NA",162,0,1.852,0,0,0,0.617,1.235,2.469,0,0,0,3.086,8.642,0,0,3.704,0,0,0,0,0,0,0.617,21.605,0,0,0,6.79,0,0.617,2.469,0,0,0,0,0,4.938,2.469,13.58,0,0,8.642,0,0,0,0,0,0,5.556,0,0,4.938,0,4.321,0,0,1.852,0,0,0,0,0,0,0,0,0,0,0,0,0,0,0,0,0,0,0,0,0,0,0,0,0,0,0,0,0,0,0,0,0,0,0,0,0,0,0,0,0,0,0,0,0,0,0,0,0,0,0,0,0,0,NA,NA,NA,NA,NA,NA,NA,NA,NA,NA,NA,NA,NA,NA,NA,NA,NA,NA,NA,NA,NA,NA,NA,NA,NA,NA,NA,NA,NA,NA,NA,NA,-40.123,22.222,0,13.58,1.852,"2024a","V9B8YZ",23.0029375
14,"Finland",10,0,1979-03-13,197903,14620,"National Coalition","KK",60,"NA",209,1,1995,0.669,NA,21.654,0,NA,47,200,1,10,"NA",12,0,0,0,0,0,0,0,0,0,0,0,0,0,0,0,0,0,0,0,0,0,25,0,0,0,0,0,8.333,0,0,0,0,0,0,0,0,0,0,0,58.333,0,0,0,0,0,0,0,0,0,0,0,0,0,8.333,0,0,0,0,0,0,0,0,0,0,0,0,0,0,0,0,0,0,0,0,0,0,0,0,0,0,0,0,0,0,0,0,0,0,0,0,0,0,0,0,0,0,0,0,0,0,0,0,0,0,0,0,0,0,0,0,0,NA,NA,NA,NA,NA,NA,NA,NA,NA,NA,NA,NA,NA,NA,NA,NA,NA,NA,NA,NA,NA,NA,NA,NA,NA,NA,NA,NA,NA,NA,NA,NA,-33.333,0,0,58.333,0,"2024a","N7GNLQ",18.9986875
14,"Finland",10,0,1979-03-13,197903,14810,"Centre Party","KESK",80,"NA",209,1,1995,0.669,NA,17.291,0,NA,36,200,1,10,"NA",120,0.833,2.5,0,0,0,0,0.833,1.667,0.833,0,0,2.5,5,0,0,14.167,0,0,0,0,0,0,6.667,13.333,0,0.833,0,1.667,0,0.833,0,0,0,0,0,0,8.333,2.5,18.333,0,0,1.667,0,0,0,1.667,0,0,5.833,0,0,4.167,0,3.333,0,0.833,1.667,0,0,0,0,0,0,0,0,0,0,0,0,0,0,0,0,0,0,0,0,0,0,0,0,0,0,0,0,0,0,0,0,0,0,0,0,0,0,0,0,0,0,0,0,0,0,0,0,0,0,0,0,0,0,NA,NA,NA,NA,NA,NA,NA,NA,NA,NA,NA,NA,NA,NA,NA,NA,NA,NA,NA,NA,NA,NA,NA,NA,NA,NA,NA,NA,NA,NA,NA,NA,-24.167,20,0,18.333,0.833,"2024a","Y7N8H4",19.5853125
14,"Finland",10,0,1983-03-21,198303,14221,"Finnish People’s Democratic Union","SKDL",20,"NA",208,1,1993,0.341,NA,13.97,0,NA,27,200,1,10,"NA",140,0,2.143,0,0.714,0,1.429,5.714,3.571,0,0,0,4.286,24.286,0,2.143,0.714,0,0,0,0,0,0,0.714,17.857,0,0,0,0,0,0,0,0,0,0,0.714,0,3.571,2.143,7.143,4.286,0.714,0.714,0,0,0,0,0,0,2.143,0,0,12.143,0,2.143,0,0,0.714,0,0,0,0,0,0,0,0,0,0,0,0,0,0,0,0,0,0,0,0,0,0,0,0,0,0,0,0,0,0,0,0,0,0,0,0,0,0,0,0,0,0,0,0,0,0,0,0,0,0,0,0,0,0,NA,NA,NA,NA,NA,NA,NA,NA,NA,NA,NA,NA,NA,NA,NA,NA,NA,NA,NA,NA,NA,NA,NA,NA,NA,NA,NA,NA,NA,NA,NA,NA,-64.286,18.571,0,11.429,7.143,"2024a","OZZ4CJ",17.124125
14,"Finland",10,0,1983-03-21,198303,14320,"Finnish Social Democrats","SSDP",30,"NA",208,1,1993,0.341,NA,26.713,0,NA,57,200,1,10,"NA",37,2.703,0,0,0,0,0,5.405,0,0,0,0,2.703,5.405,2.703,0,0,0,0,0,0,0,0,0,2.703,0,0,0,0,0,0,0,0,0,0,0,0,16.216,0,8.108,0,0,0,0,0,0,0,0,0,51.351,0,0,0,0,0,0,0,2.703,0,0,0,0,0,0,0,0,0,0,0,0,0,0,0,0,0,0,0,0,0,0,0,0,0,0,0,0,0,0,0,0,0,0,0,0,0,0,0,0,0,0,0,0,0,0,0,0,0,0,0,0,0,0,NA,NA,NA,NA,NA,NA,NA,NA,NA,NA,NA,NA,NA,NA,NA,NA,NA,NA,NA,NA,NA,NA,NA,NA,NA,NA,NA,NA,NA,NA,NA,NA,43.243,2.703,0,8.108,5.405,"2024a","LTOCEJ",23.0029375
14,"Finland",10,0,1983-03-21,198303,14620,"National Coalition","KK",60,"NA",209,1,1995,0.669,NA,22.119,0,NA,44,200,1,10,"NA",24,0,0,0,0,0,0,0,4.167,0,0,0,8.333,16.667,0,0,0,0,29.167,0,0,0,0,0,0,0,0,0,0,0,0,0,0,0,0,0,0,16.667,0,0,12.5,0,0,0,0,0,8.333,0,0,0,0,0,0,4.167,0,0,0,0,0,0,0,0,0,0,0,0,0,0,0,0,0,0,0,0,0,0,0,0,0,0,0,0,0,0,0,0,0,0,0,0,0,0,0,0,0,0,0,0,0,0,0,0,0,0,0,0,0,0,0,0,0,0,NA,NA,NA,NA,NA,NA,NA,NA,NA,NA,NA,NA,NA,NA,NA,NA,NA,NA,NA,NA,NA,NA,NA,NA,NA,NA,NA,NA,NA,NA,NA,NA,-16.667,0,0,12.5,0,"2024a","IHVZQK",18.9986875
14,"Finland",10,0,1983-03-21,198303,14810,"Centre Party","KESK",80,"NA",209,1,1995,0.669,NA,17.626,1,NA,38,200,1,10,"NA",49,4.082,2.041,0,0,0,0,0,0,0,0,0,0,8.163,0,0,16.327,0,0,0,0,0,0,8.163,10.204,0,0,0,2.041,0,2.041,0,0,0,0,0,0,10.204,0,20.408,0,0,6.122,0,0,0,0,0,0,0,0,0,4.082,0,4.082,0,0,2.041,0,0,0,0,0,0,0,0,0,0,0,0,0,0,0,0,0,0,0,0,0,0,0,0,0,0,0,0,0,0,0,0,0,0,0,0,0,0,0,0,0,0,0,0,0,0,0,0,0,0,0,0,0,0,NA,NA,NA,NA,NA,NA,NA,NA,NA,NA,NA,NA,NA,NA,NA,NA,NA,NA,NA,NA,NA,NA,NA,NA,NA,NA,NA,NA,NA,NA,NA,NA,-36.735,18.367,0,20.408,0,"2024a","1KNU5K",19.5853125
14,"Finland",10,0,1987-03-16,198703,14221,"Finnish People’s Democratic Union","SKDL",20,"NA",209,1,1995,0.669,NA,9.39,0,NA,16,200,1,10,"NA",660,1.515,3.333,0.455,5.455,0,1.212,1.818,5.455,0,0,0,0.303,19.848,0,0,0,0,0,0,0,0,0,0.455,0,0,0.303,0,0,0,0,0.455,6.061,0,0,1.364,0,4.545,15.606,8.182,3.333,0,5.152,0,0,0,0,0,0,6.818,0,0,4.545,0,1.364,0,0,2.424,0,0,0,0,0,0,0,0,0,0,0,0,0,0,0,0,0,0,0,0,0,0,0,0,0,0,0,0,0,0,0,0,0,0,0,0,0,0,0,0,0,0,0,0,0,0,0,0,0,0,0,0,0,0,NA,NA,NA,NA,NA,NA,NA,NA,NA,NA,NA,NA,NA,NA,NA,NA,NA,NA,NA,NA,NA,NA,NA,NA,NA,NA,NA,NA,NA,NA,NA,NA,-46.515,6.515,0,11.515,3.485,"2024a","CD6ZQM",17.124125
14,"Finland",10,0,1987-03-16,198703,14320,"Finnish Social Democrats","SSDP",30,"NA",209,1,1995,0.669,NA,24.143,0,NA,56,200,1,10,"NA",77,0,0,0,0,0,0,0,0,0,0,0,0,0,0,0,0,0,0,0,0,0,0,0,0,0,0,0,0,0,0,11.688,6.494,0,0,0,0,7.792,0,0,38.961,0,0,0,0,0,0,0,0,0,0,0,0,0,0,0,0,35.065,0,0,0,0,0,0,0,0,0,0,0,0,0,0,0,0,0,0,0,0,0,0,0,0,0,0,0,0,0,0,0,0,0,0,0,0,0,0,0,0,0,0,0,0,0,0,0,0,0,0,0,0,0,0,NA,NA,NA,NA,NA,NA,NA,NA,NA,NA,NA,NA,NA,NA,NA,NA,NA,NA,NA,NA,NA,NA,NA,NA,NA,NA,NA,NA,NA,NA,NA,NA,-45.455,6.494,0,38.961,0,"2024a","TYN9JH",23.0029375
14,"Finland",10,0,1987-03-16,198703,14620,"National Coalition","KK",60,"NA",209,1,1995,0.669,NA,23.132,0,NA,53,200,1,10,"NA",141,0,0,0,0,0,0,0,0,0,0,0,0,0,0,0,0,0,0,0,0,10.638,0,4.965,0,0,0,0,0,0,6.383,0,0,0,0,0,0,10.638,0,0,36.17,0,0,0,0,0,0,0,0,0,0,0,0,0,10.638,0,0,20.567,0,0,0,0,0,0,0,0,0,0,0,0,0,0,0,0,0,0,0,0,0,0,0,0,0,0,0,0,0,0,0,0,0,0,0,0,0,0,0,0,0,0,0,0,0,0,0,0,0,0,0,0,0,0,NA,NA,NA,NA,NA,NA,NA,NA,NA,NA,NA,NA,NA,NA,NA,NA,NA,NA,NA,NA,NA,NA,NA,NA,NA,NA,NA,NA,NA,NA,NA,NA,-30.496,4.965,10.638,36.17,0,"2024a","1EGWLH",18.9986875
14,"Finland",10,0,1987-03-16,198703,14810,"Centre Party","KESK",80,"NA",209,1,1995,0.669,NA,17.62,0,NA,40,200,1,10,"NA",237,0,2.11,0,0,3.376,0,5.485,3.797,0,0,0,0,0,0,0,10.127,0,0,0,0,0,0,9.705,0,0,0,0,0,0,0,1.688,6.329,0,0,0,0,8.017,8.439,0,7.595,0,0,0,0,0,3.376,0,0,18.143,0,0,2.532,0,5.485,0,0,3.797,0,0,0,0,0,0,0,0,0,0,0,0,0,0,0,0,0,0,0,0,0,0,0,0,0,0,0,0,0,0,0,0,0,0,0,0,0,0,0,0,0,0,0,0,0,0,0,0,0,0,0,0,0,0,NA,NA,NA,NA,NA,NA,NA,NA,NA,NA,NA,NA,NA,NA,NA,NA,NA,NA,NA,NA,NA,NA,NA,NA,NA,NA,NA,NA,NA,NA,NA,NA,-10.549,16.034,0,7.595,5.485,"2024a","BSE8LC",19.5853125
14,"Finland",10,0,1991-03-17,199103,14320,"Finnish Social Democrats","SSDP",30,"NA",209,1,1995,0.669,NA,22.124,0,NA,48,200,1,10,"NA",85,0,0,0,0,0,0,0,5.882,1.176,0,0,10.588,0,0,0,4.706,0,0,0,0,7.059,0,0,0,0,0,0,0,0,0,1.176,8.235,0,0,0,0,12.941,2.353,0,10.588,0,7.059,0,0,0,0,0,0,15.294,0,0,0,0,2.353,0,0,10.588,0,0,0,0,0,0,0,0,0,0,0,0,0,0,0,0,0,0,0,0,0,0,0,0,0,0,0,0,0,0,0,0,0,0,0,0,0,0,0,0,0,0,0,0,0,0,0,0,0,0,0,0,0,0,NA,NA,NA,NA,NA,NA,NA,NA,NA,NA,NA,NA,NA,NA,NA,NA,NA,NA,NA,NA,NA,NA,NA,NA,NA,NA,NA,NA,NA,NA,NA,NA,1.176,8.235,7.059,10.588,0,"2024a","BV4P5Y",23.0029375
14,"Finland",10,0,1991-03-17,199103,14620,"National Coalition","KK",60,"NA",209,1,1995,0.669,NA,19.314,0,NA,40,200,1,10,"NA",67,0,0,0,0,1.493,0,1.493,2.985,8.955,0,0,0,0,0,0,0,0,0,0,0,7.463,8.955,0,0,0,0,0,0,0,0,14.925,13.433,0,0,0,0,10.448,0,1.493,7.463,0,0,0,0,0,0,0,0,2.985,0,0,0,0,10.448,0,0,7.463,0,0,0,0,0,0,0,0,0,0,0,0,0,0,0,0,0,0,0,0,0,0,0,0,0,0,0,0,0,0,0,0,0,0,0,0,0,0,0,0,0,0,0,0,0,0,0,0,0,0,0,0,0,0,NA,NA,NA,NA,NA,NA,NA,NA,NA,NA,NA,NA,NA,NA,NA,NA,NA,NA,NA,NA,NA,NA,NA,NA,NA,NA,NA,NA,NA,NA,NA,NA,-4.478,13.433,7.463,8.955,1.493,"2024a","XRDNLW",18.9986875
14,"Finland",10,0,1991-03-17,199103,14810,"Finnish Centre","SK",80,"NA",209,1,1995,0.669,NA,24.825,0,NA,55,200,1,10,"NA",79,0,0,0,0,0,0,0,5.063,1.266,7.595,0,0,0,0,0,8.861,0,3.797,2.532,15.19,0,0,0,0,0,0,0,0,0,0,0,18.987,0,0,0,0,11.392,0,0,1.266,0,2.532,0,0,0,0,0,0,13.924,0,0,0,0,6.329,0,0,1.266,0,0,0,0,0,0,0,0,0,0,0,0,0,0,0,0,0,0,0,0,0,0,0,0,0,0,0,0,0,0,0,0,0,0,0,0,0,0,0,0,0,0,0,0,0,0,0,0,0,0,0,0,0,0,NA,NA,NA,NA,NA,NA,NA,NA,NA,NA,NA,NA,NA,NA,NA,NA,NA,NA,NA,NA,NA,NA,NA,NA,NA,NA,NA,NA,NA,NA,NA,NA,1.266,18.987,0,1.266,0,"2024a","JL2RH6",19.5853125
14,"Finland",10,10,1995-03-19,199503,14320,"Finnish Social Democrats","SSDP",30,"NA",209,1,1997,0.669,NA,28.251,0,NA,63,200,1,10,"NA",51,0,0,0,0,0,0,0,1.961,1.961,0,0,0,0,0,0,0,0,1.961,0,1.961,1.961,0,0,0,0,0,0,7.843,0,5.882,0,0,0,5.882,0,1.961,5.882,1.961,31.373,7.843,0,9.804,0,0,0,0,0,0,3.922,0,0,7.843,0,0,0,0,0,0,0,0,0,0,0,0,0,0,0,0,0,0,0,0,0,0,0,0,0,0,0,0,0,0,0,0,0,0,0,0,0,0,0,0,0,0,0,0,0,0,0,0,0,0,0,0,0,0,0,0,0,0,0,NA,NA,NA,NA,NA,NA,NA,NA,NA,NA,NA,NA,NA,NA,NA,NA,NA,NA,NA,NA,NA,NA,NA,NA,NA,NA,NA,NA,NA,NA,NA,NA,-13.725,0,7.843,39.216,0,"2024a","S7ZK2I",23.0029375
14,"Finland",10,10,1995-03-19,199503,14620,"National Coalition","KK",60,"NA",209,1,1997,0.669,NA,17.894,0,NA,39,200,1,10,"NA",171,1.754,0,0,0,0,0,0.585,0.585,2.339,0,0,1.754,0,0,0,0,0,4.094,0,9.357,3.509,4.678,1.17,0,0.585,0,1.17,14.62,0,3.509,4.094,0,0,1.754,0,0.585,3.509,3.509,12.865,4.678,5.263,6.433,1.17,1.17,0,0,0,0.585,0,0,0,1.17,0,2.924,0,0,0.585,0,0,0,0,0,0,0,0,0,0,0,0,0,0,0,0,0,0,0,0,0,0,0,0,0,0,0,0,0,0,0,0,0,0,0,0,0,0,0,0,0,0,0,0,0,0,0,0,0,0,0,0,0,0,NA,NA,NA,NA,NA,NA,NA,NA,NA,NA,NA,NA,NA,NA,NA,NA,NA,NA,NA,NA,NA,NA,NA,NA,NA,NA,NA,NA,NA,NA,NA,NA,14.62,1.17,5.263,17.544,0.585,"2024a","BCBZRZ",18.9986875
14,"Finland",10,10,1995-03-19,199503,14810,"Finnish Centre","SK",80,"NA",209,1,1997,0.669,NA,19.85,0,NA,44,200,1,10,"NA",41,4.878,0,0,0,2.439,0,0,2.439,7.317,2.439,0,0,0,0,0,0,0,0,0,0,12.195,4.878,0,0,0,0,0,9.756,0,4.878,0,0,0,0,0,0,21.951,0,4.878,4.878,9.756,0,0,4.878,0,0,0,0,0,0,0,0,0,2.439,0,0,0,0,0,0,0,0,0,0,0,0,0,0,0,0,0,0,0,0,0,0,0,0,0,0,0,0,0,0,0,0,0,0,0,0,0,0,0,0,0,0,0,0,0,0,0,0,0,0,0,0,0,0,0,0,0,NA,NA,NA,NA,NA,NA,NA,NA,NA,NA,NA,NA,NA,NA,NA,NA,NA,NA,NA,NA,NA,NA,NA,NA,NA,NA,NA,NA,NA,NA,NA,NA,26.829,0,12.195,9.756,0,"2024a","9W2G9O",19.5853125
14,"Finland",10,10,1999-03-21,199903,14320,"Finnish Social Democrats","SSDP",30,"NA",209,1,2000,0.669,NA,22.86,0,NA,51,200,1,20,"NA",73,2.74,0,0,0,0,0,1.37,2.74,0,0,0,0,0,0,0,0,0,0,0,20.548,0,1.37,0,0,0,0,0,13.699,0,2.74,2.74,0,0,6.849,0,0,2.74,0,8.219,13.699,0,5.479,0,0,0,0,0,0,1.37,5.479,0,8.219,0,0,0,0,0,0,0,0,0,0,0,0,0,0,0,0,0,0,0,0,0,0,0,0,0,0,0,0,0,0,0,0,0,0,0,0,0,0,0,0,0,0,0,0,0,0,0,0,0,0,0,0,0,0,0,0,0,0,0,NA,NA,NA,NA,NA,NA,NA,NA,NA,NA,NA,NA,NA,NA,NA,NA,NA,NA,NA,NA,NA,NA,NA,NA,NA,NA,NA,NA,NA,NA,NA,NA,-1.37,0,6.849,21.918,1.37,"2024a","O49ZSG",23.0029375
14,"Finland",10,10,1999-03-21,199903,14620,"National Coalition","KK",60,"NA",209,1,2000,0.669,NA,21.03,0,NA,46,200,1,20,"NA",112,2.679,0,0,0,0,0,0,1.786,3.571,0,0,1.786,1.786,0,0,0,0,0,0,0.893,11.607,3.571,0,0,0,0,0,8.036,0,0,0,0,0,2.679,0,0,1.786,0,5.357,2.679,0,8.929,0,4.464,0,12.5,0,8.929,0,0,0,1.786,0,5.357,0,0.893,8.929,0,0,0,0,0,0,0,0,0,0,0,0,0,0,0,0,0,0,0,0,0,0,0,0,0,0,0,0,0,0,0,0,0,0,0,0,0,0,0,0,0,0,0,0,0,0,0,0,0,0,0,0,0,0,NA,NA,NA,NA,NA,NA,NA,NA,NA,NA,NA,NA,NA,NA,NA,NA,NA,NA,NA,NA,NA,NA,NA,NA,NA,NA,NA,NA,NA,NA,NA,NA,29.464,0,14.286,8.036,0,"2024a","9M8OP9",18.9986875
14,"Finland",10,10,1999-03-21,199903,14810,"Finnish Centre","SK",80,"NA",209,1,2000,0.669,NA,22.399,0,NA,48,200,1,20,"NA",286,1.399,6.294,0,0,2.448,1.049,1.399,4.895,5.245,0.35,0,0.699,1.399,0,0,8.042,0,2.797,0.699,6.643,2.098,7.343,0.35,0.35,2.098,1.399,0,3.147,0,1.049,3.147,0,0,0,0,6.643,4.196,0,5.594,9.441,0,0.699,0,0,0,0,0,1.049,0.699,0.35,0,1.049,0,3.846,0,0,2.098,0,0,0,0,0,0,0,0,0,0,0,0,0,0,0,0,0,0,0,0,0,0,0,0,0,0,0,0,0,0,0,0,0,0,0,0,0,0,0,0,0,0,0,0,0,0,0,0,0,0,0,0,0,0,NA,NA,NA,NA,NA,NA,NA,NA,NA,NA,NA,NA,NA,NA,NA,NA,NA,NA,NA,NA,NA,NA,NA,NA,NA,NA,NA,NA,NA,NA,NA,NA,-1.049,0.699,2.098,15.035,2.448,"2024a","9E7IN4",19.5853125
14,"Finland",10,10,2003-03-16,200303,14320,"Finnish Social Democrats","SSDP",30,"NA",210,1,2003,0.721,NA,24.473,0,NA,53,200,1,20,"NA",194,0,0,0,0,0.515,0.515,0,1.546,1.031,1.031,1.031,0,0.515,0,0,7.216,1.031,2.062,0,1.031,0.515,2.577,0.515,6.701,1.031,0,0,4.639,0,1.031,2.577,0,0,2.062,0,0,4.639,6.186,6.701,15.464,0,5.67,0,1.031,0,1.031,0,5.155,0.515,0,0,8.247,0,0,0,0.515,5.67,0,0,0,0,0,0,0,0,0,0,0,0,0,0,0,0,0,0,0,0,0,0,0,0,0,0,0,0,0,0,0,0,0,0,0,0,0,0,0,0,0,0,0,0,0,0,0,0,0,0,0,0,0,0,NA,NA,NA,NA,NA,NA,NA,NA,NA,NA,NA,NA,NA,NA,NA,NA,NA,NA,NA,NA,NA,NA,NA,NA,NA,NA,NA,NA,NA,NA,NA,NA,-24.742,7.216,2.577,22.165,0.515,"2024a","O557TP",23.0029375
14,"Finland",10,10,2003-03-16,200303,14620,"National Coalition","KK",60,"NA",210,1,2003,0.721,NA,18.551,0,NA,40,200,1,20,"NA",205,0,0,0,0,0,0,0,0,0,0,0,0,0,0,0,0.488,0,0,0,0.488,0.488,27.317,0,0,0,0,0,3.415,0,2.439,1.463,0.976,0,11.707,0,0,5.366,0,0,22.927,0,13.659,0,0.976,0,1.463,0,4.878,0,0,0,0,0,0,0,0,1.951,0,0,0,0,0,0,0,0,0,0,0,0,0,0,0,0,0,0,0,0,0,0,0,0,0,0,0,0,0,0,0,0,0,0,0,0,0,0,0,0,0,0,0,0,0,0,0,0,0,0,0,0,0,0,NA,NA,NA,NA,NA,NA,NA,NA,NA,NA,NA,NA,NA,NA,NA,NA,NA,NA,NA,NA,NA,NA,NA,NA,NA,NA,NA,NA,NA,NA,NA,NA,9.756,0.976,12.195,22.927,0,"2024a","1NE4ZI",18.9986875
14,"Finland",10,10,2003-03-16,200303,14810,"Finnish Centre","SK",80,"NA",210,1,2003,0.721,NA,24.694,0,NA,55,200,1,20,"NA",550,0.364,0,0,0,0,0,0,0.182,0.545,0.182,0.182,0,0.364,0,0,12.909,0,1.455,0,16.364,4.364,3.455,7.455,0,0,0,0,5.273,0,0.182,0.909,0,0.909,0,0,0,7.455,0,6,19.818,0,1.636,0,0,0,0.364,0,0,0.364,0,0,2.182,0,4.545,0,0,2.545,0,0,0,0,0,0,0,0,0,0,0,0,0,0,0,0,0,0,0,0,0,0,0,0,0,0,0,0,0,0,0,0,0,0,0,0,0,0,0,0,0,0,0,0,0,0,0,0,0,0,0,0,0,0,NA,NA,NA,NA,NA,NA,NA,NA,NA,NA,NA,NA,NA,NA,NA,NA,NA,NA,NA,NA,NA,NA,NA,NA,NA,NA,NA,NA,NA,NA,NA,NA,-7.636,7.455,4.364,25.818,0,"2024a","7GFWIY",19.5853125
14,"Finland",10,10,2007-03-18,200703,14320,"Finnish Social Democrats","SSDP",30,"NA",289,4,2011,0.762,0.629,21.44,0,NA,45,200,1,50,"2024-1",398,0,1.256,0,0,1.005,0,0,5.276,1.508,0.251,0,1.256,1.508,0,0,0.503,0,0.251,0,2.01,0,1.005,1.508,0.251,0.251,0,0.251,2.261,0.251,3.015,11.307,0,0,0.754,0,1.005,4.523,2.261,5.025,18.342,0.251,6.03,0,0,0,0,0,3.015,3.769,0.754,0.754,16.834,0,0,0,1.256,0.503,0,0,0,0,0,0,0,0,0,0,0,0,0,0,0,0,0,0,0,0,0,0,0,0,0,0,0,0,0,0,0,0,0,0,0,0,0,0,0,0,0,0,0,0,0,0,0,0,0,0,0,0,0,0,NA,NA,NA,NA,NA,NA,NA,NA,NA,NA,NA,NA,NA,NA,NA,NA,NA,NA,NA,NA,NA,NA,NA,NA,NA,NA,NA,NA,NA,NA,NA,NA,-36.432,1.759,0.754,23.367,0,"2024a","GRTT8O",23.0029375
14,"Finland",10,10,2007-03-18,200703,14620,"National Coalition","KK",60,"NA",289,4,2011,0.762,0.629,22.26,0,NA,50,200,1,50,"2024-1",180,0,0,0,0,1.667,0.556,0,0.556,2.778,0,0,0,1.111,0,0,0,0,0,0,2.222,1.111,5,0.556,0,0.556,0,0,3.333,0,0,2.222,0,0,0,0,1.111,6.667,0,6.667,22.222,5.556,5.556,2.222,2.778,0,0,1.667,2.222,2.778,2.222,0.556,13.333,0,2.778,0,0,0,0,0,0,0,0,0,0,0,0,0,0,0,0,0,0,0,0,0,0,0,0,0,0,0,0,0,0,0,0,0,0,0,0,0,0,0,0,0,0,0,0,0,0,0,0,0,0,0,0,0,0,0,0,0,NA,NA,NA,NA,NA,NA,NA,NA,NA,NA,NA,NA,NA,NA,NA,NA,NA,NA,NA,NA,NA,NA,NA,NA,NA,NA,NA,NA,NA,NA,NA,NA,-20.556,0.556,1.111,28.889,0.556,"2024a","5PZ5C6",18.9986875
14,"Finland",10,10,2007-03-18,200703,14810,"Finnish Centre","SK",80,"NA",289,4,2011,0.762,0.629,23.11,0,NA,51,200,1,50,"2024-1",782,1.535,0,0,0,2.174,0.384,0.384,2.813,3.069,0,0.256,1.535,1.151,0,0,1.407,0,1.662,0,1.279,0,4.731,2.174,0.384,0.767,0.384,1.151,2.046,0.128,4.987,12.788,0,0,0.128,0,1.151,4.476,1.407,5.882,13.939,1.535,4.859,0.512,0.128,0,1.535,0.256,2.046,2.685,0.256,0.128,7.545,0,4.092,0,0,0.256,0,0,0,0,0,0,0,0,0,0,0,0,0,0,0,0,0,0,0,0,0,0,0,0,0,0,0,0,0,0,0,0,0,0,0,0,0,0,0,0,0,0,0,0,0,0,0,0,0,0,0,0,0,0,NA,NA,NA,NA,NA,NA,NA,NA,NA,NA,NA,NA,NA,NA,NA,NA,NA,NA,NA,NA,NA,NA,NA,NA,NA,NA,NA,NA,NA,NA,NA,NA,-15.09,2.558,0.128,19.821,0.767,"2024a","LK1V6M",19.5853125
14,"Finland",10,10,2011-04-17,201104,14320,"Finnish Social Democrats","SSDP",30,"NA",289,4,2012,0.9,0.727,19.103,0,NA,42,200,1,61,"2024-1",571,0.876,0,0,0,0,0,0,0.175,0,0,0,0,0.35,0,0,1.051,0,6.655,0,0.701,0,3.678,1.751,3.327,2.627,0.701,0.35,8.932,0.175,8.757,10.508,0,0.701,11.033,0,2.802,0.701,0.35,3.853,3.152,0.35,2.277,0,0,0,0,0,0,0.35,1.226,0,15.412,0,3.152,0,0,4.028,0,0,0,0,0,0,0,0,0,0,0,0,0,0,0,0,0,0,0,0,0,0,0,0,0,0,0,0,0,0,0,0,0,0,0,0,0,0,0,0,0,0,0,0,0,0,0,0,0,0,0,0,0,0,NA,NA,NA,NA,NA,NA,NA,NA,NA,NA,NA,NA,NA,NA,NA,NA,NA,NA,NA,NA,NA,NA,NA,NA,NA,NA,NA,NA,NA,NA,NA,NA,-11.384,5.079,11.033,7.005,0,"2024a","Y92HGR",23.0029375
14,"Finland",10,10,2011-04-17,201104,14620,"National Coalition","KK",60,"NA",289,4,2012,0.9,0.727,20.382,0,NA,44,200,1,61,"2024-1",400,10.5,0.75,0,0,0,0,0.25,3.75,1.25,0,0,0.5,0.5,0,0,0,0.5,2.25,0,6.25,1.5,0.75,1.5,0.25,0,0,0,1,0.5,2,1.5,0,0,10.5,0,1,5.25,0,2,10,0,2.25,0,0.25,0,0.25,0,1.75,19.25,2.25,0.25,8.75,0,0.75,0,0,0,0,0,0,0,0,0,0,0,0,0,0,0,0,0,0,0,0,0,0,0,0,0,0,0,0,0,0,0,0,0,0,0,0,0,0,0,0,0,0,0,0,0,0,0,0,0,0,0,0,0,0,0,0,0,NA,NA,NA,NA,NA,NA,NA,NA,NA,NA,NA,NA,NA,NA,NA,NA,NA,NA,NA,NA,NA,NA,NA,NA,NA,NA,NA,NA,NA,NA,NA,NA,13.75,1.75,12,12,0.25,"2024a","GZBKA5",18.9986875
14,"Finland",10,10,2011-04-17,201104,14810,"Finnish Centre","SK",80,"NA",289,4,2012,0.9,0.727,15.76,0,NA,35,200,1,61,"2024-1",1056,1.326,0.852,0,0,0.758,0,0.189,3.125,0.947,0,0,0.379,4.924,0,0,1.136,0.663,5.019,0,1.231,1.326,2.462,2.083,0.284,0,0.095,0.095,1.326,0.758,2.462,4.735,0,0.663,1.705,0,2.557,2.936,4.64,3.788,10.985,2.652,10.417,0.095,0.284,0,6.818,0.189,0.284,3.22,0.758,1.042,4.83,0,3.788,0,0.379,1.799,0,0,0,0,0,0,0,0,0,0,0,0,0,0,0,0,0,0,0,0,0,0,0,0,0,0,0,0,0,0,0,0,0,0,0,0,0,0,0,0,0,0,0,0,0,0,0,0,0,0,0,0,0,0,NA,NA,NA,NA,NA,NA,NA,NA,NA,NA,NA,NA,NA,NA,NA,NA,NA,NA,NA,NA,NA,NA,NA,NA,NA,NA,NA,NA,NA,NA,NA,NA,-16.383,2.367,3.03,14.773,0.189,"2024a","88GB1Q",19.5853125
14,"Finland",10,10,2015-04-19,201504,14320,"Finnish Social Democrats","SSDP",30,"NA",289,5,2019,0.849,0.735,16.51,0,NA,34,200,1,141,"2024-1",248,0,0,0,0,3.226,0,0.806,0.806,2.419,0,0.403,0.403,0,0,0,1.21,0,1.613,0,0,0,4.032,1.21,0.806,0,0.403,0,0,2.823,5.242,7.661,0,0,1.21,0,1.21,3.226,2.016,10.484,17.742,0.806,6.048,0,0.806,0.403,0,0.403,1.613,3.226,0.806,0,14.516,0,0,0,0,2.419,0,0,0,0,0,0,0,0,0,0,0,0,0,0,0,0,0,0,0,0,0,0,0,0,0,0,0,0,0,0,0,0,0,0,0,0,0,0,0,0,0,0,0,0,0,0,0,0,0,0,0,0,0,0,0,0,0,0.403,0,0,0,0,0,0,0,0,0,0,0,1.21,0.806,0,0,0.403,1.613,0,3.226,0,0.403,0.403,0,0,0,0,0,0,-27.016,2.016,1.21,28.226,0.806,"2024a","7SRO5O",23.0029375
14,"Finland",10,10,2015-04-19,201504,14620,"National Coalition","KK",60,"NA",289,5,2019,0.849,0.735,18.198,0,NA,37,200,1,141,"2024-1",359,0.557,0.836,0.557,0,6.128,0,0,2.507,1.95,0,0,1.393,0.557,0,0,0.279,0,6.407,0,0,0,5.571,1.671,0,0,0.836,0.557,0,0,2.507,11.421,0,0,6.128,0,1.114,8.078,0,1.114,8.914,0.836,13.37,0.557,0,0.557,0,0,3.064,0.836,0,0,9.192,1.671,0.836,0,0,0,0,0,0,0,0,0,0,0,0,0,0,0,0,0,0,0,0,0,0,0,0,0,0,0,0,0,0,0,0,0,0,0,0,0,0,0,0,0,0,0,0,0,0,0,0,0,0,0,0,0,0,0,0,0,0,0,0.836,0.557,0.557,0,0,0,0,0,0,0,0,0,0,1.114,0,0,0,0.557,3.064,0,0.836,0,0,0,0,0,0,0,0.836,0,-12.535,1.671,6.128,10.028,0.557,"2024a","MUJ9BU",18.9986875
14,"Finland",10,10,2015-04-19,201504,14810,"Finnish Centre","SK",80,"NA",289,5,2019,0.849,0.735,21.096,0,NA,49,200,1,141,"2024-1",230,0,0,0,0,2.174,0.435,0.87,2.609,1.739,0,1.304,2.609,0.87,0,0,4.783,0.435,6.087,0,0,0.87,7.391,0.87,0.435,0,0.87,0,0,0,2.174,7.826,0,0.435,2.609,0,0,5.217,1.304,2.609,12.609,2.174,6.522,0.87,0,0.435,2.609,0,1.304,6.522,0,0,6.087,0.435,0.435,0,0,3.478,0,0,0,0,0,0,0,0,0,0,0,0,0,0,0,0,0,0,0,0,0,0,0,0,0,0,0,0,0,0,0,0,0,0,0,0,0,0,0,0,0,0,0,0,0,0,0,0,0,0,0,0,0,0,0,0,2.174,0.435,0.435,0,0,0.435,0,0,0,0,0,0,0,0,0,0,0,0.435,1.304,0,6.522,0,0,0,0,0,0,0,0.435,0,-4.348,1.304,3.478,15.217,1.304,"2024a","GPYLII",19.5853125
14,"Finland",10,10,2019-04-14,201904,14320,"Finnish Social Democrats","SSDP",30,"NA",289,5,2020,0.849,0.735,17.732,0,NA,40,200,1,150,"2024-1",3024,0,0.496,0,0,1.389,0.364,0.198,3.406,1.554,0,0.265,3.009,1.29,0.033,0,1.455,0.033,1.62,0,0.43,0.132,2.348,3.604,0.893,0.397,0.595,0.132,0,0.198,1.753,9.358,0,0.265,0.794,0,3.472,12.136,2.05,8.366,9.722,0.86,8.929,0,0.827,1.058,0.827,0.231,2.315,1.918,0.628,0.761,9.16,0,0.066,0,0,0.661,0,0,0,0,0,0,0,0,0,0,0,0,0,0,0,0,0,0,0,0,0,0,0,0,0,0,0,0,0,0,0,0,0,0,0,0,0,0,0,0,0,0,0,0,0,0,0,0,0,0,0,0,0,0,0,0,0.231,2.778,1.257,0,0,0.033,0.43,0,0,0,0,0,0.033,3.439,0.364,0.463,0,1.058,2.315,0,1.918,0,0.331,0,0.298,0.033,0.728,0,0.066,0,-23.413,4.497,0.926,18.089,0.562,"2024a","64HXBG",23.0029375
14,"Finland",10,10,2019-04-14,201904,14620,"National Coalition","KK",60,"NA",289,5,2020,0.849,0.735,17.001,0,NA,38,200,1,150,"2024-1",250,0,0,0,0,3.6,0,0,1.6,0.4,0,0,4.4,0.8,0,0,2,0,2.8,0,0.4,2,4,2.4,0.8,0,0.4,0.8,0,0,0.8,6,0,0,3.2,0,1.6,10.8,2,6.8,5.6,1.6,12.8,0.8,5.6,0.8,0,0.4,4,2.8,0,0.4,6.8,0,0.4,0,0,0.4,0,0,0,0,0,0,0,0,0,0,0,0,0,0,0,0,0,0,0,0,0,0,0,0,0,0,0,0,0,0,0,0,0,0,0,0,0,0,0,0,0,0,0,0,0,0,0,0,0,0,0,0,0,0,0,0,4.4,0,0.8,0,0,0,0.4,0,0,0,0,0,0,1.6,5.2,0.4,0,0.8,4,0,2.8,0,0,0,0,0,0.4,0,0.4,0,1.2,3.2,5.2,12.4,0,"2024a","7YGVBV",18.9986875
14,"Finland",10,10,2019-04-14,201904,14810,"Finnish Centre","SK",80,"NA",289,5,2020,0.849,0.735,13.755,0,NA,31,200,1,150,"2024-1",498,0.402,0.402,0,0,3.614,0,0.803,4.618,2.41,0.602,1.205,1.807,2.209,0,0,1.807,0,1.205,0,0.402,0.402,1.205,2.209,0.201,0,2.008,0,0.201,0.402,0.602,6.426,0,0,0.803,0,1.205,9.639,2.008,6.225,13.253,0.803,9.036,0,2.209,0.602,1.606,0.201,2.008,4.016,0,1.205,6.225,0,2.008,0,0,1.807,0,0,0,0,0,0,0,0,0,0,0,0,0,0,0,0,0,0,0,0,0,0,0,0,0,0,0,0,0,0,0,0,0,0,0,0,0,0,0,0,0,0,0,0,0,0,0,0,0,0,0,0,0,0,0,0,1.004,0.803,2.209,0,0,0,0.402,0,0,0,0,0,0,1.205,1.406,0.803,0,0.602,2.008,0,4.016,0,0,0,0,0,1.205,0,2.008,0,-21.687,2.41,1.205,19.478,0.803,"2024a","KN2FK5",19.5853125
22,"Netherlands",10,10,1963-05-15,196305,22320,"Labour Party","PvdA",30,"NA",113,0,1982,NA,NA,28.011,0,NA,43,150,1,10,"NA",179,16.3,1.1,0.6,1.1,3.4,0,6.7,6.2,2.3,0,0,2.3,3.9,0.6,0,1.1,0,1.7,0,0,0.6,0.6,1.7,1.1,0,0,0,1.1,0,1.1,6.2,1.7,1.1,0.6,0,0,0.6,3.4,8.4,12.4,0,3.4,0,0.6,0,0,0,0,1.7,1.1,1.1,1.7,0,0.6,0,0,2.3,0,0,0,0,0,0,0,0,0,0,0,0,0,0,0,0,0,0,0,0,0,0,0,0,0,0,0,0,0,0,0,0,0,0,0,0,0,0,0,0,0,0,0,0,0,0,0,0,0,0,0,0,0,0,NA,NA,NA,NA,NA,NA,NA,NA,NA,NA,NA,NA,NA,NA,NA,NA,NA,NA,NA,NA,NA,NA,NA,NA,NA,NA,NA,NA,NA,NA,NA,NA,-30.6,4.5,1.2,20.8,7.3,"2024a","NXU2R6",24.0892022769456
22,"Netherlands",10,10,1963-05-15,196305,22420,"People’s Party for Freedom and Democracy","VVD",40,"NA",113,0,1982,NA,NA,10.287,0,NA,16,150,1,10,"NA",506,16.4,1.4,0,0.2,4.1,0.4,0.4,2,2.6,0,0,1.6,2.6,0.4,0,3.9,0,0.2,0,0,10.7,5.1,2.8,0.6,1.6,0,0.4,0.4,2.4,0,3.6,1,0.2,3.9,0,0,1.6,4.9,4.7,5.7,0,1.4,0,0,0,0,0.2,0.6,0.6,2.2,1,0.4,0,3.9,0.6,0,3.4,0,0,0,0,0,0,0,0,0,0,0,0,0,0,0,0,0,0,0,0,0,0,0,0,0,0,0,0,0,0,0,0,0,0,0,0,0,0,0,0,0,0,0,0,0,0,0,0,0,0,0,0,0,0,NA,NA,NA,NA,NA,NA,NA,NA,NA,NA,NA,NA,NA,NA,NA,NA,NA,NA,NA,NA,NA,NA,NA,NA,NA,NA,NA,NA,NA,NA,NA,NA,9.7,4.4,14.6,10.4,0.8,"2024a","VJ8CJ4",17.7243702083333
22,"Netherlands",10,10,1963-05-15,196305,22522,"Catholic People’s Party","KVP",50,"NA",113,0,1982,NA,NA,31.882,0,NA,50,150,1,10,"NA",114,5.3,0.9,0,0.9,3.5,0,0.9,6.1,3.5,0,0,0.9,1.8,0,0,0,0,0,0,0,7,2.6,0,0.9,1.8,0,0,2.6,1.8,0.9,4.4,0,0,4.4,0,0,0,7,6.1,20.2,0,3.5,0,0,0,2.6,0,0,2.6,1.8,0,2.6,0,0.9,1.8,0,0.9,0,0,0,0,0,0,0,0,0,0,0,0,0,0,0,0,0,0,0,0,0,0,0,0,0,0,0,0,0,0,0,0,0,0,0,0,0,0,0,0,0,0,0,0,0,0,0,0,0,0,0,0,0,0,NA,NA,NA,NA,NA,NA,NA,NA,NA,NA,NA,NA,NA,NA,NA,NA,NA,NA,NA,NA,NA,NA,NA,NA,NA,NA,NA,NA,NA,NA,NA,NA,-13.3,0.9,11.4,26.3,0.9,"2024a","GF7R5X",24.46925
22,"Netherlands",10,10,1967-02-15,196702,22320,"Labour Party","PvdA",30,"NA",113,0,1982,NA,NA,23.555,0,NA,37,150,1,10,"NA",114,8.8,0,2.6,0.9,2.6,3.5,6.1,2.6,1.8,0,0,7,8.8,0.9,0,0,0,1.8,0,0,0.9,2.6,0.9,2.6,0.9,0,0,1.8,0.9,0.9,4.4,5.3,2.6,0.9,0,0,2.6,2.6,12.3,3.5,0,0.9,0,0,0,0,1.8,0,0,0,0,1.8,0,0,0,0,2.6,0,0,0,0,0,0,0,0,0,0,0,0,0,0,0,0,0,0,0,0,0,0,0,0,0,0,0,0,0,0,0,0,0,0,0,0,0,0,0,0,0,0,0,0,0,0,0,0,0,0,0,0,0,0,NA,NA,NA,NA,NA,NA,NA,NA,NA,NA,NA,NA,NA,NA,NA,NA,NA,NA,NA,NA,NA,NA,NA,NA,NA,NA,NA,NA,NA,NA,NA,NA,-24.6,8.8,1.8,15.8,12.2,"2024a","A9CKLR",24.0892022769456
22,"Netherlands",10,10,1967-02-15,196702,22420,"People’s Party for Freedom and Democracy","VVD",40,"NA",113,0,1982,NA,NA,10.733,0,NA,17,150,1,10,"NA",557,13.8,1.4,0.4,0,1.8,0.2,1.3,3.8,2.2,0,0.5,3.4,3.9,3.2,0,0.2,0,3.2,0,0.2,8.3,4.7,1.1,1.3,0.7,0,0.9,1.4,1.1,0.4,3.1,1.3,0.2,4.5,0,0,0.9,5.8,2.9,3.6,1.8,1.8,0.7,0.2,0,0,1.1,0.9,1.1,0.9,1.1,2.2,0,3.1,1.8,0,2.2,0,0,0,0,0,0,0,0,0,0,0,0,0,0,0,0,0,0,0,0,0,0,0,0,0,0,0,0,0,0,0,0,0,0,0,0,0,0,0,0,0,0,0,0,0,0,0,0,0,0,0,0,0,0,NA,NA,NA,NA,NA,NA,NA,NA,NA,NA,NA,NA,NA,NA,NA,NA,NA,NA,NA,NA,NA,NA,NA,NA,NA,NA,NA,NA,NA,NA,NA,NA,10.3,3.7,12.8,6.5,1.9,"2024a","EWMDA1",17.7243702083333
22,"Netherlands",10,10,1967-02-15,196702,22522,"Catholic People’s Party","KVP",50,"NA",113,0,1982,NA,NA,26.503,0,NA,42,150,1,10,"NA",155,7.1,0,0,0,1.3,0.6,4.5,3.2,1.9,0,0,3.2,5.2,0.6,0,0,0,2.6,0,0,10.3,2.6,0.6,1.9,0,0,0,5.2,1.9,0,4.5,0,0,5.8,0,0,0.6,4.5,3.2,5.8,0,3.2,0,0,0,5.2,0,0.6,3.9,2.6,0,1.3,0,0.6,0,0,5.2,0,0,0,0,0,0,0,0,0,0,0,0,0,0,0,0,0,0,0,0,0,0,0,0,0,0,0,0,0,0,0,0,0,0,0,0,0,0,0,0,0,0,0,0,0,0,0,0,0,0,0,0,0,0,NA,NA,NA,NA,NA,NA,NA,NA,NA,NA,NA,NA,NA,NA,NA,NA,NA,NA,NA,NA,NA,NA,NA,NA,NA,NA,NA,NA,NA,NA,NA,NA,7.2,2.5,16.1,9,5.1,"2024a","F7PRS5",24.46925
22,"Netherlands",10,10,1971-04-28,197104,22320,"Labour Party","PvdA",30,"NA",113,0,1982,NA,NA,24.6,0,NA,39,150,1,10,"NA",434,4.6,0.5,2.1,0.7,0.7,0.9,3,4.1,0.7,0,0,5.3,14.5,0.2,0,0,0,2.5,0,0,0.5,1.4,2.1,1.2,0,0,0,1.4,0,0.2,3.7,1.2,1.4,0,0,0,4.1,5.3,7.8,10.6,0,8.1,0,0,0,0,2.1,0,0.2,0,0.2,0.2,0,0.5,0.2,2.1,5.8,0,0,0,0,0,0,0,0,0,0,0,0,0,0,0,0,0,0,0,0,0,0,0,0,0,0,0,0,0,0,0,0,0,0,0,0,0,0,0,0,0,0,0,0,0,0,0,0,0,0,0,0,0,0,NA,NA,NA,NA,NA,NA,NA,NA,NA,NA,NA,NA,NA,NA,NA,NA,NA,NA,NA,NA,NA,NA,NA,NA,NA,NA,NA,NA,NA,NA,NA,NA,-39.7,4.5,0.5,18.4,6,"2024a","9ANSIU",24.0892022769456
22,"Netherlands",10,10,1971-04-28,197104,22420,"People’s Party for Freedom and Democracy","VVD",40,"NA",113,0,1982,NA,NA,10.341,0,NA,16,150,1,10,"NA",1156,6.8,0.9,0.1,0.3,1.9,0,0.6,3.6,1.1,0,0,3.5,8.4,3.1,0,1,0,5.3,0,0.4,5.2,3.6,1.8,0.6,0,0,0,1.4,0.1,1.1,6.4,0.4,0,4.2,0,0,3.2,6,3.8,4.1,0.2,6.1,0,0.1,0,0.3,3.1,1.2,0.8,0.4,0,0.4,0,0.9,2,0.2,5.7,0,0,0,0,0,0,0,0,0,0,0,0,0,0,0,0,0,0,0,0,0,0,0,0,0,0,0,0,0,0,0,0,0,0,0,0,0,0,0,0,0,0,0,0,0,0,0,0,0,0,0,0,0,0,NA,NA,NA,NA,NA,NA,NA,NA,NA,NA,NA,NA,NA,NA,NA,NA,NA,NA,NA,NA,NA,NA,NA,NA,NA,NA,NA,NA,NA,NA,NA,NA,-1.8,2.8,9.4,7.9,0.7,"2024a","3TK1I2",17.7243702083333
22,"Netherlands",10,10,1971-04-28,197104,22522,"Catholic People’s Party","KVP",50,"NA",113,0,1982,NA,NA,21.837,0,NA,35,150,1,10,"NA",367,6.5,0.5,0.5,0.3,2.2,0,1.6,4.4,0.8,0,0,3.5,10.6,0.8,0,0.8,0.5,6,0,0,0.8,2.2,3.5,4.4,0,0.3,0.3,1.4,1.4,0,5.2,0.8,0,2.2,0,0,2.2,3.8,4.6,6.3,0,6.5,0,0,0,0.8,1.1,1.1,0,1.9,0,1.4,0,1.6,0.8,0.3,6,0,0,0,0,0,0,0,0,0,0,0,0,0,0,0,0,0,0,0,0,0,0,0,0,0,0,0,0,0,0,0,0,0,0,0,0,0,0,0,0,0,0,0,0,0,0,0,0,0,0,0,0,0,0,NA,NA,NA,NA,NA,NA,NA,NA,NA,NA,NA,NA,NA,NA,NA,NA,NA,NA,NA,NA,NA,NA,NA,NA,NA,NA,NA,NA,NA,NA,NA,NA,-26.2,8.7,3,10.9,2.1,"2024a","USSY59",24.46925
22,"Netherlands",10,10,1972-11-29,197211,22320,"Labour Party","PvdA",30,"NA",113,0,1982,NA,NA,27.339,0,NA,43,150,2,10,"NA",774,3.9,0.4,0.8,0.3,0,1.5,3,6.7,0.9,0,0,3.1,10.5,0.1,0,1.3,0,3.2,0,0.5,0,1.3,3.6,1.7,0.3,0,0,0.5,0.3,0,4.4,3.8,0.6,0.5,0,0,9.2,3.1,9.3,13.3,0,5,0,0,0,0,1.8,0.4,0.1,0,0,0.5,0,0.3,0.6,0.3,3,0,0,0,0,0,0,0,0,0,0,0,0,0,0,0,0,0,0,0,0,0,0,0,0,0,0,0,0,0,0,0,0,0,0,0,0,0,0,0,0,0,0,0,0,0,0,0,0,0,0,0,0,0,0,NA,NA,NA,NA,NA,NA,NA,NA,NA,NA,NA,NA,NA,NA,NA,NA,NA,NA,NA,NA,NA,NA,NA,NA,NA,NA,NA,NA,NA,NA,NA,NA,-44.5,9.1,0.5,22.6,5.3,"2024a","9UL7F7",24.0892022769456
22,"Netherlands",10,10,1972-11-29,197211,22420,"People’s Party for Freedom and Democracy","VVD",40,"NA",113,0,1982,NA,NA,14.449,0,NA,22,150,1,10,"NA",61,13.1,0,0,0,3.3,0,0,1.6,1.6,0,0,3.3,0,1.6,0,0,0,3.3,0,0,14.8,1.6,0,0,0,0,0,3.3,3.3,4.9,0,0,0,8.2,0,0,3.3,0,1.6,8.2,1.6,6.6,0,0,0,0,0,3.3,0,0,0,0,0,0,4.9,0,6.6,0,0,0,0,0,0,0,0,0,0,0,0,0,0,0,0,0,0,0,0,0,0,0,0,0,0,0,0,0,0,0,0,0,0,0,0,0,0,0,0,0,0,0,0,0,0,0,0,0,0,0,0,0,0,NA,NA,NA,NA,NA,NA,NA,NA,NA,NA,NA,NA,NA,NA,NA,NA,NA,NA,NA,NA,NA,NA,NA,NA,NA,NA,NA,NA,NA,NA,NA,NA,21.3,0,23,9.8,0,"2024a","FRRY34",17.7243702083333
22,"Netherlands",10,10,1972-11-29,197211,22522,"Catholic People’s Party","KVP",50,"NA",113,0,1982,NA,NA,17.655,0,NA,27,150,2,10,"NA",229,2.6,0.4,0,0.9,0.9,0,1.3,3.9,1.3,0,0,3.1,7.4,2.2,0,1.8,0,1.8,0,0,0.4,2.2,2.2,2.2,0,0,0,0.4,0.9,0,3.1,1.8,0,4.8,0,0,7.9,5.7,6.6,14,0.4,3.5,0.9,0,0,5.2,0.9,3.1,1.3,0.9,0,0.4,0,0,0.9,0,3.1,0,0,0,0,0,0,0,0,0,0,0,0,0,0,0,0,0,0,0,0,0,0,0,0,0,0,0,0,0,0,0,0,0,0,0,0,0,0,0,0,0,0,0,0,0,0,0,0,0,0,0,0,0,0,NA,NA,NA,NA,NA,NA,NA,NA,NA,NA,NA,NA,NA,NA,NA,NA,NA,NA,NA,NA,NA,NA,NA,NA,NA,NA,NA,NA,NA,NA,NA,NA,-14,6.2,5.2,20.6,1.3,"2024a","DY79UF",24.46925
22,"Netherlands",10,10,1977-05-25,197705,22320,"Labour Party","PvdA",30,"NA",113,0,1982,NA,NA,33.829,0,NA,53,150,1,10,"NA",963,5.6,0,0.6,0.2,0,2,3,7.8,0.5,0,0,2.8,7.9,0,0,1,0.1,1.5,0.1,0.3,0,1.6,3.3,0.1,0,0,0,2.4,0,0,3.1,5.1,1.7,0.3,0,0,6.1,2.2,11.5,13.2,0,4.9,0,0,0,0,0.4,0.4,0,0.2,0,1.8,0,1.7,0.4,1.3,5,0,0,0,0,0,0,0,0,0,0,0,0,0,0,0,0,0,0,0,0,0,0,0,0,0,0,0,0,0,0,0,0,0,0,0,0,0,0,0,0,0,0,0,0,0,0,0,0,0,0,0,0,0,0,NA,NA,NA,NA,NA,NA,NA,NA,NA,NA,NA,NA,NA,NA,NA,NA,NA,NA,NA,NA,NA,NA,NA,NA,NA,NA,NA,NA,NA,NA,NA,NA,-45.6,8.5,0.3,24.7,5.6,"2024a","RD7UDC",24.0892022769456
22,"Netherlands",10,10,1977-05-25,197705,22420,"People’s Party for Freedom and Democracy","VVD",40,"NA",113,0,1982,NA,NA,17.946,0,NA,28,150,1,10,"NA",961,2.6,0.4,0.1,0,3.4,0,0.4,4.5,2,0,0,6,2,1.9,0,2.3,0.5,4.5,0,0.1,9.4,3.4,0.9,0.1,0.2,0,0,4.6,1,0.4,3.2,0,0,5.6,0,0,3.1,3.1,2.7,5,1.1,9.2,0.2,0,0,0.1,1.3,2.8,2.4,0.5,0,0.7,0,2.5,0.1,0.3,5.2,0,0,0,0,0,0,0,0,0,0,0,0,0,0,0,0,0,0,0,0,0,0,0,0,0,0,0,0,0,0,0,0,0,0,0,0,0,0,0,0,0,0,0,0,0,0,0,0,0,0,0,0,0,0,NA,NA,NA,NA,NA,NA,NA,NA,NA,NA,NA,NA,NA,NA,NA,NA,NA,NA,NA,NA,NA,NA,NA,NA,NA,NA,NA,NA,NA,NA,NA,NA,13.4,1,15,7.7,0.5,"2024a","XXT1NL",17.7243702083333
22,"Netherlands",10,10,1977-05-25,197705,22521,"Christian Democratic Appeal","CDA",50,"NA",113,0,1982,NA,NA,31.887,0,NA,49,150,1,10,"NA",746,10.9,0.3,0.1,0.5,1.9,0.1,2.4,4.2,3.5,0,0,1.5,2.8,0.5,0,1.9,0.1,2.6,0,0.9,1.3,3.2,3.8,1.1,1.2,0,0.1,3.6,1.7,0.1,4.2,0.9,0,1.6,0,0,5.8,2.6,3.3,6.2,1.1,6.4,0,0,0,2.3,0.3,1.7,1.9,2.4,0,1.2,0,0.9,0.3,1.1,5.5,0,0,0,0,0,0,0,0,0,0,0,0,0,0,0,0,0,0,0,0,0,0,0,0,0,0,0,0,0,0,0,0,0,0,0,0,0,0,0,0,0,0,0,0,0,0,0,0,0,0,0,0,0,0,NA,NA,NA,NA,NA,NA,NA,NA,NA,NA,NA,NA,NA,NA,NA,NA,NA,NA,NA,NA,NA,NA,NA,NA,NA,NA,NA,NA,NA,NA,NA,NA,-11.6,5.8,2.9,9.5,2.6,"2024a","UF5ET1",23.54822329471
22,"Netherlands",10,10,1981-05-26,198105,22320,"Labour Party","PvdA",30,"NA",113,0,1982,NA,NA,28.288,0,NA,44,150,1,10,"NA",1493,8.6,0.1,0.4,0.1,0.1,0.1,4.1,6.1,0.7,0,0.1,4.6,5.3,0.7,0,1.5,0,1.5,0,0,0,1,2.6,3.2,0.1,0,0,8.3,0.7,2,1,4,1.4,4,0,0,5.1,3.4,7.1,10.4,0,3,0,0,0,0,0.3,1.6,0,0.3,0,0.3,0,0.8,0.4,1.4,3.9,0,0,0,0,0,0,0,0,0,0,0,0,0,0,0,0,0,0,0,0,0,0,0,0,0,0,0,0,0,0,0,0,0,0,0,0,0,0,0,0,0,0,0,0,0,0,0,0,0,0,0,0,0,0,NA,NA,NA,NA,NA,NA,NA,NA,NA,NA,NA,NA,NA,NA,NA,NA,NA,NA,NA,NA,NA,NA,NA,NA,NA,NA,NA,NA,NA,NA,NA,NA,-28.6,9.8,4,17.5,4.6,"2024a","Q3IL73",24.0892022769456
22,"Netherlands",10,10,1981-05-26,198105,22420,"People’s Party for Freedom and Democracy","VVD",40,"NA",113,0,1982,NA,NA,17.321,0,NA,26,150,1,10,"NA",1308,6,0.3,0.3,0.3,2.6,0,0.7,5.9,2.2,0,0,5.4,2.5,0.2,0,2,0,5.1,0,0.7,6.5,2.9,1.1,0.2,0,0,0,2.8,0.2,2.2,5.1,0.3,0,5.7,0,0,4,2.9,3.4,5.1,0.7,4.7,0.2,0.9,0,0,0.6,1.8,1.5,0.7,0,0.5,0,4.1,0.3,1.5,6.2,0,0,0,0,0,0,0,0,0,0,0,0,0,0,0,0,0,0,0,0,0,0,0,0,0,0,0,0,0,0,0,0,0,0,0,0,0,0,0,0,0,0,0,0,0,0,0,0,0,0,0,0,0,0,NA,NA,NA,NA,NA,NA,NA,NA,NA,NA,NA,NA,NA,NA,NA,NA,NA,NA,NA,NA,NA,NA,NA,NA,NA,NA,NA,NA,NA,NA,NA,NA,7.6,1.6,12.2,8.5,1,"2024a","6YLBKF",17.7243702083333
22,"Netherlands",10,10,1981-05-26,198105,22521,"Christian Democratic Appeal","CDA",50,"NA",113,0,1982,NA,NA,30.806,0,NA,48,150,1,10,"NA",2167,10.9,0.4,0,0.3,0.6,2.1,0.5,8.1,2.8,0,0,1.7,3.5,0.3,0,1.8,0,2.6,0,0.8,1.5,1.4,0.7,2.1,1.1,0,0.3,5.4,0.4,0.6,3.1,1.2,0,2,0,0,5.1,3.1,4,10,1.4,4.3,0.1,0.3,0,0.9,0.3,1.8,1.8,1.9,0,1.3,0,1.3,0.6,3.2,2.5,0,0,0,0,0,0,0,0,0,0,0,0,0,0,0,0,0,0,0,0,0,0,0,0,0,0,0,0,0,0,0,0,0,0,0,0,0,0,0,0,0,0,0,0,0,0,0,0,0,0,0,0,0,0,NA,NA,NA,NA,NA,NA,NA,NA,NA,NA,NA,NA,NA,NA,NA,NA,NA,NA,NA,NA,NA,NA,NA,NA,NA,NA,NA,NA,NA,NA,NA,NA,-19.3,4,3.5,14,2.6,"2024a","CGTLN8",23.54822329471
22,"Netherlands",10,10,1982-09-08,198209,22320,"Labour Party","PvdA",30,"NA",220,1,1991,0.774,NA,30.395,0,NA,47,150,1,10,"NA",767,2.4,0,0.3,0.3,0.1,5.5,1.7,12.7,2.1,0,0.1,1.3,3,0.1,0,3.1,0,6.8,0,0.4,0.4,4.8,1.7,1,0.4,0,0.1,2.9,0.3,0.1,2.5,2.9,0.8,7.6,0,0,2.4,2.6,13.2,4.7,0.1,1.3,0,0,0,0,0.1,2.3,0.8,0.4,0,3.1,0,0,0.5,2.1,1.2,0,0,0,0,0,0,0,0,0,0,0,0,0,0,0,0,0,0,0,0,0,0,0,0,0,0,0,0,0,0,0,0,0,0,0,0,0,0,0,0,0,0,0,0,0,0,0,0,0,0,0,0,0,0,NA,NA,NA,NA,NA,NA,NA,NA,NA,NA,NA,NA,NA,NA,NA,NA,NA,NA,NA,NA,NA,NA,NA,NA,NA,NA,NA,NA,NA,NA,NA,NA,-20.7,5.6,8,17.9,7.5,"2024a","ORSBQ4",24.0892022769456
22,"Netherlands",10,10,1982-09-08,198209,22420,"People’s Party for Freedom and Democracy","VVD",40,"NA",220,1,1991,0.774,NA,23.077,0,NA,36,150,1,10,"NA",317,3.2,0,0,0,1.9,1.3,0,6.9,0.6,0.3,0,4.1,1.3,0.3,0,0.6,0,12,0,0.3,4.7,6.6,0.3,0,0,0,0,3.2,0,0.3,6.9,1.6,0,12.6,0,0,2.5,1.3,5.1,1.6,6.3,4.1,0.3,0,0,0,0,1.9,1,0,0,1.6,0,2.2,0.6,1.9,0.6,0,0,0,0,0,0,0,0,0,0,0,0,0,0,0,0,0,0,0,0,0,0,0,0,0,0,0,0,0,0,0,0,0,0,0,0,0,0,0,0,0,0,0,0,0,0,0,0,0,0,0,0,0,0,NA,NA,NA,NA,NA,NA,NA,NA,NA,NA,NA,NA,NA,NA,NA,NA,NA,NA,NA,NA,NA,NA,NA,NA,NA,NA,NA,NA,NA,NA,NA,NA,21,1.9,17.3,6.7,1.3,"2024a","3274D5",17.7243702083333
22,"Netherlands",10,10,1982-09-08,198209,22521,"Christian Democratic Appeal","CDA",50,"NA",220,1,1991,0.774,NA,29.387,0,NA,45,150,1,10,"NA",2055,6.5,0,0.2,0.3,2,2,1.4,7.2,4.1,0,0.6,2.7,3.9,0.1,0,2.1,0.1,6.9,0,0.9,0.6,1.9,1.7,0.3,0.5,0,0.1,1.7,0,0.7,7.1,1.9,0,4.7,0,0,7.1,2.2,5.4,7.3,1.4,3,0,0,0,0.3,0.1,2.9,1,0.9,0,1.3,0,0.8,0.8,1.8,1.9,0,0,0,0,0,0,0,0,0,0,0,0,0,0,0,0,0,0,0,0,0,0,0,0,0,0,0,0,0,0,0,0,0,0,0,0,0,0,0,0,0,0,0,0,0,0,0,0,0,0,0,0,0,0,NA,NA,NA,NA,NA,NA,NA,NA,NA,NA,NA,NA,NA,NA,NA,NA,NA,NA,NA,NA,NA,NA,NA,NA,NA,NA,NA,NA,NA,NA,NA,NA,-11.7,3.9,5.3,12.7,3.6,"2024a","L53VFM",23.54822329471
22,"Netherlands",10,10,1986-05-21,198605,22320,"Labour Party","PvdA",30,"NA",220,1,1991,0.774,NA,33.271,0,NA,52,150,1,10,"NA",1718,4.4,0.2,0.8,0.1,0.2,4,1.3,8.4,2.9,0,0,2,2.2,0,0.1,3,0,7.2,0,1.8,0.2,3.4,1.1,0.6,0.4,0,0.4,2.7,0.1,1,7.7,3.3,0.2,0.7,0,0,7.5,3.7,6.9,6.1,0.5,1.8,0.1,0,0,0,0,2.7,0.3,0.2,0,3.3,0,0.4,0.6,3.1,2.7,0,0,0,0,0,0,0,0,0,0,0,0,0,0,0,0,0,0,0,0,0,0,0,0,0,0,0,0,0,0,0,0,0,0,0,0,0,0,0,0,0,0,0,0,0,0,0,0,0,0,0,0,0,0,NA,NA,NA,NA,NA,NA,NA,NA,NA,NA,NA,NA,NA,NA,NA,NA,NA,NA,NA,NA,NA,NA,NA,NA,NA,NA,NA,NA,NA,NA,NA,NA,-20.2,5,0.9,13,6.1,"2024a","K1NNU5",24.0892022769456
22,"Netherlands",10,10,1986-05-21,198605,22420,"People’s Party for Freedom and Democracy","VVD",40,"NA",220,1,1991,0.774,NA,17.411,0,NA,27,150,1,10,"NA",1587,4.3,0.4,0.6,0.2,2,0.3,0.7,5.1,3.7,0.1,0.1,3.8,1.1,0.1,0,1.6,0,10.7,0,1.3,2,2.5,2.1,0.1,0.3,0,0.2,1.3,0,2,6.9,1.9,0.1,5.8,0,0,7.9,3.2,3.4,2.7,1.6,3.5,0.1,0.1,0,0,0.3,6.2,0.1,0.3,0,1.3,0,2.1,0.8,3.1,2.1,0,0,0,0,0,0,0,0,0,0,0,0,0,0,0,0,0,0,0,0,0,0,0,0,0,0,0,0,0,0,0,0,0,0,0,0,0,0,0,0,0,0,0,0,0,0,0,0,0,0,0,0,0,0,NA,NA,NA,NA,NA,NA,NA,NA,NA,NA,NA,NA,NA,NA,NA,NA,NA,NA,NA,NA,NA,NA,NA,NA,NA,NA,NA,NA,NA,NA,NA,NA,6.6,4.1,7.8,6.1,1.6,"2024a","5RQB68",17.7243702083333
22,"Netherlands",10,10,1986-05-21,198605,22521,"Christian Democratic Appeal","CDA",50,"NA",220,1,1991,0.774,NA,34.593,0,NA,54,150,1,10,"NA",2063,3.1,0.1,0.4,0.2,1.4,1.3,0.5,7.6,3.6,0,0.2,2.9,1.7,0.1,0,4.5,0,6,0,0.2,0.8,1.6,0.8,0.1,0.5,0,0.2,1.8,0.1,1.1,8.9,1.7,0,4.9,0,0,6.9,5.6,3.3,4.3,1.4,4.4,0,0.1,0,0.5,0,5.5,1,1.5,0,2,0,1.5,0.8,1.6,3.2,0,0,0,0,0,0,0,0,0,0,0,0,0,0,0,0,0,0,0,0,0,0,0,0,0,0,0,0,0,0,0,0,0,0,0,0,0,0,0,0,0,0,0,0,0,0,0,0,0,0,0,0,0,0,NA,NA,NA,NA,NA,NA,NA,NA,NA,NA,NA,NA,NA,NA,NA,NA,NA,NA,NA,NA,NA,NA,NA,NA,NA,NA,NA,NA,NA,NA,NA,NA,-4,2.6,5.7,7.6,2.2,"2024a","XWC4HG",23.54822329471
22,"Netherlands",10,10,1989-09-06,198909,22320,"Labour Party","PvdA",30,"NA",220,1,1991,0.774,NA,31.881,0,NA,49,150,1,10,"NA",1130,3.2,0.8,0.5,0.1,0.4,4.5,1.4,10.7,2.3,0,0,2.3,1.2,0.1,0.1,3.5,0,7.5,0,1.9,0,1.1,0.5,0,0.6,0,0.5,1.8,0,1,5.8,1.6,0,0.4,0,2,10,3.4,5.7,5,0,3.3,0,0.2,0,0,0,3.5,0.8,0.4,0,3.5,0,0.7,1.3,3.3,3,0,0,0,0,0,0,0,0,0,0,0,0,0,0,0,0,0,0,0,0,0,0,0,0,0,0,0,0,0,0,0,0,0,0,0,0,0,0,0,0,0,0,0,0,0,0,0,0,0,0,0,0,0,0,NA,NA,NA,NA,NA,NA,NA,NA,NA,NA,NA,NA,NA,NA,NA,NA,NA,NA,NA,NA,NA,NA,NA,NA,NA,NA,NA,NA,NA,NA,NA,NA,-20.6,2.1,0.4,10.7,6.4,"2024a","CYN2LU",24.0892022769456
22,"Netherlands",10,10,1989-09-06,198909,22420,"People’s Party for Freedom and Democracy","VVD",40,"NA",220,1,1991,0.774,NA,14.566,0,NA,22,150,1,10,"NA",1338,4,0.3,0.2,0.3,1.5,0.5,0.5,3.7,4.6,0,0,3.6,0.3,0.7,0,2.8,0.1,8,0,1.4,1.9,2.2,0.8,0,0,0,0.2,0.8,0,2,6.1,1.8,0.1,6,0,0.7,9.6,3.8,3.1,6.3,0.2,4.2,0.1,0.1,0,0,0,5.9,0.4,0,0,1.1,0,2.2,1.4,3.7,3.4,0,0,0,0,0,0,0,0,0,0,0,0,0,0,0,0,0,0,0,0,0,0,0,0,0,0,0,0,0,0,0,0,0,0,0,0,0,0,0,0,0,0,0,0,0,0,0,0,0,0,0,0,0,0,NA,NA,NA,NA,NA,NA,NA,NA,NA,NA,NA,NA,NA,NA,NA,NA,NA,NA,NA,NA,NA,NA,NA,NA,NA,NA,NA,NA,NA,NA,NA,NA,4.5,2.6,7.9,9.4,1.2,"2024a","LURP39",17.7243702083333
22,"Netherlands",10,10,1989-09-06,198909,22521,"Christian Democratic Appeal","CDA",50,"NA",220,1,1991,0.774,NA,35.313,0,NA,54,150,1,10,"NA",2096,2.7,0.3,0.4,0.3,0.8,0.9,0.7,5.6,4,0,0.1,1.8,2.9,0.2,0,4.6,0.1,9.5,0,1,0.3,1.3,0.5,0,1,0,0.1,0.8,0,1.5,5.5,1.5,0,2.1,0,0.9,12.2,3,3,4.9,0.2,5.1,0.1,0.2,0,2.4,0,3.8,0.6,1.8,0,1.2,0,2.8,0.4,3.6,3.6,0,0,0,0,0,0,0,0,0,0,0,0,0,0,0,0,0,0,0,0,0,0,0,0,0,0,0,0,0,0,0,0,0,0,0,0,0,0,0,0,0,0,0,0,0,0,0,0,0,0,0,0,0,0,NA,NA,NA,NA,NA,NA,NA,NA,NA,NA,NA,NA,NA,NA,NA,NA,NA,NA,NA,NA,NA,NA,NA,NA,NA,NA,NA,NA,NA,NA,NA,NA,-8.8,2,2.4,7.9,2,"2024a","2WRJ51",23.54822329471
22,"Netherlands",10,10,1994-05-03,199405,22320,"Labour Party","PvdA",30,"NA",251,1,1995,0.806,NA,23.973,0,NA,37,150,1,10,"NA",2278,14.004,0,0,0,1.01,0.439,0.702,5.751,2.414,0.395,0.966,1.185,4.434,0,0,1.405,0.132,3.995,0.176,7.638,0.702,1.273,0.176,0,0.878,0,0.483,7.858,0.395,1.01,3.687,0,0,0.79,0,1.097,7.287,1.668,3.117,2.063,1.229,2.546,0,1.8,2.063,0.132,0.439,5.312,2.458,0.176,0.044,3.644,0,0.132,0.044,1.493,1.361,0,0,0,0,0,0,0,0,0,0,0,0,0,0,0,0,0,0,0,0,0,0,0,0,0,0,0,0,0,0,0,0,0,0,0,0,0,0,0,0,0,0,0,0,0,0,0,0,0,0,0,0,0,0,NA,NA,NA,NA,NA,NA,NA,NA,NA,NA,NA,NA,NA,NA,NA,NA,NA,NA,NA,NA,NA,NA,NA,NA,NA,NA,NA,NA,NA,NA,NA,NA,4.258,0.176,1.493,5.18,1.141,"2024a","HOVQ3Z",24.0892022769456
22,"Netherlands",10,10,1994-05-03,199405,22420,"People’s Party for Freedom and Democracy","VVD",40,"NA",251,1,1995,0.806,NA,19.956,0,NA,31,150,1,10,"NA",549,1.457,0,0,0,2.368,0.364,0.546,4.372,1.821,0,0.729,0.729,3.461,0,0,1.639,1.275,10.929,0.182,12.75,4.007,2.914,0.364,0,0.182,0,0.911,4.918,0,0.546,5.464,0,0,1.821,0,0.546,3.279,0.546,0.911,2.186,3.279,4.554,1.639,0.182,0.729,0,0.729,5.647,1.457,0,1.275,5.1,0,2.004,0,1.457,0.729,0,0,0,0,0,0,0,0,0,0,0,0,0,0,0,0,0,0,0,0,0,0,0,0,0,0,0,0,0,0,0,0,0,0,0,0,0,0,0,0,0,0,0,0,0,0,0,0,0,0,0,0,0,0,NA,NA,NA,NA,NA,NA,NA,NA,NA,NA,NA,NA,NA,NA,NA,NA,NA,NA,NA,NA,NA,NA,NA,NA,NA,NA,NA,NA,NA,NA,NA,NA,15.118,0.364,5.829,3.097,0.911,"2024a","AWVJ9V",17.7243702083333
22,"Netherlands",10,10,1994-05-03,199405,22521,"Christian Democratic Appeal","CDA",50,"NA",251,1,1995,0.806,NA,22.217,0,NA,34,150,1,10,"NA",2005,9.377,0.698,0,0,0.399,0.549,1.197,7.531,5.287,0.299,0.15,1.397,1.247,0,0,2.294,0.05,8.229,0.05,2.095,2.444,1.696,4.688,0,1.097,0,0.1,1.646,0,0.2,4.14,0,0,0.748,0,2.095,8.728,0.798,2.544,0.249,1.047,4.09,0.399,0.05,0,1.995,0.399,4.638,3.292,2.793,0.249,2.943,0,1.646,0.05,2.145,2.244,0,0,0,0,0,0,0,0,0,0,0,0,0,0,0,0,0,0,0,0,0,0,0,0,0,0,0,0,0,0,0,0,0,0,0,0,0,0,0,0,0,0,0,0,0,0,0,0,0,0,0,0,0,0,NA,NA,NA,NA,NA,NA,NA,NA,NA,NA,NA,NA,NA,NA,NA,NA,NA,NA,NA,NA,NA,NA,NA,NA,NA,NA,NA,NA,NA,NA,NA,NA,-2.594,4.688,3.192,2.793,1.746,"2024a","XLWVZA",23.54822329471
22,"Netherlands",10,10,1998-05-06,199805,22320,"Labour Party","PvdA",30,"NA",114,999,1998,NA,NA,28.98,0,NA,45,150,1,10,"NA",2030,1.823,0.148,0,0,0.099,0.099,0.64,4.483,2.66,0,0,1.379,3.645,0.099,0,1.626,0.394,4.089,0.049,0.739,0.148,0.985,4.039,0,0.197,0,0.099,2.463,0,1.379,10.049,0,0,0.345,0,0.887,9.36,3.941,6.847,10.148,1.527,6.158,0.246,0.296,0,0.345,0.443,5.172,1.034,0.64,0.345,5.123,0,0.148,0,2.02,3.645,0,0,0,0,0,0,0,0,0,0,0,0,0,0,0,0,0,0,0,0,0,0,0,0,0,0,0,0,0,0,0,0,0,0,0,0,0,0,0,0,0,0,0,0,0,0,0,0,0,0,0,0,0,0,NA,NA,NA,NA,NA,NA,NA,NA,NA,NA,NA,NA,NA,NA,NA,NA,NA,NA,NA,NA,NA,NA,NA,NA,NA,NA,NA,NA,NA,NA,NA,NA,-22.069,4.039,0.493,16.995,0.739,"2024a","TI9KJW",24.0892022769456
22,"Netherlands",10,10,1998-05-06,199805,22420,"People’s Party for Freedom and Democracy","VVD",40,"NA",114,999,1998,NA,NA,24.69,0,NA,38,150,1,10,"NA",939,1.704,0.426,0,0,0.958,0,0,1.278,3.408,0.106,0.958,2.982,2.13,0.639,0,1.917,0,6.177,0.213,1.597,0.958,5.005,3.621,0,0,0.106,0.426,2.875,0,2.343,11.928,0,0,1.81,0,0,4.792,3.301,1.491,3.301,2.556,6.39,0,0.958,0,0,0.426,8.52,0.319,0.426,1.384,2.662,0,2.449,1.171,0.639,5.644,0,0,0,0,0,0,0,0,0,0,0,0,0,0,0,0,0,0,0,0,0,0,0,0,0,0,0,0,0,0,0,0,0,0,0,0,0,0,0,0,0,0,0,0,0,0,0,0,0,0,0,0,0,0,NA,NA,NA,NA,NA,NA,NA,NA,NA,NA,NA,NA,NA,NA,NA,NA,NA,NA,NA,NA,NA,NA,NA,NA,NA,NA,NA,NA,NA,NA,NA,NA,7.242,3.621,2.769,4.792,0,"2024a","XIIGAA",17.7243702083333
22,"Netherlands",10,10,1998-05-06,199805,22521,"Christian Democratic Appeal","CDA",50,"NA",114,999,1998,NA,NA,18.37,0,NA,29,150,1,10,"NA",2028,3.6,0.592,0,0,0.542,0.197,0.394,4.586,2.663,0,0,2.465,3.057,1.036,0.049,1.036,0.197,3.994,0.394,0.345,0.296,1.036,3.205,0,0.838,0,0.099,0.641,0,0.197,4.98,0,0,0.542,0,2.071,6.854,2.761,3.797,9.32,0.69,4.29,0.296,0.641,0,5.128,0,6.657,6.361,2.219,0.74,2.416,0.049,1.726,0.345,2.17,4.487,0,0,0,0,0,0,0,0,0,0,0,0,0,0,0,0,0,0,0,0,0,0,0,0,0,0,0,0,0,0,0,0,0,0,0,0,0,0,0,0,0,0,0,0,0,0,0,0,0,0,0,0,0,0,NA,NA,NA,NA,NA,NA,NA,NA,NA,NA,NA,NA,NA,NA,NA,NA,NA,NA,NA,NA,NA,NA,NA,NA,NA,NA,NA,NA,NA,NA,NA,NA,-1.627,3.205,0.838,13.116,0.592,"2024a","48X75A",23.54822329471
22,"Netherlands",10,10,2002-05-15,200205,22320,"Labour Party","PvdA",30,"NA",114,999,2003,NA,NA,15.11,0,NA,23,150,1,20,"NA",2559,15.318,0.508,0,0,0.234,0.195,0.195,3.126,2.345,0,0,3.439,4.455,0.078,0,1.563,0.039,4.064,0.469,2.618,1.133,1.758,3.517,0,0.117,0.039,0.391,1.133,0,0.742,8.128,0,0,0.977,0,0.234,5.08,3.439,2.735,6.956,0.625,5.784,0,0.313,0,0.508,0.078,4.103,2.814,0.586,0.195,2.306,0,2.071,0.547,1.954,3.087,0,0,0,0,0,0,0,0,0,0,0,0,0,0,0,0,0,0,0,0,0,0,0,0,0,0,0,0,0,0,0,0,0,0,0,0,0,0,0,0,0,0,0,0,0,0,0,0,0,0,0,0,0,0,NA,NA,NA,NA,NA,NA,NA,NA,NA,NA,NA,NA,NA,NA,NA,NA,NA,NA,NA,NA,NA,NA,NA,NA,NA,NA,NA,NA,NA,NA,NA,NA,-7.581,3.517,2.11,9.691,0.391,"2024a","I52Y71",24.0892022769456
22,"Netherlands",10,10,2002-05-15,200205,22420,"People’s Party for Freedom and Democracy","VVD",40,"NA",114,999,2003,NA,NA,15.44,0,NA,24,150,1,20,"NA",1337,2.842,0.598,0,0,1.122,0.075,0.524,3.141,3.067,0.224,0,7.18,2.319,0.15,0,2.842,0.075,10.621,0.224,4.039,6.283,4.488,3.067,0.075,0,0,1.122,1.795,0,0.823,8.153,0,0,2.019,0,0.15,2.019,2.319,1.346,4.039,1.197,5.46,0,0.449,0,0.224,0.224,8.078,1.945,0.374,0,0.673,0,1.571,0.374,0.898,1.795,0,0,0,0,0,0,0,0,0,0,0,0,0,0,0,0,0,0,0,0,0,0,0,0,0,0,0,0,0,0,0,0,0,0,0,0,0,0,0,0,0,0,0,0,0,0,0,0,0,0,0,0,0,0,NA,NA,NA,NA,NA,NA,NA,NA,NA,NA,NA,NA,NA,NA,NA,NA,NA,NA,NA,NA,NA,NA,NA,NA,NA,NA,NA,NA,NA,NA,NA,NA,18.923,3.141,8.302,5.385,0.598,"2024a","JOEYA9",17.7243702083333
22,"Netherlands",10,10,2002-05-15,200205,22521,"Christian Democratic Appeal","CDA",50,"NA",114,999,2003,NA,NA,27.93,0,NA,43,150,1,20,"NA",1378,7.837,0,0,0.073,0.363,0.073,0.29,2.25,5.443,0,0,1.524,1.089,0.29,0,2.25,0,6.168,0.073,2.83,1.814,2.322,2.25,0,0,0,0.508,1.306,0,0.435,6.749,0,0,1.451,0,0.29,3.628,1.887,1.742,9.289,1.234,8.273,0,0.363,0,3.411,0,8.563,3.338,0.435,0,1.959,0,2.104,0.943,1.597,3.556,0,0,0,0,0,0,0,0,0,0,0,0,0,0,0,0,0,0,0,0,0,0,0,0,0,0,0,0,0,0,0,0,0,0,0,0,0,0,0,0,0,0,0,0,0,0,0,0,0,0,0,0,0,0,NA,NA,NA,NA,NA,NA,NA,NA,NA,NA,NA,NA,NA,NA,NA,NA,NA,NA,NA,NA,NA,NA,NA,NA,NA,NA,NA,NA,NA,NA,NA,NA,2.467,2.25,3.266,11.03,0.363,"2024a","OZO11M",23.54822329471
22,"Netherlands",10,10,2002-05-15,200205,22720,"List Pim Fortuyn","LPF",70,"NA",114,999,2003,NA,NA,17,0,NA,26,150,1,20,"NA",127,5.512,0,0,0,1.575,0,0.787,0,0.787,0,0,4.724,2.362,0,0,0.787,0,14.961,0,7.087,0.787,4.724,1.575,0,0,0,0,3.937,0.787,2.362,8.661,0,0,2.362,0,0,0.787,2.362,5.512,7.087,3.15,4.724,0,3.15,0,0,0,3.937,0.787,0,0,0.787,0,0,0.787,3.15,0,0,0,0,0,0,0,0,0,0,0,0,0,0,0,0,0,0,0,0,0,0,0,0,0,0,0,0,0,0,0,0,0,0,0,0,0,0,0,0,0,0,0,0,0,0,0,0,0,0,0,0,0,0,0,NA,NA,NA,NA,NA,NA,NA,NA,NA,NA,NA,NA,NA,NA,NA,NA,NA,NA,NA,NA,NA,NA,NA,NA,NA,NA,NA,NA,NA,NA,NA,NA,14.961,1.575,3.15,12.598,0.787,"2024a","5CJJUK",11.355
22,"Netherlands",10,10,2003-01-22,200301,22320,"Labour Party","PvdA",30,"NA",114,999,2003,NA,NA,27.28,0,NA,42,150,1,20,"NA",399,4.261,0,0,0,0.251,0,0.251,4.01,2.005,0,0,2.506,4.511,0.251,0,1.754,0,4.511,0,3.008,0,3.509,0.501,0,0,0,0.752,4.01,0,0,5.514,0,0,1.504,0,1.003,5.514,2.256,4.261,6.767,0,9.524,0,0.501,0,0,0,9.524,4.511,0,1.754,3.509,0,1.253,0,2.506,4.01,0,0,0,0,0,0,0,0,0,0,0,0,0,0,0,0,0,0,0,0,0,0,0,0,0,0,0,0,0,0,0,0,0,0,0,0,0,0,0,0,0,0,0,0,0,0,0,0,0,0,0,0,0,0,NA,NA,NA,NA,NA,NA,NA,NA,NA,NA,NA,NA,NA,NA,NA,NA,NA,NA,NA,NA,NA,NA,NA,NA,NA,NA,NA,NA,NA,NA,NA,NA,-2.757,0.501,1.504,11.028,0.251,"2024a","TEA2IV",24.0892022769456
22,"Netherlands",10,10,2003-01-22,200301,22420,"People’s Party for Freedom and Democracy","VVD",40,"NA",114,999,2003,NA,NA,17.95,0,NA,28,150,1,20,"NA",203,0,0,0,0,0.493,0,0.493,1.97,2.956,0,0,5.911,0.493,0,0,1.478,0,5.419,0,5.419,3.941,4.433,1.478,0,0,0,0.985,7.389,0,0,8.374,0,0,3.448,0,0,1.97,0.493,0.985,6.897,1.478,3.448,0,1.478,0,0,0,16.256,0.985,0,2.956,1.97,0.493,0.985,0.493,0,4.433,0,0,0,0,0,0,0,0,0,0,0,0,0,0,0,0,0,0,0,0,0,0,0,0,0,0,0,0,0,0,0,0,0,0,0,0,0,0,0,0,0,0,0,0,0,0,0,0,0,0,0,0,0,0,NA,NA,NA,NA,NA,NA,NA,NA,NA,NA,NA,NA,NA,NA,NA,NA,NA,NA,NA,NA,NA,NA,NA,NA,NA,NA,NA,NA,NA,NA,NA,NA,28.079,1.478,7.389,7.882,0.493,"2024a","HP7JGY",17.7243702083333
22,"Netherlands",10,10,2003-01-22,200301,22521,"Christian Democratic Appeal","CDA",50,"NA",114,999,2003,NA,NA,28.65,0,NA,44,150,9,20,"NA",1378,7.837,0,0,0.073,0.363,0.073,0.29,2.25,5.443,0,0,1.524,1.089,0.29,0,2.25,0,6.168,0.073,2.83,1.814,2.322,2.25,0,0,0,0.508,1.306,0,0.435,6.749,0,0,1.451,0,0.29,3.628,1.887,1.742,9.289,1.234,8.273,0,0.363,0,3.411,0,8.563,3.338,0.435,0,1.959,0,2.104,0.943,1.597,3.556,0,0,0,0,0,0,0,0,0,0,0,0,0,0,0,0,0,0,0,0,0,0,0,0,0,0,0,0,0,0,0,0,0,0,0,0,0,0,0,0,0,0,0,0,0,0,0,0,0,0,0,0,0,0,NA,NA,NA,NA,NA,NA,NA,NA,NA,NA,NA,NA,NA,NA,NA,NA,NA,NA,NA,NA,NA,NA,NA,NA,NA,NA,NA,NA,NA,NA,NA,NA,2.467,2.25,3.266,11.03,0.363,"2024a","OQKGKT",23.54822329471
22,"Netherlands",10,10,2003-01-22,200301,22720,"List Pim Fortuyn","LPF",70,"NA",114,999,2003,NA,NA,5.71,0,NA,8,150,1,20,"NA",1020,1.373,2.549,0,0,3.333,0,0,2.353,2.255,0,1.176,0.882,3.627,0,0,0.098,0,8.431,0.49,4.02,1.471,3.431,0.588,0,0,0,0.294,1.373,0,0,11.275,0,0,0.98,0,0,2.353,3.235,1.373,7.059,1.176,8.824,0,0.686,0,0.196,0.686,10.294,1.078,0,4.02,2.157,0,1.863,0,0.98,4.02,0,0,0,0,0,0,0,0,0,0,0,0,0,0,0,0,0,0,0,0,0,0,0,0,0,0,0,0,0,0,0,0,0,0,0,0,0,0,0,0,0,0,0,0,0,0,0,0,0,0,0,0,0,0,NA,NA,NA,NA,NA,NA,NA,NA,NA,NA,NA,NA,NA,NA,NA,NA,NA,NA,NA,NA,NA,NA,NA,NA,NA,NA,NA,NA,NA,NA,NA,NA,3.235,0.588,2.451,8.431,0,"2024a","THBY54",11.355
22,"Netherlands",10,10,2006-11-22,200611,22320,"Labour Party","PvdA",30,"NA",291,4,2011,0.85,0.682,21.193,0,NA,33,150,1,60,"2024-1",2268,0.617,0,0,0.088,0.838,0.265,0,4.365,2.469,0,0.97,2.69,2.205,0,0,2.381,0.044,4.85,1.808,1.94,2.381,0.573,1.631,0.309,0.176,0.044,0.132,0.088,0.088,1.367,3.792,0,0.176,0.397,0,2.205,2.734,5.732,7.055,8.069,0.265,4.541,0,0.794,0,1.367,0.176,7.628,5.6,1.411,1.411,2.072,0,0.309,1.764,3.351,6.834,0,0,0,0,0,0,0,0,0,0,0,0,0,0,0,0,0,0,0,0,0,0,0,0,0,0,0,0,0,0,0,0,0,0,0,0,0,0,0,0,0,0,0,0,0,0,0,0,0,0,0,0,0,0,NA,NA,NA,NA,NA,NA,NA,NA,NA,NA,NA,NA,NA,NA,NA,NA,NA,NA,NA,NA,NA,NA,NA,NA,NA,NA,NA,NA,NA,NA,NA,NA,0.838,1.94,2.778,15.123,0.265,"2024a","53YFP1",24.0892022769456
22,"Netherlands",10,10,2006-11-22,200611,22420,"People’s Party for Freedom and Democracy","VVD",40,"NA",291,4,2011,0.85,0.682,14.67,0,NA,22,150,1,60,"2024-1",543,0,0,0,0,0.921,0,0,1.289,2.21,0,0.184,3.683,2.947,0.368,0,1.105,1.105,5.893,0,3.683,4.604,2.762,0,0,0,0,0.184,1.657,0,2.578,6.814,0,0,0.921,0,1.657,2.762,2.947,2.394,4.972,0.921,5.341,0,2.947,0,0,0.368,12.707,3.867,1.657,1.289,2.21,0,0.368,2.578,2.578,5.525,0,0,0,0,0,0,0,0,0,0,0,0,0,0,0,0,0,0,0,0,0,0,0,0,0,0,0,0,0,0,0,0,0,0,0,0,0,0,0,0,0,0,0,0,0,0,0,0,0,0,0,0,0,0,NA,NA,NA,NA,NA,NA,NA,NA,NA,NA,NA,NA,NA,NA,NA,NA,NA,NA,NA,NA,NA,NA,NA,NA,NA,NA,NA,NA,NA,NA,NA,NA,20.81,0,5.525,7.366,0,"2024a","2Y1GH5",17.7243702083333
22,"Netherlands",10,10,2006-11-22,200611,22521,"Christian Democratic Appeal","CDA",50,"NA",291,4,2011,0.85,0.682,26.513,0,NA,41,150,1,60,"2024-1",2225,0.27,0,0,0,0.629,0,0,5.124,2.876,0,0.764,1.213,2.382,0.045,0,2.202,0.135,4.494,0.045,1.303,2.337,0.629,1.213,0,0.135,0,0.27,1.393,0,1.663,6.157,0,0.045,1.573,0,4.404,2.247,2.876,1.843,9.124,1.303,4.854,0,1.933,0,5.438,0.045,5.663,7.416,2.697,1.124,3.011,0,1.483,1.753,4.36,1.528,0,0,0,0,0,0,0,0,0,0,0,0,0,0,0,0,0,0,0,0,0,0,0,0,0,0,0,0,0,0,0,0,0,0,0,0,0,0,0,0,0,0,0,0,0,0,0,0,0,0,0,0,0,0,NA,NA,NA,NA,NA,NA,NA,NA,NA,NA,NA,NA,NA,NA,NA,NA,NA,NA,NA,NA,NA,NA,NA,NA,NA,NA,NA,NA,NA,NA,NA,NA,4,1.213,3.91,10.966,0,"2024a","QYLIJC",23.54822329471
22,"Netherlands",10,10,2006-11-22,200611,22722,"Party of Freedom","PVV",70,"NA",291,4,2011,0.85,0.682,5.89,0,NA,9,150,1,60,"2024-1",137,0,0,0,0,0.73,0.73,0,0,0,0.73,5.839,2.92,3.65,0,0,0,0,3.65,2.92,6.569,4.38,0,0,0,0,0,0,0,0,1.46,2.19,0,0,0,0,0,2.92,0,0,2.92,0.73,2.92,0,8.029,0,4.38,0,19.708,1.46,0.73,15.328,0,0,0,0,0.73,4.38,0,0,0,0,0,0,0,0,0,0,0,0,0,0,0,0,0,0,0,0,0,0,0,0,0,0,0,0,0,0,0,0,0,0,0,0,0,0,0,0,0,0,0,0,0,0,0,0,0,0,0,0,0,0,NA,NA,NA,NA,NA,NA,NA,NA,NA,NA,NA,NA,NA,NA,NA,NA,NA,NA,NA,NA,NA,NA,NA,NA,NA,NA,NA,NA,NA,NA,NA,NA,38.686,0,4.38,2.92,0.73,"2024a","OOIKAU",11.0535242006315
22,"Netherlands",10,10,2010-06-09,201006,22320,"Labour Party","PvdA",30,"NA",291,3,2011,0.72,NA,19.63,0,NA,30,150,1,51,"2024-1",1682,2.438,0,0,0,1.13,0.654,0.238,6.124,1.724,0,0,3.389,3.032,0,0,2.021,0.119,5.351,0.238,2.556,1.13,1.13,3.746,0.357,1.011,0,0.416,1.843,0.416,1.724,4.102,0,0.773,1.367,0,4.816,1.962,1.427,11.653,4.637,1.902,6.421,0,0.059,0,1.308,0.297,4.935,7.907,1.546,1.249,0.595,0,0.059,1.13,0.297,0.773,0,0,0,0,0,0,0,0,0,0,0,0,0,0,0,0,0,0,0,0,0,0,0,0,0,0,0,0,0,0,0,0,0,0,0,0,0,0,0,0,0,0,0,0,0,0,0,0,0,0,0,0,0,0,NA,NA,NA,NA,NA,NA,NA,NA,NA,NA,NA,NA,NA,NA,NA,NA,NA,NA,NA,NA,NA,NA,NA,NA,NA,NA,NA,NA,NA,NA,NA,NA,0.654,4.102,2.497,16.29,0.892,"2024a","NWHYFT",24.0892022769456
22,"Netherlands",10,10,2010-06-09,201006,22420,"People’s Party for Freedom and Democracy","VVD",40,"NA",291,3,2011,0.72,NA,20.47,0,NA,31,150,1,51,"2024-1",1522,0.394,0,0,0,2.102,0,0,1.971,1.38,0.526,1.314,5.585,0.788,0,0,0.329,0.329,13.009,0,4.271,6.242,1.511,1.248,2.3,0.131,0,0.131,0.92,0,1.643,3.942,0,0,2.628,0,2.365,1.971,2.037,3.614,3.022,4.928,8.607,0,0.394,0,1.117,0.723,8.87,0.986,0.263,3.876,1.445,0,0.657,0.197,0.591,1.643,0,0,0,0,0,0,0,0,0,0,0,0,0,0,0,0,0,0,0,0,0,0,0,0,0,0,0,0,0,0,0,0,0,0,0,0,0,0,0,0,0,0,0,0,0,0,0,0,0,0,0,0,0,0,NA,NA,NA,NA,NA,NA,NA,NA,NA,NA,NA,NA,NA,NA,NA,NA,NA,NA,NA,NA,NA,NA,NA,NA,NA,NA,NA,NA,NA,NA,NA,NA,19.382,3.548,8.87,6.636,0,"2024a","8761WY",17.7243702083333
22,"Netherlands",10,10,2010-06-09,201006,22521,"Christian Democratic Appeal","CDA",50,"NA",291,3,2011,0.72,NA,13.62,0,NA,21,150,1,51,"2024-1",1931,0.777,0.155,0,0,0.932,0.207,0,4.764,2.9,0,0.155,2.33,1.139,0.259,0,1.657,0.155,8.027,0.259,1.968,2.434,1.088,3.263,0,0.207,0,0.311,5.748,0,0.725,6.473,0,0.052,2.693,0,5.748,3.729,2.745,6.007,3.366,1.45,5.541,0,0.932,0,2.279,0.104,7.302,4.247,2.33,1.605,0.311,0,1.657,0.829,0.155,0.984,0,0,0,0,0,0,0,0,0,0,0,0,0,0,0,0,0,0,0,0,0,0,0,0,0,0,0,0,0,0,0,0,0,0,0,0,0,0,0,0,0,0,0,0,0,0,0,0,0,0,0,0,0,0,NA,NA,NA,NA,NA,NA,NA,NA,NA,NA,NA,NA,NA,NA,NA,NA,NA,NA,NA,NA,NA,NA,NA,NA,NA,NA,NA,NA,NA,NA,NA,NA,9.581,3.263,5.127,9.373,0.207,"2024a","ANQCZB",23.54822329471
22,"Netherlands",10,10,2010-06-09,201006,22722,"Party of Freedom","PVV",70,"NA",291,3,2011,0.72,NA,15.45,0,NA,24,150,1,51,"2024-1",678,1.77,0,0,0,0.147,1.917,0,2.802,0,1.032,5.31,1.327,2.802,0,0,0.295,0.147,3.097,1.032,1.77,4.13,0.442,1.77,0,0,0,0.442,6.49,0,0,1.622,0,0.59,3.54,0,0,4.13,1.18,3.392,4.277,1.18,5.457,0.295,4.13,0,0.59,0.295,15.487,0,0.59,13.569,0.295,0,1.622,0.442,0.147,0.442,0,0,0,0,0,0,0,0,0,0,0,0,0,0,0,0,0,0,0,0,0,0,0,0,0,0,0,0,0,0,0,0,0,0,0,0,0,0,0,0,0,0,0,0,0,0,0,0,0,0,0,0,0,0,NA,NA,NA,NA,NA,NA,NA,NA,NA,NA,NA,NA,NA,NA,NA,NA,NA,NA,NA,NA,NA,NA,NA,NA,NA,NA,NA,NA,NA,NA,NA,NA,13.274,1.77,7.67,7.67,1.917,"2024a","8HTT6X",11.0535242006315
22,"Netherlands",10,10,2012-09-12,201209,22320,"Labour Party","PvdA",30,"NA",291,4,2015,0.85,0.682,24.838,0,NA,38,150,1,90,"2024-1",2760,0.072,0,0,0,0.797,0.399,0.036,3.514,2.355,0,0.254,3.007,2.536,0.036,0,2.101,0.145,3.949,0.145,5.688,1.957,1.087,3.804,0.072,0,0.109,0.072,2.174,1.014,1.268,3.043,0.725,1.196,1.159,0,4.964,2.935,2.029,8.188,5.145,0.652,6.848,0,1.413,0,0.29,0.507,5.036,3.225,0.833,0.87,6.594,0,0.145,0.906,4.71,1.993,0,0,0,0,0,0,0,0,0,0,0,0,0,0,0,0,0,0,0,0,0,0,0,0,0,0,0,0,0,0,0,0,0,0,0,0,0,0,0,0,0,0,0,0,0,0,0,0,0,0,0,0,0,0,NA,NA,NA,NA,NA,NA,NA,NA,NA,NA,NA,NA,NA,NA,NA,NA,NA,NA,NA,NA,NA,NA,NA,NA,NA,NA,NA,NA,NA,NA,NA,NA,-6.558,4.601,3.116,13.333,0.435,"2024a","3ZVLL2",24.0892022769456
22,"Netherlands",10,10,2012-09-12,201209,22420,"People’s Party for Freedom and Democracy","VVD",40,"NA",291,4,2015,0.85,0.682,26.58,0,NA,41,150,1,90,"2024-1",1719,0.349,0,0,0,1.047,0,0,1.571,2.734,0.814,1.978,4.538,0.698,0.058,0,1.396,0.698,9.889,0.175,5.585,7.737,1.396,2.269,0,0.058,0,0.175,4.421,0,0.814,5.294,0,0,2.152,0,0.989,0.931,1.163,2.443,2.734,4.247,5.41,0,0.465,0,0.465,0.407,10.588,1.396,0.291,2.327,4.538,0,0.407,0.989,2.967,1.396,0,0,0,0,0,0,0,0,0,0,0,0,0,0,0,0,0,0,0,0,0,0,0,0,0,0,0,0,0,0,0,0,0,0,0,0,0,0,0,0,0,0,0,0,0,0,0,0,0,0,0,0,0,0,NA,NA,NA,NA,NA,NA,NA,NA,NA,NA,NA,NA,NA,NA,NA,NA,NA,NA,NA,NA,NA,NA,NA,NA,NA,NA,NA,NA,NA,NA,NA,NA,22.629,2.269,9.889,5.177,0,"2024a","1FMZBP",17.7243702083333
22,"Netherlands",10,10,2012-09-12,201209,22521,"Christian Democratic Appeal","CDA",50,"NA",291,4,2015,0.85,0.682,8.506,0,NA,13,150,1,90,"2024-1",1192,0.252,0,0,0,0.671,0,0,2.097,3.691,0,1.091,4.614,1.342,0,0,4.279,0.084,4.95,0.168,2.685,2.936,1.342,1.594,0,0.839,0,0.168,3.272,0,0.755,3.691,0,0.168,2.181,0,5.034,1.594,0.923,3.356,6.628,2.517,5.956,0,1.258,0,4.362,0,5.369,9.48,1.93,1.091,2.097,0,1.091,0.671,3.272,0.503,0,0,0,0,0,0,0,0,0,0,0,0,0,0,0,0,0,0,0,0,0,0,0,0,0,0,0,0,0,0,0,0,0,0,0,0,0,0,0,0,0,0,0,0,0,0,0,0,0,0,0,0,0,0,NA,NA,NA,NA,NA,NA,NA,NA,NA,NA,NA,NA,NA,NA,NA,NA,NA,NA,NA,NA,NA,NA,NA,NA,NA,NA,NA,NA,NA,NA,NA,NA,17.701,1.594,5.117,9.983,0,"2024a","R6TIMU",23.54822329471
22,"Netherlands",10,10,2012-09-12,201209,22722,"Party of Freedom","PVV",70,"NA",291,4,2015,0.85,0.682,10.083,0,NA,15,150,1,90,"2024-1",927,0.431,0.108,0,0,0.647,0.647,0,2.697,0.216,1.618,19.633,1.942,2.05,0,0,1.51,0.108,4.746,1.618,9.061,2.157,0.216,1.618,0,0,0,0.324,3.56,1.51,0.216,1.079,0.108,0.324,0.755,0,0,2.05,0.108,0.863,3.991,0.216,1.942,0,4.315,0,0.324,0,10.68,0,0.216,11.219,1.618,0,0,0.539,0.431,2.589,0,0,0,0,0,0,0,0,0,0,0,0,0,0,0,0,0,0,0,0,0,0,0,0,0,0,0,0,0,0,0,0,0,0,0,0,0,0,0,0,0,0,0,0,0,0,0,0,0,0,0,0,0,0,NA,NA,NA,NA,NA,NA,NA,NA,NA,NA,NA,NA,NA,NA,NA,NA,NA,NA,NA,NA,NA,NA,NA,NA,NA,NA,NA,NA,NA,NA,NA,NA,15.642,1.726,2.913,4.854,0.647,"2024a","EZOMHG",11.0535242006315
22,"Netherlands",10,10,2017-03-15,201703,22320,"Labour Party","PvdA",30,"NA",331,5,2017,0.76,0.636,5.703,0,NA,9,150,1,130,"2024-1",2190,0.457,0,0,0.228,2.283,0,0.137,3.973,2.055,0.457,0.274,3.196,2.42,0.502,0,2.648,0.091,2.511,0,1.507,0.32,0.502,2.74,0.594,1.142,0.685,0,0.091,0.091,0.046,2.237,6.256,1.644,0.32,0.639,4.429,7.808,4.292,7.945,8.676,0.046,5.936,0,5.434,0.776,1.37,1.324,2.374,2.055,3.927,0.685,0.457,0,2.055,0.365,0,0,0,0,0,0,0,0,0,0,0,0,0,0,0,0,0,0,0,0,0,0,0,0,0,0,0,0,0,0,0,0,0,0,0,0,0,0,0,0,0,0,0,0,0,0,0,0,0,0,0,0,0,0,0,0,0,0.228,0.913,2.283,0.822,0,0.046,1.553,1.507,0,0,0,0,0,0.457,3.973,5.434,0,0.411,0.365,2.374,0.137,1.826,0.228,0.365,3.562,0,0.502,0.183,0,2.055,0.137,-13.836,9.589,0.639,16.621,0.137,"2024a","X9HXZ5",24.0892022769456
22,"Netherlands",10,10,2017-03-15,201703,22420,"People’s Party for Freedom and Democracy","VVD",40,"NA",331,5,2017,0.76,0.636,21.285,0,NA,33,150,1,130,"2024-1",2812,0.498,0.498,0,0.036,6.01,0,0,3.805,2.56,0.213,1.778,1.991,0.284,0.889,0,1.814,0,2.525,0.071,0.391,3.556,2.809,2.347,0.391,1.245,1.174,0.071,0.32,0,0.818,8.642,1.316,0,1.849,0,3.627,4.516,2.952,2.169,6.223,1.138,6.863,0,8.179,0.427,0.284,1.743,5.654,1.351,0,2.632,0.782,0,3.094,0.427,0,0.036,0,0,0,0,0,0,0,0,0,0,0,0,0,0,0,0,0,0,0,0,0,0,0,0,0,0,0,0,0,0,0,0,0,0,0,0,0,0,0,0,0,0,0,0,0,0,0,0,0,0,0,0,0,0,0,0.036,0.747,1.245,0.284,0.32,0,0,0.178,0,0.213,0,0,0,0,3.627,5.37,2.809,0.391,0.036,5.654,0,1.209,0.142,0,0,0,0,2.632,0,3.094,0,10.953,4.054,5.405,8.393,0,"2024a","QTEO1U",17.7243702083333
22,"Netherlands",10,10,2017-03-15,201703,22521,"Christian Democratic Appeal","CDA",50,"NA",331,5,2017,0.76,0.636,12.379,0,NA,19,150,1,130,"2024-1",1415,0.071,0.919,0,0,2.261,0,0.353,1.908,2.049,0.071,0.848,0.212,2.403,0.848,0,3.18,0.071,1.201,0.212,0.777,1.272,0.636,6.502,0,1.201,0.212,0,0.707,0.565,0,5.3,4.24,0.424,1.343,0,4.099,0.707,2.473,2.191,10.177,0,5.371,0,1.131,0.919,8.622,0,8.551,9.965,0,2.191,0.424,0,2.544,0.848,0,0,0,0,0,0,0,0,0,0,0,0,0,0,0,0,0,0,0,0,0,0,0,0,0,0,0,0,0,0,0,0,0,0,0,0,0,0,0,0,0,0,0,0,0,0,0,0,0,0,0,0,0,0,0,0,0,0,0.212,0,1.343,0,0.495,0.565,0.777,0,0,0,0,0,0.212,3.887,0.777,0.353,0.919,0,8.551,0.071,9.399,0.565,0,0,0,0,2.191,0,2.544,0,3.604,10.742,2.615,12.367,0.353,"2024a","18WMEG",23.54822329471
22,"Netherlands",10,10,2017-03-15,201703,22722,"Party of Freedom","PVV",70,"NA",331,5,2017,0.76,0.636,13.056,0,NA,20,150,1,130,"2024-1",25,0,0,0,0,4,0,0,0,0,0,8,0,8,0,4,0,0,0,0,0,4,0,4,0,0,0,0,0,0,0,0,4,0,4,0,0,0,0,0,12,0,0,0,28,0,0,0,8,0,0,12,0,0,0,0,0,0,0,0,0,0,0,0,0,0,0,0,0,0,0,0,0,0,0,0,0,0,0,0,0,0,0,0,0,0,0,0,0,0,0,0,0,0,0,0,0,0,0,0,0,0,0,0,0,0,0,0,0,0,0,0,0,0,0,0,0,0,0,8,0,0,0,0,0,0,0,0,0,28,0,0,8,0,0,0,0,0,0,0,12,0,0,0,20,8,8,12,0,"2024a","YMCDES",11.0535242006315
22,"Netherlands",10,10,2021-03-17,202103,22320,"Labour Party","PvdA",30,"NA",326,5,2022,0.859,0.871,5.72964098502022,0,NA,9,150,1,180,"2024-1",3390,0.649,0.413,0,0.177,0.708,0.354,0.177,2.419,1.121,0.206,0.029,4.248,4.277,0,0.088,1.268,0.206,0.383,0.118,0.501,0,0.118,8.997,0.472,0.059,0.059,0,0.059,0.885,0.088,5.044,0.501,0.029,0.059,0.383,4.484,3.864,2.773,19.469,12.891,0.324,5.487,0,0.944,1.003,0.147,0.029,5.221,1.74,0.324,0.767,6.077,0,0.236,0.118,0,0,0,0,0,0,0,0,0,0,0,0,0,0,0,0,0,0,0,0,0,0,0,0,0,0,0,0,0,0,0,0,0,0,0,0,0,0,0,0,0,0,0,0,0,0,0,0,0,0,0,0,0,0,0,0,0.177,0,1.357,2.891,3.835,0,0.147,0.295,0.118,0,0.383,0,0,0,0.442,4.041,0.59,0.354,0.295,0.708,5.221,0.413,1.681,0.059,0.236,0.088,0,0,0.767,0,0.236,0.177,-27.906,9.971,0.059,32.36,0.531,"2024a","5Y2FZU",24.0892022769456
22,"Netherlands",10,10,2021-03-17,202103,22420,"People’s Party for Freedom and Democracy","VVD",40,"NA",326,5,2022,0.859,0.871,21.8666637499986,0,NA,34,150,1,180,"2024-1",2838,0.07,0.352,0,0.106,2.854,0.035,0.07,2.079,1.339,0.669,0.493,2.537,3.911,0,0.07,0.987,0.317,1.198,0,1.586,1.621,3.77,6.272,0.176,0.035,0.141,0.634,0.529,0.564,2.678,8.069,1.057,0.211,0.282,0,4.299,3.77,1.797,7.611,6.977,2.431,3.805,0,5.779,0.529,0.035,1.092,9.796,0.282,0,1.48,3.171,0,2.326,0.106,0,0,0,0,0,0,0,0,0,0,0,0,0,0,0,0,0,0,0,0,0,0,0,0,0,0,0,0,0,0,0,0,0,0,0,0,0,0,0,0,0,0,0,0,0,0,0,0,0,0,0,0,0,0,0,0,0.106,0,1.515,1.022,3.594,0,0.211,0.106,0.493,0,1.092,0,0,0,0.106,4.193,1.762,4.017,0,0.529,9.796,0.07,0.282,0,0,0,0,0.176,1.304,0,2.326,0,3.594,7.505,1.903,14.588,0.106,"2024a","4SJ3BA",17.7243702083333
22,"Netherlands",10,10,2021-03-17,202103,22521,"Christian Democratic Appeal","CDA",50,"NA",326,5,2022,0.859,0.871,9.50412612593943,0,NA,15,150,1,180,"2024-1",1633,0.184,0.49,0,0,1.592,0,0,1.776,2.266,0.306,1.286,2.388,7.103,0,0.245,2.572,0.184,1.47,0.061,1.47,0.429,1.837,5.45,0.061,0.245,0.306,0.122,0,0.919,0.674,7.471,0.429,0,1.408,0,3.735,2.511,1.408,9.614,7.41,0.367,4.103,0.061,5.389,0.49,1.96,0.061,5.266,7.287,0,0.612,3.246,0,2.878,0.429,0,0.429,0,0,0,0,0,0,0,0,0,0,0,0,0,0,0,0,0,0,0,0,0,0,0,0,0,0,0,0,0,0,0,0,0,0,0,0,0,0,0,0,0,0,0,0,0,0,0,0,0,0,0,0,0,0,0,0,1.102,1.286,6.552,0,0,0.551,0.306,0,1.164,0,0,0,0,3.735,3.552,1.837,0,0.49,5.266,0.184,7.287,0,0,0,0,0.061,0.551,0,2.878,0,-0.367,5.94,1.837,17.024,0,"2024a","ZDIXWQ",23.54822329471
22,"Netherlands",10,10,2021-03-17,202103,22722,"Party of Freedom","PVV",70,"NA",326,5,2022,0.859,0.871,10.7886210031573,0,NA,17,150,1,180,"2024-1",671,1.788,0,0,0,1.788,0.149,0,1.49,0,1.639,3.726,0.745,1.341,0,0.149,0,0.298,1.788,3.428,0.447,1.043,1.639,1.788,0,0,0,0,0.596,1.043,1.192,6.11,1.937,0,0,0,0,2.981,0,4.024,11.028,0,3.279,0.149,15.946,0,0.447,0,11.177,0.149,0,9.538,3.279,0,3.875,0,0,0,0,0,0,0,0,0,0,0,0,0,0,0,0,0,0,0,0,0,0,0,0,0,0,0,0,0,0,0,0,0,0,0,0,0,0,0,0,0,0,0,0,0,0,0,0,0,0,0,0,0,0,0,0,0,0,0,0.298,0.447,0.596,0,0,0.745,0.447,0,0,0,0,0,0,0,10.581,5.365,0,0,11.177,0,0.149,0,0,0,0,5.365,4.173,0,3.875,0,9.091,3.726,1.043,15.052,0.149,"2024a","MA9MDV",11.0535242006315
23,"Luxembourg",10,10,1964-06-07,196406,23320,"Socialist Workers’ Party of Luxembourg","LSAP/POSL",30,"NA",104,0,1983,NA,NA,35.9,0,NA,21,56,1,10,"NA",674,1.632,1.78,0,0.148,0.297,1.78,0.742,0.593,3.858,0,0,1.78,9.941,0,0,1.78,0,2.522,0,2.819,0.445,2.819,2.819,1.632,0,0,0,1.484,0,3.116,1.929,3.264,0.445,0.148,0,0,0.297,3.561,5.193,12.463,0,9.792,0,0.148,0,0,0,0,0,0,0,4.599,0,4.006,3.412,2.522,6.231,0,0,0,0,0,0,0,0,0,0,0,0,0,0,0,0,0,0,0,0,0,0,0,0,0,0,0,0,0,0,0,0,0,0,0,0,0,0,0,0,0,0,0,0,0,0,0,0,0,0,0,0,0,0,NA,NA,NA,NA,NA,NA,NA,NA,NA,NA,NA,NA,NA,NA,NA,NA,NA,NA,NA,NA,NA,NA,NA,NA,NA,NA,NA,NA,NA,NA,NA,NA,-39.763,7.715,0.593,17.656,2.522,"2024a","I8ITC5",26.1093636363636
23,"Luxembourg",10,10,1964-06-07,196406,23420,"Democratic Party","DP/PD",40,"NA",104,0,1983,NA,NA,12.2,0,NA,6,56,1,10,"NA",310,8.065,1.29,0.323,0,1.613,0.645,0.323,0.968,1.29,0,0,2.258,2.903,0.645,0,0.645,0,1.613,0,0,5.161,3.871,0.968,0.645,0,0,0,2.581,0,2.581,2.581,2.903,0,0,0,0,2.258,1.29,4.839,4.194,0,7.742,0,1.29,0,1.29,0,0.645,0,0,0,4.194,0,7.097,13.548,0.968,6.774,0,0,0,0,0,0,0,0,0,0,0,0,0,0,0,0,0,0,0,0,0,0,0,0,0,0,0,0,0,0,0,0,0,0,0,0,0,0,0,0,0,0,0,0,0,0,0,0,0,0,0,0,0,0,NA,NA,NA,NA,NA,NA,NA,NA,NA,NA,NA,NA,NA,NA,NA,NA,NA,NA,NA,NA,NA,NA,NA,NA,NA,NA,NA,NA,NA,NA,NA,NA,-8.71,4.516,5.161,9.032,1.29,"2024a","O38ZJR",18.5424545454545
23,"Luxembourg",10,10,1964-06-07,196406,23520,"Christian Social People’s Party","CSV/PCS",50,"NA",104,0,1983,NA,NA,35.7,0,NA,22,56,1,10,"NA",148,2.027,4.73,0,0,1.351,0.676,0.676,0.676,9.459,0,0,0,4.054,0,0,1.351,0,2.703,0,0,0,4.73,0.676,4.054,0,0,0,0,0,1.351,2.027,6.757,0,0.676,0,0,1.351,2.703,7.432,8.784,0,6.081,0,0.676,0,5.405,0,0,0,0,0,2.703,0,8.108,2.703,1.351,4.73,0,0,0,0,0,0,0,0,0,0,0,0,0,0,0,0,0,0,0,0,0,0,0,0,0,0,0,0,0,0,0,0,0,0,0,0,0,0,0,0,0,0,0,0,0,0,0,0,0,0,0,0,0,0,NA,NA,NA,NA,NA,NA,NA,NA,NA,NA,NA,NA,NA,NA,NA,NA,NA,NA,NA,NA,NA,NA,NA,NA,NA,NA,NA,NA,NA,NA,NA,NA,-22.297,11.486,0.676,16.216,1.351,"2024a","GEHXVR",34.2453636363636
23,"Luxembourg",10,10,1968-12-15,196812,23320,"Socialist Workers’ Party of Luxembourg","LSAP/POSL",30,"NA",104,0,1983,NA,NA,31,0,NA,18,56,1,10,"NA",595,13.782,0.672,0.504,0,1.849,3.193,0.84,1.513,3.025,0,0,0,2.017,0,0,0.336,0,0,0,0,0,0.84,1.513,1.345,0.168,0,0.168,3.193,0,1.008,6.891,2.017,0,3.866,0,0,0.336,0.672,5.882,13.95,0,7.899,0,0,0,0,0,0,0,0,0,3.193,0,0.168,8.739,4.034,6.387,0,0,0,0,0,0,0,0,0,0,0,0,0,0,0,0,0,0,0,0,0,0,0,0,0,0,0,0,0,0,0,0,0,0,0,0,0,0,0,0,0,0,0,0,0,0,0,0,0,0,0,0,0,0,NA,NA,NA,NA,NA,NA,NA,NA,NA,NA,NA,NA,NA,NA,NA,NA,NA,NA,NA,NA,NA,NA,NA,NA,NA,NA,NA,NA,NA,NA,NA,NA,-30.756,4.874,3.866,19.832,4.538,"2024a","QJM8C3",26.1093636363636
23,"Luxembourg",10,10,1968-12-15,196812,23420,"Democratic Party","DP/PD",40,"NA",104,0,1983,NA,NA,18,0,NA,11,56,1,10,"NA",217,0,2.304,0.922,0,0,2.304,0.461,1.382,2.304,0,0,7.834,3.687,0,0,3.226,0,0,1.382,0,0.922,0.461,0,2.304,0,0,0,6.912,0,1.382,3.226,1.382,0,2.304,0,0,0,7.373,7.373,4.147,0,2.304,0,0.922,0,0.461,0,0.922,0,0.922,0,2.765,0,5.991,15.668,1.382,5.069,0,0,0,0,0,0,0,0,0,0,0,0,0,0,0,0,0,0,0,0,0,0,0,0,0,0,0,0,0,0,0,0,0,0,0,0,0,0,0,0,0,0,0,0,0,0,0,0,0,0,0,0,0,0,NA,NA,NA,NA,NA,NA,NA,NA,NA,NA,NA,NA,NA,NA,NA,NA,NA,NA,NA,NA,NA,NA,NA,NA,NA,NA,NA,NA,NA,NA,NA,NA,-6.912,3.687,3.226,11.521,3.687,"2024a","VOXLI5",18.5424545454545
23,"Luxembourg",10,10,1968-12-15,196812,23520,"Christian Social People’s Party","CSV/PCS",50,"NA",104,0,1983,NA,NA,37.5,0,NA,21,56,1,10,"NA",166,4.217,0,0,0,0,0,0,0,0,0,0,1.807,4.217,0,0,6.627,1.205,0,0,0,0,1.807,0,6.024,0,0,0,6.024,0,0,1.807,0,0,0,0,0,3.614,9.036,1.205,2.41,0,13.855,0,0,0,4.217,0,0,0,3.012,0,0,0,0,0,1.807,27.108,0,0,0,0,0,0,0,0,0,0,0,0,0,0,0,0,0,0,0,0,0,0,0,0,0,0,0,0,0,0,0,0,0,0,0,0,0,0,0,0,0,0,0,0,0,0,0,0,0,0,0,0,0,0,NA,NA,NA,NA,NA,NA,NA,NA,NA,NA,NA,NA,NA,NA,NA,NA,NA,NA,NA,NA,NA,NA,NA,NA,NA,NA,NA,NA,NA,NA,NA,NA,-18.675,6.024,0,3.614,0,"2024a","8QD1GT",34.2453636363636
23,"Luxembourg",10,10,1974-05-26,197405,23320,"Socialist Workers’ Party of Luxembourg","LSAP/POSL",30,"NA",104,0,1983,NA,NA,27,0,NA,17,59,1,10,"NA",624,0.801,0.641,0.16,0.16,0,0.16,0,0.321,0.16,0,0.481,1.442,8.654,0.801,0,2.244,0,1.923,0,0,0,0.962,6.41,0.16,0,0,0.16,2.724,0,1.603,3.686,8.013,0.641,0.321,0,0,3.526,7.692,7.372,16.506,0,7.853,0,0.16,0,0,1.282,1.763,0.481,0,0,0.962,0,1.763,0.801,1.763,5.449,0,0,0,0,0,0,0,0,0,0,0,0,0,0,0,0,0,0,0,0,0,0,0,0,0,0,0,0,0,0,0,0,0,0,0,0,0,0,0,0,0,0,0,0,0,0,0,0,0,0,0,0,0,0,NA,NA,NA,NA,NA,NA,NA,NA,NA,NA,NA,NA,NA,NA,NA,NA,NA,NA,NA,NA,NA,NA,NA,NA,NA,NA,NA,NA,NA,NA,NA,NA,-43.75,14.583,0.321,23.878,0.321,"2024a","RV4AJN",26.1093636363636
23,"Luxembourg",10,10,1974-05-26,197405,23420,"Democratic Party","DP/PD",40,"NA",104,0,1983,NA,NA,23.3,0,NA,14,59,1,10,"NA",792,2.778,5.051,0,0,0,0,0,0.253,1.768,0,0.253,0.884,6.313,0.505,0,1.768,0,1.641,0.505,0.379,3.409,1.641,1.641,0.253,0,0,0,4.672,0.758,0.631,5.682,2.146,0,2.273,0,0,3.283,5.303,5.177,11.49,0,9.47,0,0,0,0.253,1.641,0,1.389,0.631,0,1.515,0.126,4.419,2.652,1.515,5.934,0,0,0,0,0,0,0,0,0,0,0,0,0,0,0,0,0,0,0,0,0,0,0,0,0,0,0,0,0,0,0,0,0,0,0,0,0,0,0,0,0,0,0,0,0,0,0,0,0,0,0,0,0,0,NA,NA,NA,NA,NA,NA,NA,NA,NA,NA,NA,NA,NA,NA,NA,NA,NA,NA,NA,NA,NA,NA,NA,NA,NA,NA,NA,NA,NA,NA,NA,NA,-22.348,4.04,5.682,16.667,0,"2024a","U351ML",18.5424545454545
23,"Luxembourg",10,10,1974-05-26,197405,23520,"Christian Social People’s Party","CSV/PCS",50,"NA",104,0,1983,NA,NA,29.9,0,NA,18,59,1,10,"NA",603,1.327,1.99,0,0,0,0.166,0.498,1.493,1.824,0,0,0.332,3.814,0,0,0.166,1.327,2.488,0.332,0,1.327,5.804,3.151,5.97,0,0,0,1.327,0,0.498,2.488,0.166,0.166,2.322,0,0,4.643,5.473,5.141,13.101,0,4.809,0,0.663,0,4.312,0.166,0,1.327,0.498,0,2.488,0,4.312,1.824,4.643,7.629,0,0,0,0,0,0,0,0,0,0,0,0,0,0,0,0,0,0,0,0,0,0,0,0,0,0,0,0,0,0,0,0,0,0,0,0,0,0,0,0,0,0,0,0,0,0,0,0,0,0,0,0,0,0,NA,NA,NA,NA,NA,NA,NA,NA,NA,NA,NA,NA,NA,NA,NA,NA,NA,NA,NA,NA,NA,NA,NA,NA,NA,NA,NA,NA,NA,NA,NA,NA,-19.735,9.287,3.648,18.242,0.663,"2024a","NUX8Z2",34.2453636363636
23,"Luxembourg",10,10,1979-06-10,197906,23320,"Socialist Workers’ Party of Luxembourg","LSAP/POSL",30,"NA",104,0,1983,NA,NA,22.5,0,NA,14,59,1,10,"NA",986,0,0.609,0,0,0,1.217,0,3.55,3.043,0,0,5.375,6.998,0,0,0.203,0.913,0.913,0,0,1.014,0.609,2.231,2.738,0,0,0,3.854,0,0.913,11.156,2.13,0,0,0,0,6.998,5.781,4.361,5.477,0,10.345,0,0,0,0.101,0.406,0.203,1.42,0.304,0,1.623,0,2.231,4.158,3.347,5.781,0,0,0,0,0,0,0,0,0,0,0,0,0,0,0,0,0,0,0,0,0,0,0,0,0,0,0,0,0,0,0,0,0,0,0,0,0,0,0,0,0,0,0,0,0,0,0,0,0,0,0,0,0,0,NA,NA,NA,NA,NA,NA,NA,NA,NA,NA,NA,NA,NA,NA,NA,NA,NA,NA,NA,NA,NA,NA,NA,NA,NA,NA,NA,NA,NA,NA,NA,NA,-27.586,7.099,1.014,9.838,1.217,"2024a","Z12AEQ",26.1093636363636
23,"Luxembourg",10,10,1979-06-10,197906,23420,"Democratic Party","DP/PD",40,"NA",104,0,1983,NA,NA,21.9,0,NA,15,59,1,10,"NA",937,5.656,1.281,0,0,0,0,0,1.387,2.028,0,0,0.961,2.455,0.32,0,1.387,0,1.067,0,0,0.854,2.455,1.174,0.534,0,0,0.213,9.498,0,0,12.487,4.269,0,0.427,0,0,9.285,4.696,2.561,5.763,1.814,7.471,0,0,0,0.427,0.961,1.174,0,1.494,0,0.64,0,3.308,4.589,2.775,4.589,0,0,0,0,0,0,0,0,0,0,0,0,0,0,0,0,0,0,0,0,0,0,0,0,0,0,0,0,0,0,0,0,0,0,0,0,0,0,0,0,0,0,0,0,0,0,0,0,0,0,0,0,0,0,NA,NA,NA,NA,NA,NA,NA,NA,NA,NA,NA,NA,NA,NA,NA,NA,NA,NA,NA,NA,NA,NA,NA,NA,NA,NA,NA,NA,NA,NA,NA,NA,-15.048,5.977,1.281,8.324,0,"2024a","D6ITWP",18.5424545454545
23,"Luxembourg",10,10,1979-06-10,197906,23520,"Christian Social People’s Party","CSV/PCS",50,"NA",104,0,1983,NA,NA,36.4,0,NA,24,59,1,10,"NA",666,3.003,0.901,0,0,0,0,0.3,1.051,2.402,0,0,1.351,1.502,0,0,1.502,0,3.003,0.15,0,3.003,4.655,1.502,1.952,0,0,0,5.405,0,0.601,5.255,0,0.15,0.45,0,0,4.354,9.009,2.402,12.312,0.3,4.505,0,0.901,0,4.204,0,0.15,0.601,0.45,0,2.102,0,2.102,4.655,4.204,9.61,0,0,0,0,0,0,0,0,0,0,0,0,0,0,0,0,0,0,0,0,0,0,0,0,0,0,0,0,0,0,0,0,0,0,0,0,0,0,0,0,0,0,0,0,0,0,0,0,0,0,0,0,0,0,NA,NA,NA,NA,NA,NA,NA,NA,NA,NA,NA,NA,NA,NA,NA,NA,NA,NA,NA,NA,NA,NA,NA,NA,NA,NA,NA,NA,NA,NA,NA,NA,-9.76,3.453,3.453,14.715,0.3,"2024a","JBGM9P",34.2453636363636
23,"Luxembourg",10,10,1984-06-17,198406,23320,"Socialist Workers’ Party of Luxembourg","LSAP/POSL",30,"NA",104,0,1989,NA,NA,31.8,0,NA,21,64,1,10,"NA",734,0.409,0,0,0.272,0,0.136,0.954,0.409,0.409,0,0,3.27,5.041,0,0.136,1.362,0,5.722,0,0.545,1.362,3.27,0.409,0.817,0,0,0.136,3.951,0,0,10.082,0.409,0,0.409,0.136,0.136,6.403,10.627,2.18,12.943,0,9.673,0,0,0,0,0,0,0,0,0,7.357,0,3.815,0.136,1.226,5.858,0,0,0,0,0,0,0,0,0,0,0,0,0,0,0,0,0,0,0,0,0,0,0,0,0,0,0,0,0,0,0,0,0,0,0,0,0,0,0,0,0,0,0,0,0,0,0,0,0,0,0,0,0,0,NA,NA,NA,NA,NA,NA,NA,NA,NA,NA,NA,NA,NA,NA,NA,NA,NA,NA,NA,NA,NA,NA,NA,NA,NA,NA,NA,NA,NA,NA,NA,NA,-29.428,1.635,1.771,15.123,1.09,"2024a","DH9ALH",26.1093636363636
23,"Luxembourg",10,10,1984-06-17,198406,23420,"Democratic Party","DP/PD",40,"NA",104,0,1989,NA,NA,20.4,0,NA,14,64,1,10,"NA",775,3.355,0.258,0.129,0,0,0,1.161,0,0.258,0,0,3.484,0.387,0,0,0,0,0.903,0,6.194,5.419,1.032,1.806,0,0.516,0,0,9.935,0,0.516,6.194,0,0,11.484,0,0,2.839,8.516,0.387,6.194,1.806,5.935,0,0.387,0,0.774,0.258,2.065,0,0,0,3.484,0,5.677,0.516,0.129,8,0,0,0,0,0,0,0,0,0,0,0,0,0,0,0,0,0,0,0,0,0,0,0,0,0,0,0,0,0,0,0,0,0,0,0,0,0,0,0,0,0,0,0,0,0,0,0,0,0,0,0,0,0,0,NA,NA,NA,NA,NA,NA,NA,NA,NA,NA,NA,NA,NA,NA,NA,NA,NA,NA,NA,NA,NA,NA,NA,NA,NA,NA,NA,NA,NA,NA,NA,NA,13.677,1.806,16.903,6.581,1.29,"2024a","QL2IJM",18.5424545454545
23,"Luxembourg",10,10,1984-06-17,198406,23520,"Christian Social People’s Party","CSV/PCS",50,"NA",104,0,1989,NA,NA,36.6,0,NA,25,64,1,10,"NA",1001,0.1,0,0.3,0.1,0.1,0.3,1.798,2.198,3.497,0,0,1.099,0.699,0.3,0.4,1.099,0,4.595,0,1.399,2.897,5.195,0.999,0.2,0,0,0,5.894,0,0,5.894,0,0,0.1,0,0,6.693,7.093,0.699,11.588,0.599,7.293,0,0.1,0,3.197,0,0.599,0,0,0,3.397,0,11.588,0.999,1.898,5.095,0,0,0,0,0,0,0,0,0,0,0,0,0,0,0,0,0,0,0,0,0,0,0,0,0,0,0,0,0,0,0,0,0,0,0,0,0,0,0,0,0,0,0,0,0,0,0,0,0,0,0,0,0,0,NA,NA,NA,NA,NA,NA,NA,NA,NA,NA,NA,NA,NA,NA,NA,NA,NA,NA,NA,NA,NA,NA,NA,NA,NA,NA,NA,NA,NA,NA,NA,NA,-12.987,1.199,2.997,12.288,2.398,"2024a","79CXV2",34.2453636363636
23,"Luxembourg",10,10,1989-06-18,198906,23320,"Socialist Workers’ Party of Luxembourg","LSAP/POSL",30,"NA",104,0,1989,NA,NA,26.2,0,NA,18,60,1,10,"NA",954,0.1,0,0,0,0.3,1.2,1.2,1.3,2.3,0,0.2,2.9,2.9,0,0,1.6,0,3,0,0.2,0.3,1.5,0.7,0.2,0.7,0.3,0,1.8,0.1,0.1,12.6,0,0,1.1,0,0,9.9,6.3,4.4,9.9,0,7.7,0,0.1,0.1,3.4,1.2,1.4,0.4,0.8,0,2.4,0,2.7,1.7,2.4,8.8,0,0,0,0,0,0,0,0,0,0,0,0,0,0,0,0,0,0,0,0,0,0,0,0,0,0,0,0,0,0,0,0,0,0,0,0,0,0,0,0,0,0,0,0,0,0,0,0,0,0,0,0,0,0,NA,NA,NA,NA,NA,NA,NA,NA,NA,NA,NA,NA,NA,NA,NA,NA,NA,NA,NA,NA,NA,NA,NA,NA,NA,NA,NA,NA,NA,NA,NA,NA,-16.2,0.9,1.4,14.3,2.4,"2024a","DX34HY",26.1093636363636
23,"Luxembourg",10,10,1989-06-18,198906,23420,"Democratic Party","DP/PD",40,"NA",104,0,1989,NA,NA,17.2,0,NA,11,60,1,10,"NA",574,0,1.2,0,0,0.9,0,0.5,1.6,8.2,0,1.4,3.8,3,0.5,0,1.6,0,10.6,0,0.9,3.5,6.6,0.5,0,0,0.2,0,2.3,0,0.3,10.6,0,0,0.3,0,0,6.3,3.3,2.6,4.5,0,4.7,0,0,0,1.6,0,0.5,0.2,1.1,0,2.1,0,8,1.4,1.4,3.8,0,0,0,0,0,0,0,0,0,0,0,0,0,0,0,0,0,0,0,0,0,0,0,0,0,0,0,0,0,0,0,0,0,0,0,0,0,0,0,0,0,0,0,0,0,0,0,0,0,0,0,0,0,0,NA,NA,NA,NA,NA,NA,NA,NA,NA,NA,NA,NA,NA,NA,NA,NA,NA,NA,NA,NA,NA,NA,NA,NA,NA,NA,NA,NA,NA,NA,NA,NA,1.7,0.5,3.8,7.1,0.5,"2024a","RECFZL",18.5424545454545
23,"Luxembourg",10,10,1989-06-18,198906,23520,"Christian Social People’s Party","CSV/PCS",50,"NA",104,0,1989,NA,NA,32.4,0,NA,22,60,1,10,"NA",1793,0.1,0.1,0,0,0.6,0,0,1,19.2,0.1,0.4,1.5,0.1,0.7,0,1,0.3,3.2,0,0.8,2.2,3.8,1.6,0.3,0.2,0,0,1,0,0.4,6.4,0,0,2.1,0,0,3,5.5,2.6,7,0,5.2,0,0.8,0.1,7.6,0,1.1,1.1,0.9,0.9,1.7,0.1,6.8,0.8,0.7,7.1,0,0,0,0,0,0,0,0,0,0,0,0,0,0,0,0,0,0,0,0,0,0,0,0,0,0,0,0,0,0,0,0,0,0,0,0,0,0,0,0,0,0,0,0,0,0,0,0,0,0,0,0,0,0,NA,NA,NA,NA,NA,NA,NA,NA,NA,NA,NA,NA,NA,NA,NA,NA,NA,NA,NA,NA,NA,NA,NA,NA,NA,NA,NA,NA,NA,NA,NA,NA,5.4,1.9,4.3,9.6,0,"2024a","H57EZO",34.2453636363636
23,"Luxembourg",10,10,1994-06-12,199406,23320,"Socialist Workers’ Party of Luxembourg","LSAP/POSL",30,"NA",104,0,1998,NA,NA,25.4,0,NA,17,60,1,10,"NA",1020,0.588,0,0,0,0.588,0,0.196,1.667,0.882,0.196,0.196,0.196,2.647,0,0,0.588,0.588,6.078,0,0,0,4.118,2.843,0,0.49,0.098,0.098,2.745,0,0,13.725,0,0.294,2.157,0,2.647,6.863,9.02,1.471,13.824,0,7.059,0.294,0,0,0.196,0.98,0.98,1.667,0.588,0.392,1.667,0,1.765,1.275,3.627,4.706,0,0,0,0,0,0,0,0,0,0,0,0,0,0,0,0,0,0,0,0,0,0,0,0,0,0,0,0,0,0,0,0,0,0,0,0,0,0,0,0,0,0,0,0,0,0,0,0,0,0,0,0,0,0,NA,NA,NA,NA,NA,NA,NA,NA,NA,NA,NA,NA,NA,NA,NA,NA,NA,NA,NA,NA,NA,NA,NA,NA,NA,NA,NA,NA,NA,NA,NA,NA,-20.294,2.843,2.157,15.294,0.196,"2024a","366MER",26.1093636363636
23,"Luxembourg",10,10,1994-06-12,199406,23420,"Democratic Party","DP/PD",40,"NA",104,0,1998,NA,NA,19.3,0,NA,12,60,1,10,"NA",521,1.344,0.192,0,0,1.344,0,0.384,2.111,4.798,0.384,4.798,0.192,1.536,0.576,0,0.192,0,6.718,0,4.415,2.495,7.294,0.192,0,0,0.576,0.384,6.334,0,0,10.173,0,0,0.96,0,0,7.294,3.455,0.576,3.647,7.869,6.334,0,0,0,0,0,2.495,2.495,0,0.768,0.576,0,3.071,0.192,1.344,2.495,0,0,0,0,0,0,0,0,0,0,0,0,0,0,0,0,0,0,0,0,0,0,0,0,0,0,0,0,0,0,0,0,0,0,0,0,0,0,0,0,0,0,0,0,0,0,0,0,0,0,0,0,0,0,NA,NA,NA,NA,NA,NA,NA,NA,NA,NA,NA,NA,NA,NA,NA,NA,NA,NA,NA,NA,NA,NA,NA,NA,NA,NA,NA,NA,NA,NA,NA,NA,15.163,0.192,3.455,4.223,0.384,"2024a","P8ZPIU",18.5424545454545
23,"Luxembourg",10,10,1994-06-12,199406,23520,"Christian Social People’s Party","CSV/PCS",50,"NA",104,0,1998,NA,NA,30.3,0,NA,21,60,1,10,"NA",1268,2.76,0,0,0,0,0,0.237,9.621,1.972,0,0.631,0.71,3.155,0,0.315,1.42,0,4.022,0,0.473,0,3.864,4.338,0,0.473,0.315,0.315,5.836,0,0,4.811,0,0,3.628,0,0,2.603,5.599,2.208,10.41,0.789,6.703,0,0.473,0,3.155,0,4.574,0.315,0.315,0.71,1.104,0,1.183,0.473,5.757,4.732,0,0,0,0,0,0,0,0,0,0,0,0,0,0,0,0,0,0,0,0,0,0,0,0,0,0,0,0,0,0,0,0,0,0,0,0,0,0,0,0,0,0,0,0,0,0,0,0,0,0,0,0,0,0,NA,NA,NA,NA,NA,NA,NA,NA,NA,NA,NA,NA,NA,NA,NA,NA,NA,NA,NA,NA,NA,NA,NA,NA,NA,NA,NA,NA,NA,NA,NA,NA,-17.587,4.338,3.628,12.618,0.237,"2024a","N4VL9U",34.2453636363636
23,"Luxembourg",10,10,1999-06-13,199906,23320,"Socialist Workers’ Party of Luxembourg","LSAP/POSL",30,"NA",104,0,2000,NA,NA,22.2,0,NA,13,60,1,20,"NA",1235,0.081,0,0,0,0,0,0,2.834,4.049,0,0,5.749,4.939,0.891,0,2.915,0,3.644,0,2.429,0,1.619,6.397,0,0.729,0,0,1.296,0,0.648,11.336,0,0,0.648,0,0,5.749,5.506,6.883,6.316,0,13.117,0,0,0,0,0.567,0,2.024,1.134,0,0.648,0,0.81,0.729,3.887,2.429,0,0,0,0,0,0,0,0,0,0,0,0,0,0,0,0,0,0,0,0,0,0,0,0,0,0,0,0,0,0,0,0,0,0,0,0,0,0,0,0,0,0,0,0,0,0,0,0,0,0,0,0,0,0,NA,NA,NA,NA,NA,NA,NA,NA,NA,NA,NA,NA,NA,NA,NA,NA,NA,NA,NA,NA,NA,NA,NA,NA,NA,NA,NA,NA,NA,NA,NA,NA,-20.891,6.397,0.648,13.198,0,"2024a","CO5OAM",26.1093636363636
23,"Luxembourg",10,10,1999-06-13,199906,23420,"Democratic Party","DP/PD",40,"NA",104,0,2000,NA,NA,22.4,0,NA,15,60,1,20,"NA",889,0,0,0,0,0.562,0,0,1.012,4.049,0,0,6.524,6.074,1.012,0,1.35,0,7.537,0.337,2.925,1.687,2.812,4.612,0,0,0,0,3.6,0,1.35,9.561,0,0,2.025,0,0,5.962,3.487,2.587,2.362,1.912,8.661,0,0,0,0,1.012,2.475,2.587,0.45,0,0.562,0,2.587,0.562,4.387,3.375,0,0,0,0,0,0,0,0,0,0,0,0,0,0,0,0,0,0,0,0,0,0,0,0,0,0,0,0,0,0,0,0,0,0,0,0,0,0,0,0,0,0,0,0,0,0,0,0,0,0,0,0,0,0,NA,NA,NA,NA,NA,NA,NA,NA,NA,NA,NA,NA,NA,NA,NA,NA,NA,NA,NA,NA,NA,NA,NA,NA,NA,NA,NA,NA,NA,NA,NA,NA,1.237,4.612,3.712,4.949,0,"2024a","3CC6U1",18.5424545454545
23,"Luxembourg",10,10,1999-06-13,199906,23520,"Christian Social People’s Party","CSV/PCS",50,"NA",104,0,2000,NA,NA,30.1,0,NA,19,60,1,20,"NA",1883,0.053,0.637,0,0,0.159,0,0,1.806,1.434,0,0.159,2.177,1.912,0,0,1.753,0,4.833,0,0.531,1.487,2.602,5.258,0.053,0.584,0,0,3.824,0,0.159,7.647,0,0,2.602,0,0,4.567,5.842,3.346,9.187,0.053,11.79,0,0.053,0,1.912,0,3.771,5.204,2.018,1.806,1.328,0,2.815,1.54,1.912,3.186,0,0,0,0,0,0,0,0,0,0,0,0,0,0,0,0,0,0,0,0,0,0,0,0,0,0,0,0,0,0,0,0,0,0,0,0,0,0,0,0,0,0,0,0,0,0,0,0,0,0,0,0,0,0,NA,NA,NA,NA,NA,NA,NA,NA,NA,NA,NA,NA,NA,NA,NA,NA,NA,NA,NA,NA,NA,NA,NA,NA,NA,NA,NA,NA,NA,NA,NA,NA,-10.781,5.311,4.089,12.533,0,"2024a","4MIZW7",34.2453636363636
23,"Luxembourg",10,10,2004-06-13,200406,23320,"Socialist Workers’ Party of Luxembourg","LSAP/POSL",30,"NA",284,3,2011,0.689,NA,23.373,0,NA,14,60,1,81,"2024-1",1364,0.733,0,0,0,1.026,0.22,0.22,3.739,0.513,0,0.073,1.173,2.859,0.293,0,1.906,0,4.032,0,1.32,0.073,2.126,2.126,0,0,0,0.147,0.733,0.587,0.513,13.196,0.22,2.419,0.806,0.073,2.933,3.299,4.106,2.346,15.029,0,8.431,0,1.54,0,0.293,1.906,2.493,2.713,0.733,0.44,3.886,0,1.686,0.147,2.713,4.179,0,0,0,0,0,0,0,0,0,0,0,0,0,0,0,0,0,0,0,0,0,0,0,0,0,0,0,0,0,0,0,0,0,0,0,0,0,0,0,0,0,0,0,0,0,0,0,0,0,0,0,0,0,0,NA,NA,NA,NA,NA,NA,NA,NA,NA,NA,NA,NA,NA,NA,NA,NA,NA,NA,NA,NA,NA,NA,NA,NA,NA,NA,NA,NA,NA,NA,NA,NA,-25.147,2.346,0.88,17.375,0.44,"2024a","7XW8UU",26.1093636363636
23,"Luxembourg",10,10,2004-06-13,200406,23420,"Democratic Party","DP/PD",40,"NA",284,3,2011,0.689,NA,16.048,0,NA,10,60,1,81,"2024-1",1317,0,0,0,0,0.304,0,0.228,1.139,2.354,0,0,1.822,2.278,0.607,0,0.987,0,4.784,0.152,0,0.835,7.289,0.228,0.683,0.076,0,0,0.076,0.683,1.139,7.289,0,0.076,3.265,0,0.076,8.2,7.973,1.746,11.921,0.152,11.39,0.076,0.38,0,0.076,2.05,2.582,0.532,0.304,0,3.113,0,5.771,0.228,2.809,4.328,0,0,0,0,0,0,0,0,0,0,0,0,0,0,0,0,0,0,0,0,0,0,0,0,0,0,0,0,0,0,0,0,0,0,0,0,0,0,0,0,0,0,0,0,0,0,0,0,0,0,0,0,0,0,NA,NA,NA,NA,NA,NA,NA,NA,NA,NA,NA,NA,NA,NA,NA,NA,NA,NA,NA,NA,NA,NA,NA,NA,NA,NA,NA,NA,NA,NA,NA,NA,-13.212,0.911,4.1,13.667,0.228,"2024a","Z9L4A2",18.5424545454545
23,"Luxembourg",10,10,2004-06-13,200406,23520,"Christian Social People’s Party","CSV/PCS",50,"NA",284,3,2011,0.689,NA,36.112,0,NA,24,60,1,81,"2024-1",1967,0,0,0,0.203,1.373,0,0.051,4.779,1.322,0,0,0.966,3.203,0.407,0,1.017,0.051,5.033,0.203,1.017,0.458,3.864,3.254,0.763,1.118,0.051,0.051,0.508,0,1.068,10.981,0.966,0,1.017,0,0.254,6.253,2.339,2.034,9.405,0.102,7.473,0,2.389,0,1.373,0.915,2.898,1.678,0.458,1.068,5.287,0,6.66,0.508,2.339,2.847,0,0,0,0,0,0,0,0,0,0,0,0,0,0,0,0,0,0,0,0,0,0,0,0,0,0,0,0,0,0,0,0,0,0,0,0,0,0,0,0,0,0,0,0,0,0,0,0,0,0,0,0,0,0,NA,NA,NA,NA,NA,NA,NA,NA,NA,NA,NA,NA,NA,NA,NA,NA,NA,NA,NA,NA,NA,NA,NA,NA,NA,NA,NA,NA,NA,NA,NA,NA,-17.844,4.982,1.474,11.439,0.051,"2024a","RKYD55",34.2453636363636
23,"Luxembourg",10,10,2009-06-07,200906,23320,"Socialist Workers’ Party of Luxembourg","LSAP/POSL",30,"NA",284,3,2011,0.689,NA,21.548,0,NA,13,60,1,81,"2024-1",2372,0.042,0,0,0.042,0.084,0,0.885,2.108,0.295,0,0,0.253,1.096,0.548,0.084,1.265,0.126,3.668,0,1.054,0,1.349,6.324,0.253,0.084,0.042,0.253,0.211,0.548,1.686,9.696,0.379,0,2.234,0,2.782,11.046,0.169,3.288,12.226,0.042,9.781,0,0.464,0,0,0.337,2.403,3.668,1.476,0.759,8.347,0,3.71,0,0.801,4.089,0,0,0,0,0,0,0,0,0,0,0,0,0,0,0,0,0,0,0,0,0,0,0,0,0,0,0,0,0,0,0,0,0,0,0,0,0,0,0,0,0,0,0,0,0,0,0,0,0,0,0,0,0,0,NA,NA,NA,NA,NA,NA,NA,NA,NA,NA,NA,NA,NA,NA,NA,NA,NA,NA,NA,NA,NA,NA,NA,NA,NA,NA,NA,NA,NA,NA,NA,NA,-29.132,6.956,2.234,15.514,0.885,"2024a","WFDLPH",26.1093636363636
23,"Luxembourg",10,10,2009-06-07,200906,23420,"Democratic Party","DP/PD",40,"NA",284,3,2011,0.689,NA,14.973,0,NA,9,60,1,81,"2024-1",2293,0.741,0,0,0.044,0.349,0.392,0,1.919,0,0,0,1.657,2.922,0.392,0,1.396,0,11.164,0,1.526,1.744,3.184,0.916,0.829,1.221,0.131,0,0.48,1.09,0.741,8.94,0,0,1.919,0,1.875,8.853,5.364,3.009,9.071,1.134,6.324,0,1.919,0,0.218,5.277,1.047,0.567,0.262,0.523,1.352,0.218,3.751,0.174,2.05,3.314,0,0,0,0,0,0,0,0,0,0,0,0,0,0,0,0,0,0,0,0,0,0,0,0,0,0,0,0,0,0,0,0,0,0,0,0,0,0,0,0,0,0,0,0,0,0,0,0,0,0,0,0,0,0,NA,NA,NA,NA,NA,NA,NA,NA,NA,NA,NA,NA,NA,NA,NA,NA,NA,NA,NA,NA,NA,NA,NA,NA,NA,NA,NA,NA,NA,NA,NA,NA,-8.242,1.744,3.663,12.08,0.392,"2024a","NDVQJT",18.5424545454545
23,"Luxembourg",10,10,2009-06-07,200906,23520,"Christian Social People’s Party","CSV/PCS",50,"NA",284,3,2011,0.689,NA,38.006,0,NA,26,60,1,81,"2024-1",1735,0.288,0,0,0,0.922,0,0.173,3.516,0,0.058,0,1.268,1.383,0.98,0,1.499,0,6.859,0,1.095,0.058,3.573,4.957,0.058,1.326,0,0,0.346,0.519,1.729,11.124,0,0,3.746,0,0.346,4.323,6.455,2.651,8.242,1.441,5.879,0.058,2.075,0,1.844,1.383,0.403,4.496,2.19,0.865,3.343,0,3.516,0,3.112,1.902,0,0,0,0,0,0,0,0,0,0,0,0,0,0,0,0,0,0,0,0,0,0,0,0,0,0,0,0,0,0,0,0,0,0,0,0,0,0,0,0,0,0,0,0,0,0,0,0,0,0,0,0,0,0,NA,NA,NA,NA,NA,NA,NA,NA,NA,NA,NA,NA,NA,NA,NA,NA,NA,NA,NA,NA,NA,NA,NA,NA,NA,NA,NA,NA,NA,NA,NA,NA,-5.648,5.014,3.804,10.893,0.173,"2024a","OFTCM2",34.2453636363636
23,"Luxembourg",10,10,2013-10-20,201310,23320,"Socialist Workers’ Party of Luxembourg","LSAP/POSL",30,"NA",305,4,2014,0.777,0.576,20.282,0,NA,13,60,1,81,"2024-1",1155,0.433,0,0,0,0.346,0,0.433,1.126,2.597,0,0.26,1.558,4.762,0.087,1.905,2.424,0.173,5.455,0,1.818,0.26,2.165,6.32,0.779,0.346,0,0.173,0.173,0.346,1.818,10.043,1.039,0.519,0.693,0,0.433,3.81,5.281,5.887,13.42,0.693,5.281,0,0.173,0,1.299,2.771,1.558,2.771,0.693,0.693,4.502,0,1.732,0.26,0,0.693,0,0,0,0,0,0,0,0,0,0,0,0,0,0,0,0,0,0,0,0,0,0,0,0,0,0,0,0,0,0,0,0,0,0,0,0,0,0,0,0,0,0,0,0,0,0,0,0,0,0,0,0,0,0,NA,NA,NA,NA,NA,NA,NA,NA,NA,NA,NA,NA,NA,NA,NA,NA,NA,NA,NA,NA,NA,NA,NA,NA,NA,NA,NA,NA,NA,NA,NA,NA,-24.589,8.139,0.952,19.307,0.433,"2024a","1F28JN",26.1093636363636
23,"Luxembourg",10,10,2013-10-20,201310,23420,"Democratic Party","DP/PD",40,"NA",305,4,2014,0.777,0.576,18.246,0,NA,13,60,1,81,"2024-1",2733,0,0,0,0,1.061,0.256,0.037,1.5,0.842,0.11,0.183,2.525,7.135,0.073,0.329,0.915,0,10.282,0,3.403,2.122,4.647,4.171,4.757,1.244,0,0.037,0.037,0.183,0.549,8.123,0.768,0.073,2.891,0,1.134,3.769,3.22,2.342,5.232,2.744,6.769,0,1.244,0,1.427,2.634,1.5,2.159,1.281,0.915,2.305,0.11,2.269,0.037,0.439,0.22,0,0,0,0,0,0,0,0,0,0,0,0,0,0,0,0,0,0,0,0,0,0,0,0,0,0,0,0,0,0,0,0,0,0,0,0,0,0,0,0,0,0,0,0,0,0,0,0,0,0,0,0,0,0,NA,NA,NA,NA,NA,NA,NA,NA,NA,NA,NA,NA,NA,NA,NA,NA,NA,NA,NA,NA,NA,NA,NA,NA,NA,NA,NA,NA,NA,NA,NA,NA,-7.172,9.696,5.013,7.574,0.293,"2024a","4SAHEK",18.5424545454545
23,"Luxembourg",10,10,2013-10-20,201310,23520,"Christian Social People’s Party","CSV/PCS",50,"NA",305,4,2014,0.777,0.576,33.681,0,NA,23,60,1,81,"2024-1",1135,0.352,0,0,0.088,0.969,0,0.088,2.115,3.612,0.176,0.264,2.203,2.731,0.264,0.529,2.996,0.529,4.758,0.969,0.264,0.529,2.379,2.026,0.793,2.115,0.088,0.088,0.352,0,1.057,7.401,1.145,0.176,2.555,0,1.498,4.053,5.374,3.7,12.423,3.084,5.022,0.176,2.467,0.176,2.203,0.705,3.172,1.762,1.41,0.705,2.996,0.088,3.436,0.441,0.176,1.322,0,0,0,0,0,0,0,0,0,0,0,0,0,0,0,0,0,0,0,0,0,0,0,0,0,0,0,0,0,0,0,0,0,0,0,0,0,0,0,0,0,0,0,0,0,0,0,0,0,0,0,0,0,0,NA,NA,NA,NA,NA,NA,NA,NA,NA,NA,NA,NA,NA,NA,NA,NA,NA,NA,NA,NA,NA,NA,NA,NA,NA,NA,NA,NA,NA,NA,NA,NA,-7.753,3.965,3.084,16.123,0.088,"2024a","61S8ZL",34.2453636363636
32,"Italy",10,10,1963-04-28,196304,32220,"Italian Communist Party","PCI",20,"NA",111,0,1980,NA,NA,25.256,0,NA,166,630,1,10,"NA",235,36.596,0,0,0.851,0,2.979,2.128,0.426,0,2.128,1.277,2.979,1.702,0.851,0.426,2.553,0,2.553,0.851,0,0,0.426,6.383,2.979,0,0,0,4.255,0,0.426,0,0,3.83,0,0,0,0,1.277,0,2.553,0,4.255,0,0,0,0,0.426,1.277,2.553,0,0,5.957,0,0.426,3.404,0,1.277,0,0,0,0,0,0,0,0,0,0,0,0,0,0,0,0,0,0,0,0,0,0,0,0,0,0,0,0,0,0,0,0,0,0,0,0,0,0,0,0,0,0,0,0,0,0,0,0,0,0,0,0,0,0,NA,NA,NA,NA,NA,NA,NA,NA,NA,NA,NA,NA,NA,NA,NA,NA,NA,NA,NA,NA,NA,NA,NA,NA,NA,NA,NA,NA,NA,NA,NA,NA,-25.957,9.362,0,2.553,5.106,"2024a","MIWI9L",24.8823636363636
32,"Italy",10,10,1963-04-28,196304,32320,"Italian Socialist Party","PSI",30,"NA",111,0,1980,NA,NA,13.841,0,NA,87,630,1,10,"NA",749,7.076,0,0,0,0,0.801,0.668,1.068,1.202,0.267,0,1.068,0.668,0.401,0.534,4.806,0,8.545,0,0,0.134,1.602,2.67,4.673,0.801,0,0,12.817,0.134,3.204,1.202,0,0.801,0,0,0,0.134,4.806,0,12.55,0,8.278,0,0.134,0,1.869,0,0.134,0,0,0.134,4.406,0,4.539,1.068,0,6.809,0,0,0,0,0,0,0,0,0,0,0,0,0,0,0,0,0,0,0,0,0,0,0,0,0,0,0,0,0,0,0,0,0,0,0,0,0,0,0,0,0,0,0,0,0,0,0,0,0,0,0,0,0,0,NA,NA,NA,NA,NA,NA,NA,NA,NA,NA,NA,NA,NA,NA,NA,NA,NA,NA,NA,NA,NA,NA,NA,NA,NA,NA,NA,NA,NA,NA,NA,NA,-31.242,7.343,0.134,12.55,1.469,"2024a","QMUHA3",10.549
32,"Italy",10,10,1963-04-28,196304,32520,"Christian Democrats","DC",50,"NA",111,0,1980,NA,NA,38.186,0,NA,260,630,1,10,"NA",478,19.874,0,0,0,3.138,0,1.464,1.464,3.138,0,0,2.72,2.72,0.837,0,3.138,0,1.883,0,0,3.347,2.51,1.255,3.138,0,0,0,7.531,0.628,2.929,1.255,0,0.418,0.209,0,0,0.209,1.883,2.092,9.833,0,4.393,0.209,0.628,0,6.485,0,0,0.837,0.628,0,1.883,0,1.883,1.674,0.209,3.556,0,0,0,0,0,0,0,0,0,0,0,0,0,0,0,0,0,0,0,0,0,0,0,0,0,0,0,0,0,0,0,0,0,0,0,0,0,0,0,0,0,0,0,0,0,0,0,0,0,0,0,0,0,0,NA,NA,NA,NA,NA,NA,NA,NA,NA,NA,NA,NA,NA,NA,NA,NA,NA,NA,NA,NA,NA,NA,NA,NA,NA,NA,NA,NA,NA,NA,NA,NA,-5.858,4.393,3.556,11.925,1.464,"2024a","3D8AJ5",32.9504444444444
32,"Italy",10,10,1968-05-19,196805,32220,"Italian Communist Party","PCI",20,"NA",111,0,1980,NA,NA,26.907,0,NA,177,630,1,10,"NA",295,31.186,0,0,0.339,1.017,6.78,5.763,1.017,1.017,3.39,0.339,2.034,7.797,0.678,0.339,1.017,0,1.356,0.678,0,0.339,0,2.373,1.356,0,0.339,0,3.39,0.339,1.356,2.373,0,0.678,0.339,0,0,0.339,0,0.678,1.695,0,1.356,0,0.678,0,0,1.017,0.678,0.678,0,0,7.119,0,2.712,1.356,0,4.068,0,0,0,0,0,0,0,0,0,0,0,0,0,0,0,0,0,0,0,0,0,0,0,0,0,0,0,0,0,0,0,0,0,0,0,0,0,0,0,0,0,0,0,0,0,0,0,0,0,0,0,0,0,0,NA,NA,NA,NA,NA,NA,NA,NA,NA,NA,NA,NA,NA,NA,NA,NA,NA,NA,NA,NA,NA,NA,NA,NA,NA,NA,NA,NA,NA,NA,NA,NA,-30.169,3.729,0.678,2.373,12.542,"2024a","2TUD7S",24.8823636363636
32,"Italy",10,10,1968-05-19,196805,32322,"Unified Italian Socialist Party-Italian Democratic Socialist Party","PSI-PSDI",30,"NA",999,999,NA,NA,NA,14.482,0,NA,91,630,4,10,"NA",123,59.35,0,0,0,0.813,0,2.439,2.439,0.813,0,0,0,4.065,0.813,0,0.813,0,0.813,0,2.439,0,0.813,0.813,2.439,0,0,0,3.252,0,0.813,0,0,0,0,0,0,0,0,0,2.439,0,4.878,0,0,0,0,3.252,0,0,0,0,4.065,0,0,0,0,2.439,0,0,0,0,0,0,0,0,0,0,0,0,0,0,0,0,0,0,0,0,0,0,0,0,0,0,0,0,0,0,0,0,0,0,0,0,0,0,0,0,0,0,0,0,0,0,0,0,0,0,0,0,0,0,NA,NA,NA,NA,NA,NA,NA,NA,NA,NA,NA,NA,NA,NA,NA,NA,NA,NA,NA,NA,NA,NA,NA,NA,NA,NA,NA,NA,NA,NA,NA,NA,-18.699,3.252,0,2.439,2.439,"2024a","7PCAMN",14.482
32,"Italy",10,10,1968-05-19,196805,32520,"Christian Democrats","DC",50,"NA",111,0,1980,NA,NA,39.012,0,NA,266,630,1,10,"NA",482,29.461,0.83,0,0,1.452,0,2.282,3.112,5.602,0,0,2.49,1.037,0.622,0,3.942,0,3.527,0,3.32,0.83,0.415,0,1.037,0,0,0,4.979,0.207,0.415,2.282,0,0,0,0,0,0,3.734,0,6.432,0,8.921,0,0.415,0,3.32,0,0,0,0,0,0.83,0,1.452,0,0,7.054,0,0,0,0,0,0,0,0,0,0,0,0,0,0,0,0,0,0,0,0,0,0,0,0,0,0,0,0,0,0,0,0,0,0,0,0,0,0,0,0,0,0,0,0,0,0,0,0,0,0,0,0,0,0,NA,NA,NA,NA,NA,NA,NA,NA,NA,NA,NA,NA,NA,NA,NA,NA,NA,NA,NA,NA,NA,NA,NA,NA,NA,NA,NA,NA,NA,NA,NA,NA,-10.788,1.037,0.83,6.432,2.282,"2024a","MNFHCU",32.9504444444444
32,"Italy",10,10,1972-05-07,197205,32220,"Italian Communist Party","PCI",20,"NA",111,0,1980,NA,NA,27.153,0,NA,179,630,1,10,"NA",419,17.661,0,0,0,0,0.955,1.193,1.193,0.955,1.193,0,2.864,2.148,0.477,0.477,3.819,0,5.251,0.477,0.716,2.148,2.148,0.239,2.625,0,0,0,6.444,0,0,2.148,0,0,0.239,0,0,0.716,4.057,0.955,10.74,0,6.921,0,0,0,0.955,1.909,2.148,0.239,0.955,0,4.773,0,1.909,1.671,0.239,6.444,0,0,0,0,0,0,0,0,0,0,0,0,0,0,0,0,0,0,0,0,0,0,0,0,0,0,0,0,0,0,0,0,0,0,0,0,0,0,0,0,0,0,0,0,0,0,0,0,0,0,0,0,0,0,NA,NA,NA,NA,NA,NA,NA,NA,NA,NA,NA,NA,NA,NA,NA,NA,NA,NA,NA,NA,NA,NA,NA,NA,NA,NA,NA,NA,NA,NA,NA,NA,-18.854,2.864,2.387,11.695,2.148,"2024a","QWIOS6",24.8823636363636
32,"Italy",10,10,1972-05-07,197205,32320,"Italian Socialist Party","PSI",30,"NA",111,0,1980,NA,NA,9.605,0,NA,61,630,1,10,"NA",229,27.511,0.437,0,0,0,0.873,1.747,1.747,5.677,0.437,1.747,3.493,7.424,0.437,0,3.057,0,0.437,0,0,0.437,0,0.873,3.93,0,0,0,4.367,0,0.437,0,0,1.747,0,0,0,0.437,0,0.437,12.664,0,5.677,1.31,0,0,0,2.183,0.437,0,0,0,8.297,0,0.873,0,0,0.873,0,0,0,0,0,0,0,0,0,0,0,0,0,0,0,0,0,0,0,0,0,0,0,0,0,0,0,0,0,0,0,0,0,0,0,0,0,0,0,0,0,0,0,0,0,0,0,0,0,0,0,0,0,0,NA,NA,NA,NA,NA,NA,NA,NA,NA,NA,NA,NA,NA,NA,NA,NA,NA,NA,NA,NA,NA,NA,NA,NA,NA,NA,NA,NA,NA,NA,NA,NA,-40.175,4.803,0.437,13.1,2.62,"2024a","CT6R1C",10.549
32,"Italy",10,10,1972-05-07,197205,32520,"Christian Democrats","DC",50,"NA",111,0,1980,NA,NA,38.662,0,NA,267,630,1,10,"NA",224,22.321,0,0,0,1.786,0,0.446,2.232,5.357,0,0,0.446,0.446,2.679,0,4.464,2.232,3.125,0,1.786,1.786,3.571,0,0.893,0,0,0,8.482,5.357,3.125,1.786,0,0,1.339,0,0,0,0,0,4.018,0,3.571,0,0,0,4.464,0.893,0,0,0,0,2.679,0,4.464,3.125,0,3.125,0,0,0,0,0,0,0,0,0,0,0,0,0,0,0,0,0,0,0,0,0,0,0,0,0,0,0,0,0,0,0,0,0,0,0,0,0,0,0,0,0,0,0,0,0,0,0,0,0,0,0,0,0,0,NA,NA,NA,NA,NA,NA,NA,NA,NA,NA,NA,NA,NA,NA,NA,NA,NA,NA,NA,NA,NA,NA,NA,NA,NA,NA,NA,NA,NA,NA,NA,NA,3.571,0.893,3.125,4.018,0.446,"2024a","P6VEYD",32.9504444444444
32,"Italy",10,10,1976-06-20,197606,32220,"Italian Communist Party","PCI",20,"NA",111,0,1980,NA,NA,34.372,0,NA,227,630,1,10,"NA",490,16.327,0.204,0,0,0.816,0,0.816,0.816,3.878,0,0,3.265,4.286,0.816,1.224,3.061,0,4.082,3.265,0,0.204,2.041,0.204,1.837,0.816,0,0,11.633,0,3.469,1.224,0,0.204,1.837,0,0,0.408,2.857,2.245,2.857,0,4.898,0,2.245,0,0.204,4.286,1.633,0,0.816,0,4.694,0,0.204,0,0,6.327,0,0,0,0,0,0,0,0,0,0,0,0,0,0,0,0,0,0,0,0,0,0,0,0,0,0,0,0,0,0,0,0,0,0,0,0,0,0,0,0,0,0,0,0,0,0,0,0,0,0,0,0,0,0,NA,NA,NA,NA,NA,NA,NA,NA,NA,NA,NA,NA,NA,NA,NA,NA,NA,NA,NA,NA,NA,NA,NA,NA,NA,NA,NA,NA,NA,NA,NA,NA,-7.551,2.041,2.041,5.102,0.816,"2024a","I37FA9",24.8823636363636
32,"Italy",10,10,1976-06-20,197606,32320,"Italian Socialist Party","PSI",30,"NA",111,0,1980,NA,NA,9.645,0,NA,57,630,1,10,"NA",202,10.396,0,0,0,1.98,0,0,0,0.99,0,0,2.475,0.99,0,0.99,3.96,0,7.426,0.99,0.99,0,0.495,0.99,0.99,0,0,0,13.366,0.495,0.495,1.485,0,0.495,0,0,0,2.475,1.98,0.495,11.386,0,3.96,0.99,0.495,0,0,7.426,3.96,0.495,0,0,2.475,0,6.931,0,0,6.931,0,0,0,0,0,0,0,0,0,0,0,0,0,0,0,0,0,0,0,0,0,0,0,0,0,0,0,0,0,0,0,0,0,0,0,0,0,0,0,0,0,0,0,0,0,0,0,0,0,0,0,0,0,0,NA,NA,NA,NA,NA,NA,NA,NA,NA,NA,NA,NA,NA,NA,NA,NA,NA,NA,NA,NA,NA,NA,NA,NA,NA,NA,NA,NA,NA,NA,NA,NA,-10.396,1.98,0,11.881,0,"2024a","G41GZH",10.549
32,"Italy",10,10,1976-06-20,197606,32520,"Christian Democrats","DC",50,"NA",111,0,1980,NA,NA,38.71,0,NA,263,630,1,10,"NA",473,17.548,0.211,0,0,0.634,0,0.423,0.634,2.114,0,0,5.285,1.057,1.057,0.846,3.805,0,10.994,1.48,0.846,1.057,1.691,0,1.691,1.268,0,0,8.879,0,1.691,0.846,0,0.211,0.423,0,0,0,1.057,0.634,5.708,0,6.765,0,0.846,0,2.537,0.423,4.44,2.114,0,0,1.268,0,2.96,0.846,0,5.708,0,0,0,0,0,0,0,0,0,0,0,0,0,0,0,0,0,0,0,0,0,0,0,0,0,0,0,0,0,0,0,0,0,0,0,0,0,0,0,0,0,0,0,0,0,0,0,0,0,0,0,0,0,0,NA,NA,NA,NA,NA,NA,NA,NA,NA,NA,NA,NA,NA,NA,NA,NA,NA,NA,NA,NA,NA,NA,NA,NA,NA,NA,NA,NA,NA,NA,NA,NA,3.171,1.691,1.48,6.342,0.423,"2024a","IIPXRA",32.9504444444444
32,"Italy",10,10,1979-06-03,197906,32220,"Italian Communist Party","PCI",20,"NA",111,0,1980,NA,NA,30.383,0,NA,201,630,1,10,"NA",876,9.132,0.228,0,0,0.228,0,0.799,2.626,3.425,0.114,0,2.283,1.598,0.228,0,1.941,0,3.995,1.37,0,1.027,4.909,0.114,2.968,1.598,0,0,13.813,0,1.484,5.822,0,0,1.142,0,0,2.397,7.534,1.256,10.616,0,6.963,0,0.913,0,0.114,0.799,1.256,0,0,0,3.082,0,1.256,0.685,0,2.283,0,0,0,0,0,0,0,0,0,0,0,0,0,0,0,0,0,0,0,0,0,0,0,0,0,0,0,0,0,0,0,0,0,0,0,0,0,0,0,0,0,0,0,0,0,0,0,0,0,0,0,0,0,0,NA,NA,NA,NA,NA,NA,NA,NA,NA,NA,NA,NA,NA,NA,NA,NA,NA,NA,NA,NA,NA,NA,NA,NA,NA,NA,NA,NA,NA,NA,NA,NA,-16.667,3.082,2.169,11.872,0.799,"2024a","HNVUQL",24.8823636363636
32,"Italy",10,10,1979-06-03,197906,32320,"Italian Socialist Party","PSI",30,"NA",111,0,1980,NA,NA,9.805,0,NA,62,630,1,10,"NA",733,15.553,0,0,0,0.136,0,0.136,0.409,2.592,0,0,0.546,5.73,0.273,0.546,2.456,0,3.547,0.955,3.138,1.501,3.411,0,3.82,0,0,0,16.917,0.682,1.501,4.093,0,0,1.228,0,0,0.819,2.046,0.136,3.411,0,3.001,0,0.955,0,0,2.729,1.501,1.501,0,0.273,8.868,0,0.682,0.546,0,4.366,0,0,0,0,0,0,0,0,0,0,0,0,0,0,0,0,0,0,0,0,0,0,0,0,0,0,0,0,0,0,0,0,0,0,0,0,0,0,0,0,0,0,0,0,0,0,0,0,0,0,0,0,0,0,NA,NA,NA,NA,NA,NA,NA,NA,NA,NA,NA,NA,NA,NA,NA,NA,NA,NA,NA,NA,NA,NA,NA,NA,NA,NA,NA,NA,NA,NA,NA,NA,-11.187,3.82,2.729,3.547,0.136,"2024a","XFT5V4",10.549
32,"Italy",10,10,1979-06-03,197906,32520,"Christian Democrats","DC",50,"NA",111,0,1980,NA,NA,38.293,0,NA,261,630,1,10,"NA",143,38.462,0,0,0,0,0,1.399,1.399,0.699,0,0,3.497,2.098,0.699,0,3.497,0,2.797,0,0,1.399,0,1.399,1.399,0.699,0,0,6.993,0.699,6.993,2.098,0,0,0,0,0,0.699,1.399,0,3.497,0,2.098,0,0,0,0.699,0.699,2.797,0,0,0,2.098,0.699,2.797,0,0.699,5.594,0,0,0,0,0,0,0,0,0,0,0,0,0,0,0,0,0,0,0,0,0,0,0,0,0,0,0,0,0,0,0,0,0,0,0,0,0,0,0,0,0,0,0,0,0,0,0,0,0,0,0,0,0,0,NA,NA,NA,NA,NA,NA,NA,NA,NA,NA,NA,NA,NA,NA,NA,NA,NA,NA,NA,NA,NA,NA,NA,NA,NA,NA,NA,NA,NA,NA,NA,NA,-6.294,2.797,1.399,3.497,1.399,"2024a","D6BFMS",32.9504444444444
32,"Italy",10,10,1983-06-26,198306,32220,"Italian Communist Party","PCI",20,"NA",111,0,1984,NA,NA,28.983,1,NA,192,630,1,10,"NA",943,35.949,0.318,0,0,0.106,0.212,3.924,0.848,1.803,2.757,0.212,3.499,3.499,0.848,0.742,2.333,0,4.348,2.757,1.379,0,0.106,0.106,0.742,0.954,0,0,4.454,1.273,1.166,2.757,0,0.106,0.212,0,0,0.954,1.06,0.212,0.742,0,1.06,0,1.379,0,0.424,0.106,0.53,4.136,0,0.212,8.059,0,0,0.848,0,2.863,0,0,0,0,0,0,0,0,0,0,0,0,0,0,0,0,0,0,0,0,0,0,0,0,0,0,0,0,0,0,0,0,0,0,0,0,0,0,0,0,0,0,0,0,0,0,0,0,0,0,0,0,0,0,NA,NA,NA,NA,NA,NA,NA,NA,NA,NA,NA,NA,NA,NA,NA,NA,NA,NA,NA,NA,NA,NA,NA,NA,NA,NA,NA,NA,NA,NA,NA,NA,-6.681,0.848,0.212,0.954,4.136,"2024a","MEF47O",24.8823636363636
32,"Italy",10,10,1983-06-26,198306,32320,"Italian Socialist Party","PSI",30,"NA",111,0,1984,NA,NA,11.441,0,NA,73,630,1,10,"NA",637,10.361,3.454,0,0,0.314,0,4.396,5.181,2.041,1.413,0,4.396,0.628,0.157,0,0.942,0,15.699,0.942,0.157,1.57,0.157,0,0.314,0.942,0,0,12.245,4.71,0.314,2.512,0,0,2.826,0,0,0.314,0,1.884,6.75,0.471,2.198,0,0.942,0,0.785,0,3.768,0,0,0,2.826,0,0.471,0.471,1.256,2.198,0,0,0,0,0,0,0,0,0,0,0,0,0,0,0,0,0,0,0,0,0,0,0,0,0,0,0,0,0,0,0,0,0,0,0,0,0,0,0,0,0,0,0,0,0,0,0,0,0,0,0,0,0,0,NA,NA,NA,NA,NA,NA,NA,NA,NA,NA,NA,NA,NA,NA,NA,NA,NA,NA,NA,NA,NA,NA,NA,NA,NA,NA,NA,NA,NA,NA,NA,NA,-6.75,0.314,4.396,8.634,4.396,"2024a","VHU3X9",10.549
32,"Italy",10,10,1983-06-26,198306,32520,"Christian Democrats","DC",50,"NA",111,0,1984,NA,NA,32.921,0,NA,225,630,1,10,"NA",420,22.857,0.238,0,0,0.476,0,0,1.19,2.143,0,0,0.714,0.952,0.476,2.857,0.238,0,6.905,1.19,1.667,0.714,1.429,0.476,0,0.476,0,0.952,18.095,5.238,3.571,3.095,0.238,0,2.619,0,0,0.476,0.238,0.238,5.952,0.952,0.714,0,0.952,0,0.476,0,0.238,0.476,0,0,5.238,0,1.429,0.952,0.476,2.381,0,0,0,0,0,0,0,0,0,0,0,0,0,0,0,0,0,0,0,0,0,0,0,0,0,0,0,0,0,0,0,0,0,0,0,0,0,0,0,0,0,0,0,0,0,0,0,0,0,0,0,0,0,0,NA,NA,NA,NA,NA,NA,NA,NA,NA,NA,NA,NA,NA,NA,NA,NA,NA,NA,NA,NA,NA,NA,NA,NA,NA,NA,NA,NA,NA,NA,NA,NA,-2.619,0.714,3.333,6.19,0,"2024a","68841T",32.9504444444444
32,"Italy",10,10,1987-06-14,198706,32220,"Italian Communist Party","PCI",20,"NA",216,1,1992,0.817,NA,26.572,0,NA,177,630,1,10,"NA",284,2.113,0,0,0,0.352,0,1.056,3.873,3.169,0,0,1.761,5.634,0.704,0,0.704,0,5.986,1.056,7.042,0,1.056,7.746,2.113,0,0,0,0,0,0,8.451,2.465,0.352,4.577,0,0,7.394,1.761,5.986,6.69,0,2.465,0,0,0,0,0,0.704,0.704,0.352,0,7.394,0,0.704,0,2.817,2.817,0,0,0,0,0,0,0,0,0,0,0,0,0,0,0,0,0,0,0,0,0,0,0,0,0,0,0,0,0,0,0,0,0,0,0,0,0,0,0,0,0,0,0,0,0,0,0,0,0,0,0,0,0,0,NA,NA,NA,NA,NA,NA,NA,NA,NA,NA,NA,NA,NA,NA,NA,NA,NA,NA,NA,NA,NA,NA,NA,NA,NA,NA,NA,NA,NA,NA,NA,NA,-22.887,12.324,4.577,12.676,1.056,"2024a","ES8BKO",24.8823636363636
32,"Italy",10,10,1987-06-14,198706,32320,"Italian Socialist Party","PSI",30,"NA",216,1,1992,0.817,NA,14.264,0,NA,94,630,1,10,"NA",283,0,0,3.18,0,0,2.827,1.413,5.3,1.413,0,0,0,0,0,0,0,0,13.074,2.473,16.961,0.353,3.18,1.413,0.353,1.767,0,0,0,0,4.24,4.594,0.707,0,3.534,0,0,2.827,3.534,6.36,4.947,0,0.707,0,0.353,0,1.06,0,0,0.707,0,0,4.24,0,2.12,0,0.353,6.007,0,0,0,0,0,0,0,0,0,0,0,0,0,0,0,0,0,0,0,0,0,0,0,0,0,0,0,0,0,0,0,0,0,0,0,0,0,0,0,0,0,0,0,0,0,0,0,0,0,0,0,0,0,0,NA,NA,NA,NA,NA,NA,NA,NA,NA,NA,NA,NA,NA,NA,NA,NA,NA,NA,NA,NA,NA,NA,NA,NA,NA,NA,NA,NA,NA,NA,NA,NA,4.24,2.473,3.887,11.307,7.42,"2024a","HI2F86",10.549
32,"Italy",10,10,1987-06-14,198706,32520,"Christian Democrats","DC",50,"NA",216,1,1992,0.817,NA,34.304,0,NA,234,630,1,10,"NA",847,0.945,0.708,0,0,0.945,0.118,0,1.535,3.188,0,0.118,2.125,1.063,0.945,0,1.181,0,13.105,1.417,6.139,1.181,3.896,2.952,1.417,0.118,0,1.063,0,0,2.479,11.688,1.417,0.708,3.424,0,0,7.556,0.118,1.889,0.708,0.236,8.146,0,0,0,4.486,0,0,0.945,0.236,0,3.07,0,2.007,0.945,0.59,5.195,0,0,0,0,0,0,0,0,0,0,0,0,0,0,0,0,0,0,0,0,0,0,0,0,0,0,0,0,0,0,0,0,0,0,0,0,0,0,0,0,0,0,0,0,0,0,0,0,0,0,0,0,0,0,NA,NA,NA,NA,NA,NA,NA,NA,NA,NA,NA,NA,NA,NA,NA,NA,NA,NA,NA,NA,NA,NA,NA,NA,NA,NA,NA,NA,NA,NA,NA,NA,4.25,5.785,4.604,2.597,0.118,"2024a","PMHV5Z",32.9504444444444
32,"Italy",10,10,1992-04-06,199204,32220,"Democratic Party of the Left","PDS",20,"NA",216,1,1992,0.817,NA,16.108,0,NA,107,630,1,10,"NA",270,14.074,0,0,0,0,0,0.37,0,0,0,0,0,3.704,1.481,0,2.222,0,22.222,12.593,13.333,0,1.111,2.222,0,0,0,0,0,0,0.37,1.852,0.741,0,4.074,0,0,0.37,0,7.778,0.37,0,0,0,0,0,0,0,2.222,0.741,0.37,0,4.815,0,0,0,0.741,2.222,0,0,0,0,0,0,0,0,0,0,0,0,0,0,0,0,0,0,0,0,0,0,0,0,0,0,0,0,0,0,0,0,0,0,0,0,0,0,0,0,0,0,0,0,0,0,0,0,0,0,0,0,0,0,NA,NA,NA,NA,NA,NA,NA,NA,NA,NA,NA,NA,NA,NA,NA,NA,NA,NA,NA,NA,NA,NA,NA,NA,NA,NA,NA,NA,NA,NA,NA,NA,10.741,2.963,4.074,8.148,0.37,"2024a","7J6HIX",24.8823636363636
32,"Italy",10,10,1992-04-06,199204,32320,"Italian Socialist Party","PSI",30,"NA",216,1,1992,0.817,NA,13.61,0,NA,92,630,1,10,"NA",761,1.445,0.92,0,0,0.263,0.526,0,4.862,1.577,0,0.394,1.314,0.657,0.92,0,1.183,0,12.484,1.971,4.993,0.526,3.811,2.76,1.445,0,0,0.394,0,0,0.526,6.965,1.445,0,3.154,0,0,1.84,4.862,4.993,0.788,1.445,4.862,0,0,0,1.577,1.577,4.862,2.891,0.394,0,0.788,0,1.971,0.263,5.519,6.833,0,0,0,0,0,0,0,0,0,0,0,0,0,0,0,0,0,0,0,0,0,0,0,0,0,0,0,0,0,0,0,0,0,0,0,0,0,0,0,0,0,0,0,0,0,0,0,0,0,0,0,0,0,0,NA,NA,NA,NA,NA,NA,NA,NA,NA,NA,NA,NA,NA,NA,NA,NA,NA,NA,NA,NA,NA,NA,NA,NA,NA,NA,NA,NA,NA,NA,NA,NA,8.016,5.65,3.679,5.782,0.526,"2024a","WP3A2W",10.549
32,"Italy",10,10,1992-04-06,199204,32520,"Christian Democrats","DC",50,"NA",216,1,1992,0.817,NA,29.656,0,NA,206,630,1,10,"NA",1504,3.391,0.399,0,0,0.598,0.066,0,3.191,3.79,0,0,1.529,1.064,0.665,0,2.726,0,11.968,0.399,5.12,2.992,3.856,4.388,2.926,0.399,0,0.532,0,0.066,0.532,11.037,0.997,0,2.593,0,0,2.992,5.253,1.995,0.931,1.396,5.253,0.133,0,0,4.854,0,2.194,1.862,1.197,0,0.598,0,2.394,0.665,0.798,2.261,0,0,0,0,0,0,0,0,0,0,0,0,0,0,0,0,0,0,0,0,0,0,0,0,0,0,0,0,0,0,0,0,0,0,0,0,0,0,0,0,0,0,0,0,0,0,0,0,0,0,0,0,0,0,NA,NA,NA,NA,NA,NA,NA,NA,NA,NA,NA,NA,NA,NA,NA,NA,NA,NA,NA,NA,NA,NA,NA,NA,NA,NA,NA,NA,NA,NA,NA,NA,8.777,8.311,5.585,2.926,0.066,"2024a","NWK1UR",32.9504444444444
32,"Italy",10,10,1994-03-28,199403,32220,"Democratic Party of the Left","PDS",20,"NA",216,1,1994,0.817,NA,20.354,0,NA,109,630,1,10,"NA",156,0,0,0,0,0,0,1.282,8.974,3.205,0,0,2.564,3.205,3.205,0,2.564,0,5.128,2.564,8.333,3.205,7.051,2.564,2.564,0,0,0,0,1.923,2.564,1.282,0,0,13.462,0,0,1.282,0,4.487,2.564,0.641,0,0,0,0,0,0,0.641,0,0,0,10.897,0,0,0,0,3.846,0,0,0,0,0,0,0,0,0,0,0,0,0,0,0,0,0,0,0,0,0,0,0,0,0,0,0,0,0,0,0,0,0,0,0,0,0,0,0,0,0,0,0,0,0,0,0,0,0,0,0,0,0,0,NA,NA,NA,NA,NA,NA,NA,NA,NA,NA,NA,NA,NA,NA,NA,NA,NA,NA,NA,NA,NA,NA,NA,NA,NA,NA,NA,NA,NA,NA,NA,NA,7.051,5.128,16.667,7.051,1.282,"2024a","STE2T3",24.8823636363636
32,"Italy",10,10,1994-03-28,199403,32320,"Italian Socialist Party","PSI",30,"NA",998,998,NA,NA,NA,2.181,0,NA,14,630,3,10,"NA",761,1.445,0.92,0,0,0.263,0.526,0,4.862,1.577,0,0.394,1.314,0.657,0.92,0,1.183,0,12.484,1.971,4.993,0.526,3.811,2.76,1.445,0,0,0.394,0,0,0.526,6.965,1.445,0,3.154,0,0,1.84,4.862,4.993,0.788,1.445,4.862,0,0,0,1.577,1.577,4.862,2.891,0.394,0,0.788,0,1.971,0.263,5.519,6.833,0,0,0,0,0,0,0,0,0,0,0,0,0,0,0,0,0,0,0,0,0,0,0,0,0,0,0,0,0,0,0,0,0,0,0,0,0,0,0,0,0,0,0,0,0,0,0,0,0,0,0,0,0,0,NA,NA,NA,NA,NA,NA,NA,NA,NA,NA,NA,NA,NA,NA,NA,NA,NA,NA,NA,NA,NA,NA,NA,NA,NA,NA,NA,NA,NA,NA,NA,NA,8.016,5.65,3.679,5.782,0.526,"2024a","B9R6ZI",10.549
32,"Italy",10,10,1994-03-28,199403,32520,"Italian Popular Party","PPI",50,"NA",216,1,1994,0.817,NA,NA,NA,NA,NA,630,1,10,"NA",226,0,0,0,0,0,0,0,5.31,6.637,0,0,7.08,3.54,3.097,0,3.982,0,10.619,0.885,8.85,6.637,0,0.442,0,0,0,0,0,0,0,0,0.442,0,0,0,0,0,0,0,3.097,0,0.442,0,7.08,0,11.504,0,8.85,7.522,0,0,0,0,0,0,0,3.982,0,0,0,0,0,0,0,0,0,0,0,0,0,0,0,0,0,0,0,0,0,0,0,0,0,0,0,0,0,0,0,0,0,0,0,0,0,0,0,0,0,0,0,0,0,0,0,0,0,0,0,0,0,0,NA,NA,NA,NA,NA,NA,NA,NA,NA,NA,NA,NA,NA,NA,NA,NA,NA,NA,NA,NA,NA,NA,NA,NA,NA,NA,NA,NA,NA,NA,NA,NA,47.345,0.885,6.637,3.097,0,"2024a","T49291",32.9504444444444
32,"Italy",10,10,1994-03-28,199403,32528,"Pact for Italy","PI",50,"NA",216,1,1994,0.817,NA,15.713,0,NA,46,630,8,10,"NA",349,0,0,0,0,0,0,2.006,6.59,6.59,0,0,1.146,0,2.006,0,6.877,1.146,5.444,1.146,4.871,5.158,4.871,8.309,0,0,0,0,0,0,3.152,9.456,0.86,0,7.736,0,0,0,0,4.011,1.433,2.579,1.433,0,0,0,0,0,2.579,3.438,0.86,0,2.865,0,0,0,0.287,3.152,0,0,0,0,0,0,0,0,0,0,0,0,0,0,0,0,0,0,0,0,0,0,0,0,0,0,0,0,0,0,0,0,0,0,0,0,0,0,0,0,0,0,0,0,0,0,0,0,0,0,0,0,0,0,NA,NA,NA,NA,NA,NA,NA,NA,NA,NA,NA,NA,NA,NA,NA,NA,NA,NA,NA,NA,NA,NA,NA,NA,NA,NA,NA,NA,NA,NA,NA,NA,10.888,9.169,12.894,5.444,2.006,"2024a","SHMD52",15.713
32,"Italy",10,10,1994-03-28,199403,32610,"Go Italy","FI",60,"NA",216,1,1994,0.817,NA,21.037,0,NA,99,630,1,10,"NA",509,0,0,0,0,1.965,0,0,2.947,3.34,0,0,3.733,2.161,0.589,1.768,2.161,0,9.627,0.589,4.322,8.448,8.644,0.393,0,0,0,0,0,0,2.554,5.501,0,0,3.536,0,0,2.161,2.358,3.34,0,5.108,1.965,0,0.196,0,2.75,0,3.929,2.358,0.786,0.393,0.196,0,1.768,0,3.733,6.68,0,0,0,0,0,0,0,0,0,0,0,0,0,0,0,0,0,0,0,0,0,0,0,0,0,0,0,0,0,0,0,0,0,0,0,0,0,0,0,0,0,0,0,0,0,0,0,0,0,0,0,0,0,0,NA,NA,NA,NA,NA,NA,NA,NA,NA,NA,NA,NA,NA,NA,NA,NA,NA,NA,NA,NA,NA,NA,NA,NA,NA,NA,NA,NA,NA,NA,NA,NA,37.917,0.393,11.984,3.34,0,"2024a","1HIG1J",21.653
32,"Italy",10,10,1996-04-21,199604,32220,"Democratic Party of the Left","PDS",20,"NA",216,1,1997,0.817,NA,21.058,0,NA,172,630,1,10,"NA",107,0,0,0,0,0,0,0,0,1.869,0,0,5.607,0,0,0,0.935,0,5.607,0,7.477,5.607,6.542,0.935,0,0,0,0,0,0,2.804,4.673,5.607,0,0,0,0,0.935,10.28,5.607,2.804,0,5.607,0,2.804,0,1.869,0,6.542,2.804,3.738,0,7.477,0,0,0,0,1.869,0,0,0,0,0,0,0,0,0,0,0,0,0,0,0,0,0,0,0,0,0,0,0,0,0,0,0,0,0,0,0,0,0,0,0,0,0,0,0,0,0,0,0,0,0,0,0,0,0,0,0,0,0,0,NA,NA,NA,NA,NA,NA,NA,NA,NA,NA,NA,NA,NA,NA,NA,NA,NA,NA,NA,NA,NA,NA,NA,NA,NA,NA,NA,NA,NA,NA,NA,NA,16.822,6.542,5.607,8.411,0,"2024a","9AOH9M",24.8823636363636
32,"Italy",10,10,1996-04-21,199604,32520,"Italian Popular Party","PPI",50,"NA",216,1,1997,0.817,NA,6.81,0,NA,67,630,1,10,"NA",61,0,0,0,0,0,0,0,0,4.918,0,0,0,4.918,0,0,13.115,0,3.279,1.639,21.311,3.279,3.279,0,0,0,0,0,0,0,0,9.836,3.279,0,6.557,0,0,0,0,1.639,3.279,1.639,8.197,0,0,0,1.639,0,0,0,0,0,0,0,3.279,0,0,4.918,0,0,0,0,0,0,0,0,0,0,0,0,0,0,0,0,0,0,0,0,0,0,0,0,0,0,0,0,0,0,0,0,0,0,0,0,0,0,0,0,0,0,0,0,0,0,0,0,0,0,0,0,0,0,NA,NA,NA,NA,NA,NA,NA,NA,NA,NA,NA,NA,NA,NA,NA,NA,NA,NA,NA,NA,NA,NA,NA,NA,NA,NA,NA,NA,NA,NA,NA,NA,18.033,3.279,9.836,4.918,0,"2024a","WTAWK1",32.9504444444444
32,"Italy",10,10,1996-04-21,199604,32610,"Go Italy","FI",60,"NA",216,1,1997,0.817,NA,20.574,0,NA,123,630,1,10,"NA",54,0,0,0,0,0,0,0,0,0,0,0,11.111,3.704,0,1.852,3.704,0,14.815,0,20.37,7.407,9.259,0,0,0,0,0,0,0,3.704,1.852,0,0,0,0,0,3.704,0,0,0,3.704,1.852,0,0,0,0,0,5.556,7.407,0,0,0,0,0,0,0,0,0,0,0,0,0,0,0,0,0,0,0,0,0,0,0,0,0,0,0,0,0,0,0,0,0,0,0,0,0,0,0,0,0,0,0,0,0,0,0,0,0,0,0,0,0,0,0,0,0,0,0,0,0,0,NA,NA,NA,NA,NA,NA,NA,NA,NA,NA,NA,NA,NA,NA,NA,NA,NA,NA,NA,NA,NA,NA,NA,NA,NA,NA,NA,NA,NA,NA,NA,NA,59.259,0,7.407,0,0,"2024a","NSQUOQ",21.653
32,"Italy",10,10,2001-05-13,200105,32220,"Democrats of the Left","DS",20,"NA",217,1,2002,0.965,NA,16.56,0,NA,138,609,2,20,"NA",1279,0.704,0,0,0,1.876,0.469,0.469,3.127,4.535,0,0,0.313,0.547,0,0,2.346,0.078,9.226,0,0,1.486,4.222,2.971,0.391,0.156,0,0,5.629,0,4.535,10.399,0,0,1.72,0,0,5.004,5.238,0.938,9.93,0,5.551,0,0,0.235,0.782,0.469,3.753,2.033,0.078,0,0.313,0,3.284,0.625,2.815,3.753,0,0,0,0,0,0,0,0,0,0,0,0,0,0,0,0,0,0,0,0,0,0,0,0,0,0,0,0,0,0,0,0,0,0,0,0,0,0,0,0,0,0,0,0,0,0,0,0,0,0,0,0,0,0,NA,NA,NA,NA,NA,NA,NA,NA,NA,NA,NA,NA,NA,NA,NA,NA,NA,NA,NA,NA,NA,NA,NA,NA,NA,NA,NA,NA,NA,NA,NA,NA,-7.584,3.362,3.206,10.868,0.938,"2024a","1T8HP7",24.8823636363636
32,"Italy",10,10,2001-05-13,200105,32329,"Olive Tree","",30,"NA",217,1,2002,0.965,NA,NA,1,NA,NA,609,8,20,"NA",1279,0.704,0,0,0,1.876,0.469,0.469,3.127,4.535,0,0,0.313,0.547,0,0,2.346,0.078,9.226,0,0,1.486,4.222,2.971,0.391,0.156,0,0,5.629,0,4.535,10.399,0,0,1.72,0,0,5.004,5.238,0.938,9.93,0,5.551,0,0,0.235,0.782,0.469,3.753,2.033,0.078,0,0.313,0,3.284,0.625,2.815,3.753,0,0,0,0,0,0,0,0,0,0,0,0,0,0,0,0,0,0,0,0,0,0,0,0,0,0,0,0,0,0,0,0,0,0,0,0,0,0,0,0,0,0,0,0,0,0,0,0,0,0,0,0,0,0,NA,NA,NA,NA,NA,NA,NA,NA,NA,NA,NA,NA,NA,NA,NA,NA,NA,NA,NA,NA,NA,NA,NA,NA,NA,NA,NA,NA,NA,NA,NA,NA,-7.584,3.362,3.206,10.868,0.938,"2024a","1L3UAY",31.265
32,"Italy",10,10,2001-05-13,200105,32421,"Daisy - Democracy is Freedom","M-DL",40,"NA",217,1,2002,0.965,NA,14.51,0,NA,80,609,2,20,"NA",1279,0.704,0,0,0,1.876,0.469,0.469,3.127,4.535,0,0,0.313,0.547,0,0,2.346,0.078,9.226,0,0,1.486,4.222,2.971,0.391,0.156,0,0,5.629,0,4.535,10.399,0,0,1.72,0,0,5.004,5.238,0.938,9.93,0,5.551,0,0,0.235,0.782,0.469,3.753,2.033,0.078,0,0.313,0,3.284,0.625,2.815,3.753,0,0,0,0,0,0,0,0,0,0,0,0,0,0,0,0,0,0,0,0,0,0,0,0,0,0,0,0,0,0,0,0,0,0,0,0,0,0,0,0,0,0,0,0,0,0,0,0,0,0,0,0,0,0,NA,NA,NA,NA,NA,NA,NA,NA,NA,NA,NA,NA,NA,NA,NA,NA,NA,NA,NA,NA,NA,NA,NA,NA,NA,NA,NA,NA,NA,NA,NA,NA,-7.584,3.362,3.206,10.868,0.938,"2024a","KFLJTL",14.51
32,"Italy",10,10,2001-05-13,200105,32610,"Go Italy","FI",60,"NA",217,1,2002,0.965,NA,29.42,0,NA,178,609,2,20,"NA",621,0,0.644,0,0,0.161,0,0,0.322,0.483,0,0,0.322,0,0,0,4.348,0,15.942,0,3.704,1.61,7.246,0.483,0,0,0,0.161,8.052,0,2.093,16.103,0,0,0,0,0,3.221,5.636,0.322,3.221,0.805,3.865,0,0,0,4.187,0,8.052,0.483,0,0,0.161,0,1.932,0.644,1.771,4.026,0,0,0,0,0,0,0,0,0,0,0,0,0,0,0,0,0,0,0,0,0,0,0,0,0,0,0,0,0,0,0,0,0,0,0,0,0,0,0,0,0,0,0,0,0,0,0,0,0,0,0,0,0,0,NA,NA,NA,NA,NA,NA,NA,NA,NA,NA,NA,NA,NA,NA,NA,NA,NA,NA,NA,NA,NA,NA,NA,NA,NA,NA,NA,NA,NA,NA,NA,NA,18.68,0.483,1.61,3.543,0,"2024a","69XDBW",21.653
32,"Italy",10,10,2006-04-10,200604,32329,"Olive Tree","",30,"NA",217,2,2009,0.794,NA,31.265,0,NA,226,630,2,40,"NA",3766,0.19,0,0,0,0.53,0.05,0.53,4.35,5.05,0,0,0,0.48,1.83,0,3.11,0,17.31,0,0,0,2.95,7.01,2.76,0,0,0,1.19,0,2.44,7.83,0,0,1.65,0,2.97,4.73,5.36,1.65,8.44,0,4.2,0,0.53,0,0,0,4.17,0.58,0,0,2.12,0,1.14,0,4.83,0,0,0,0,0,0,0,0,0,0,0,0,0,0,0,0,0,0,0,0,0,0,0,0,0,0,0,0,0,0,0,0,0,0,0,0,0,0,0,0,0,0,0,0,0,0,0,0,0,0,0,0,0,0,0,NA,NA,NA,NA,NA,NA,NA,NA,NA,NA,NA,NA,NA,NA,NA,NA,NA,NA,NA,NA,NA,NA,NA,NA,NA,NA,NA,NA,NA,NA,NA,NA,-17.71,9.77,1.65,10.09,0.58,"2024a","JH9UUP",31.265
32,"Italy",10,10,2006-04-10,200604,32610,"Go Italy","FI",60,"NA",217,2,2009,0.794,NA,23.709,0,NA,140,630,2,40,"NA",249,4.02,0.4,0,0,0.4,0,0,0,0.8,0,0,2.81,0,0,0,0,0,3.21,0,24.5,1.61,9.64,0,0,0,1.2,0,8.03,0,0.4,4.02,0,0,9.64,0,2.01,0,0.4,0.4,9.64,0,0,0,2.81,0,1.61,0,6.02,0,0,1.2,0,0,3.21,0.4,0,1.61,0,0,0,0,0,0,0,0,0,0,0,0,0,0,0,0,0,0,0,0,0,0,0,0,0,0,0,0,0,0,0,0,0,0,0,0,0,0,0,0,0,0,0,0,0,0,0,0,0,0,0,0,0,0,NA,NA,NA,NA,NA,NA,NA,NA,NA,NA,NA,NA,NA,NA,NA,NA,NA,NA,NA,NA,NA,NA,NA,NA,NA,NA,NA,NA,NA,NA,NA,NA,48.19,0,11.24,10.04,0,"2024a","91N296",21.653
32,"Italy",10,10,2008-04-13,200804,32061,"People of Freedom","PdL",60,"NA",217,2,2009,0.794,NA,37.217,0,NA,276,630,8,60,"2024-1",252,0,0,0,0,0,0,0,0,0,0,0,0.794,0,0,0,2.381,0,14.683,0,3.968,1.984,12.302,1.19,0,0,0,0,0.397,0,2.381,13.889,0,0,0,0,0,3.175,2.778,0,11.111,0,4.365,0,0,0,2.778,0,13.889,0,0,0,5.159,0,2.778,0,0,0,0,0,0,0,0,0,0,0,0,0,0,0,0,0,0,0,0,0,0,0,0,0,0,0,0,0,0,0,0,0,0,0,0,0,0,0,0,0,0,0,0,0,0,0,0,0,0,0,0,0,0,0,0,0,NA,NA,NA,NA,NA,NA,NA,NA,NA,NA,NA,NA,NA,NA,NA,NA,NA,NA,NA,NA,NA,NA,NA,NA,NA,NA,NA,NA,NA,NA,NA,NA,13.889,1.19,1.984,11.111,0,"2024a","X9HJ8O",29.3915
32,"Italy",10,10,2008-04-13,200804,32440,"Democratic Party","PD",30,"NA",217,2,2009,0.794,NA,33.163,0,NA,217,630,1,60,"2024-1",198,5.556,1.01,0,0.505,0,0.505,0.505,0.505,1.01,0,0,1.01,1.01,0,0,1.01,0,22.222,0.505,0,4.545,8.081,2.525,0,0,0,0,0,0,0,7.576,0,0,1.01,0,0.505,4.04,0,1.01,7.071,0,8.081,0,0,0,0,1.01,6.061,0,0,0,7.576,0,2.525,0,1.515,1.515,0,0,0,0,0,0,0,0,0,0,0,0,0,0,0,0,0,0,0,0,0,0,0,0,0,0,0,0,0,0,0,0,0,0,0,0,0,0,0,0,0,0,0,0,0,0,0,0,0,0,0,0,0,0,NA,NA,NA,NA,NA,NA,NA,NA,NA,NA,NA,NA,NA,NA,NA,NA,NA,NA,NA,NA,NA,NA,NA,NA,NA,NA,NA,NA,NA,NA,NA,NA,-7.576,2.525,5.556,8.081,1.01,"2024a","QGDUVC",25.8556666666667
32,"Italy",10,10,2013-02-24,201302,32061,"People of Freedom","PdL",60,"NA",217,4,2013,0.884,0.75,21.566,0,NA,97,630,2,71,"2024-1",210,0,0,0,0,0,0,0,0.476,2.857,0,0,1.905,1.905,0,2.857,3.333,0,9.524,2.381,0.476,2.381,16.19,6.19,0.476,0,0,0,0.476,0,0.952,10.476,0,0,1.429,0,0,6.19,3.333,0.952,6.667,0,5.238,0,0,0,0.952,0,4.286,0.476,0,0,3.333,0.952,1.905,1.429,0,0,0,0,0,0,0,0,0,0,0,0,0,0,0,0,0,0,0,0,0,0,0,0,0,0,0,0,0,0,0,0,0,0,0,0,0,0,0,0,0,0,0,0,0,0,0,0,0,0,0,0,0,0,0,0,NA,NA,NA,NA,NA,NA,NA,NA,NA,NA,NA,NA,NA,NA,NA,NA,NA,NA,NA,NA,NA,NA,NA,NA,NA,NA,NA,NA,NA,NA,NA,NA,3.81,6.667,3.81,7.619,0,"2024a","P5HEGQ",29.3915
32,"Italy",10,10,2013-02-24,201302,32440,"Democratic Party","PD",30,"NA",217,4,2013,0.884,0.75,25.423,0,NA,292,630,1,71,"2024-1",204,0,0,0,0,0,0,0,1.471,11.765,0,0,4.902,8.824,0.98,0,1.961,0,8.333,0.98,9.804,0,0.49,3.431,0,0,0,0,0,0,0.49,0,0,0,0,0,3.922,0,0,18.627,0,0,5.882,0,0,0,0,1.961,3.431,2.941,0,0,9.804,0,0,0,0,0,0,0,0,0,0,0,0,0,0,0,0,0,0,0,0,0,0,0,0,0,0,0,0,0,0,0,0,0,0,0,0,0,0,0,0,0,0,0,0,0,0,0,0,0,0,0,0,0,0,0,0,0,0,0,NA,NA,NA,NA,NA,NA,NA,NA,NA,NA,NA,NA,NA,NA,NA,NA,NA,NA,NA,NA,NA,NA,NA,NA,NA,NA,NA,NA,NA,NA,NA,NA,-6.863,3.431,0,18.627,0,"2024a","NPK2B4",25.8556666666667
32,"Italy",10,10,2013-02-24,201302,32956,"Five Star Movement","M5S",95,"NA",217,4,2013,0.884,0.75,25.555,0,NA,108,630,1,71,"2024-1",155,0,0,0,0,0,0,0,0,0,0,0,0,7.742,1.29,0,0,1.29,1.29,5.161,0,0,2.581,23.226,0,0,0,0,0,0,0,3.226,0,0.645,0.645,0,1.935,25.806,0,0,14.194,0,7.742,0,0,0,0,0,1.29,0,0,0,1.29,0,0,0,0.645,0,0,0,0,0,0,0,0,0,0,0,0,0,0,0,0,0,0,0,0,0,0,0,0,0,0,0,0,0,0,0,0,0,0,0,0,0,0,0,0,0,0,0,0,0,0,0,0,0,0,0,0,0,0,0,NA,NA,NA,NA,NA,NA,NA,NA,NA,NA,NA,NA,NA,NA,NA,NA,NA,NA,NA,NA,NA,NA,NA,NA,NA,NA,NA,NA,NA,NA,NA,NA,-49.032,23.226,0.645,14.194,0,"2024a","RIYL35",28.86
32,"Italy",10,10,2018-03-04,201803,32440,"Democratic Party","PD",30,"NA",345,5,2019,0.78,0.682,18.981,0,NA,112,630,1,140,"2024-1",1281,2.03,0,0,0,0.078,0.156,0.078,1.561,7.963,0,0.156,1.015,0.781,0.312,0,0.781,0.078,7.65,0.156,5.464,0.156,4.606,1.171,1.171,0.468,0.078,0.234,0,0.156,0.781,10.07,1.015,0,0.937,0,3.357,3.201,5.386,5.621,9.524,0,4.606,0,1.405,0.39,0,0.078,2.03,1.093,0.234,0,5.464,0,1.327,3.591,0.703,2.888,0,0,0,0,0,0,0,0,0,0,0,0,0,0,0,0,0,0,0,0,0,0,0,0,0,0,0,0,0,0,0,0,0,0,0,0,0,0,0,0,0,0,0,0,0,0,0,0,0,0,0,0,0,0,0,0,0,1.015,0.39,0,0.39,0,5.464,0,0,0,0,0,0,3.357,1.405,0,0,0.39,2.03,0.781,1.093,0,0,0.156,0.078,0,0,0,1.327,0,-8.275,3.357,1.093,15.144,0.234,"2024a","ENMQC6",25.8556666666667
32,"Italy",10,10,2018-03-04,201803,32610,"Go Italy","FI",60,"NA",345,5,2019,0.78,0.682,13.525,0,NA,106,630,1,140,"2024-1",96,3.125,0,0,0,2.083,0,0,1.042,0,3.125,5.208,1.042,1.042,0,0,3.125,0,8.333,0,4.167,5.208,7.292,1.042,0,0,0,0,0,0,0,11.458,0,0,0,0,0,3.125,2.083,5.208,9.375,0,4.167,1.042,2.083,0,1.042,0,9.375,0,0,0,0,0,0,1.042,1.042,3.125,0,0,0,0,0,0,0,0,0,0,0,0,0,0,0,0,0,0,0,0,0,0,0,0,0,0,0,0,0,0,0,0,0,0,0,0,0,0,0,0,0,0,0,0,0,0,0,0,0,0,0,0,0,0,0,0,1.042,0,0,0,1.042,0,3.125,1.042,0,0,0,0,0,0,0,2.083,0,0,9.375,3.125,0,0,0,0,0,0,0,0,0,0,15.625,1.042,5.208,14.583,0,"2024a","KA1FM1",21.653
32,"Italy",10,10,2018-03-04,201803,32956,"Five Star Movement","M5S",95,"NA",345,5,2019,0.78,0.682,32.165,0,NA,227,630,6,140,"2024-1",6515,0.491,0.215,0,0.476,0.046,0.783,0.107,0.752,1.059,0.015,2.256,0.89,4.037,0.384,0.445,3.101,0.276,3.745,4.543,5.649,0.077,0.829,4.728,0.107,0.43,0.353,0.092,0.031,0.338,0.077,9.977,0.491,0.445,0,0,11.297,22.84,0.998,0.798,3.085,0,4.083,0.031,0.169,0.092,0,0,4.39,1.044,0,0,1.55,0,0.261,1.305,0.384,0.43,0,0,0,0,0,0,0,0,0,0,0,0,0,0,0,0,0,0,0,0,0,0,0,0,0,0,0,0,0,0,0,0,0,0,0,0,0,0,0,0,0,0,0,0,0,0,0,0,0,0,0,0,0,0,0.307,0.169,0.353,0.537,2.579,0.031,0.491,0.967,5.633,0.015,0,0,0,0,0.368,10.929,0.153,0.015,0,0.092,4.39,0.138,1.013,0.031,0,0,0,0,0,0,0.261,0.015,-7.429,5.326,0.077,3.883,0.89,"2024a","HBKQST",28.86
33,"Spain",10,0,1977-06-15,197706,33320,"Spanish Socialist Workers’ Party","PSOE",30,"NA",104,0,1994,NA,NA,30.348,0,NA,118,350,1,10,"NA",281,1.423,1.068,0,1.779,2.135,0.712,0.712,3.915,3.203,0,0,11.388,8.185,2.491,0,4.626,0,7.117,3.915,2.135,0.356,1.068,0.356,0,0,0.712,0,3.559,0,0.356,0.356,0,0.356,0.356,0,0,1.068,3.559,4.982,8.541,0,0.356,0,0,0.356,0,1.068,0,1.423,0.712,0,4.982,0,1.779,0.356,0.712,7.829,0,0,0,0,0,0,0,0,0,0,0,0,0,0,0,0,0,0,0,0,0,0,0,0,0,0,0,0,0,0,0,0,0,0,0,0,0,0,0,0,0,0,0,0,0,0,0,0,0,0,0,0,0,0,NA,NA,NA,NA,NA,NA,NA,NA,NA,NA,NA,NA,NA,NA,NA,NA,NA,NA,NA,NA,NA,NA,NA,NA,NA,NA,NA,NA,NA,NA,NA,NA,-9.253,0.356,0.712,13.523,1.423,"2024a","CAFE6R",34.7976666666667
33,"Spain",10,0,1977-06-15,197706,33430,"Union of the Democratic Centre/Centrist Bloc","UCD",40,"NA",104,0,1994,NA,NA,34.829,0,NA,165,350,1,10,"NA",213,0,3.286,0,0,1.408,0,3.286,5.164,1.408,3.756,0,9.39,3.286,2.347,0,0.469,0.939,7.981,0,0.939,0.469,0.469,0.469,0.469,0,0.469,0,3.286,0,1.878,0,1.408,0,5.634,0,1.408,1.878,1.408,6.103,9.39,0,2.347,0,0.469,0,3.286,0,3.756,0.469,0,0,2.817,0,2.817,1.408,3.756,0.469,0,0,0,0,0,0,0,0,0,0,0,0,0,0,0,0,0,0,0,0,0,0,0,0,0,0,0,0,0,0,0,0,0,0,0,0,0,0,0,0,0,0,0,0,0,0,0,0,0,0,0,0,0,0,NA,NA,NA,NA,NA,NA,NA,NA,NA,NA,NA,NA,NA,NA,NA,NA,NA,NA,NA,NA,NA,NA,NA,NA,NA,NA,NA,NA,NA,NA,NA,NA,-0.469,2.347,6.103,15.493,3.286,"2024a","NVYU5M",25.5616666666667
33,"Spain",10,0,1977-06-15,197706,33610,"Popular Alliance","AP",60,"NA",998,998,NA,NA,NA,8.417,0,NA,16,350,3,10,"NA",116,0,0,0,0,0,0,0,0.862,0,0,0,2.586,0,0,0,1.724,0,4.31,0,0,3.448,5.172,3.448,0,0,0,0,5.172,0,0,6.034,0,0,11.207,0,0,0,0,2.586,18.103,0,1.724,0,0,0,6.034,0,12.069,0,0,0,4.31,0,5.172,0.862,1.724,3.448,0,0,0,0,0,0,0,0,0,0,0,0,0,0,0,0,0,0,0,0,0,0,0,0,0,0,0,0,0,0,0,0,0,0,0,0,0,0,0,0,0,0,0,0,0,0,0,0,0,0,0,0,0,0,NA,NA,NA,NA,NA,NA,NA,NA,NA,NA,NA,NA,NA,NA,NA,NA,NA,NA,NA,NA,NA,NA,NA,NA,NA,NA,NA,NA,NA,NA,NA,NA,12.069,3.448,14.655,20.69,0,"2024a","BAWT83",28.0624
33,"Spain",10,0,1979-03-01,197903,33320,"Spanish Socialist Workers’ Party","PSOE",30,"NA",104,0,1994,NA,NA,30.489,0,NA,121,350,1,10,"NA",767,0.261,0.391,0,0,4.042,0.13,0.522,2.477,0.913,0.391,0,1.956,2.999,2.868,0,3.651,0.652,6.78,0.391,3.39,0,0.913,0.522,1.434,0,0,0,2.868,0,3.781,5.606,3.52,0.782,1.304,0,0.13,1.434,2.999,3.259,11.473,0,2.477,0,0.261,0,0,0.261,5.215,1.173,0.652,0,5.476,0.13,3.651,1.565,1.695,5.606,0,0,0,0,0,0,0,0,0,0,0,0,0,0,0,0,0,0,0,0,0,0,0,0,0,0,0,0,0,0,0,0,0,0,0,0,0,0,0,0,0,0,0,0,0,0,0,0,0,0,0,0,0,0,NA,NA,NA,NA,NA,NA,NA,NA,NA,NA,NA,NA,NA,NA,NA,NA,NA,NA,NA,NA,NA,NA,NA,NA,NA,NA,NA,NA,NA,NA,NA,NA,-10.691,5.476,1.304,14.733,0.652,"2024a","A1NKUC",34.7976666666667
33,"Spain",10,0,1979-03-01,197903,33430,"Union of the Democratic Centre/Centrist Bloc","UCD",40,"NA",104,0,1994,NA,NA,35.047,0,NA,168,350,1,10,"NA",641,2.184,2.028,0,0,5.772,0,0.624,2.964,1.404,0,0,4.056,1.716,0.936,0,1.56,0.936,7.332,0,0.312,1.092,2.34,3.276,1.56,0.156,0.156,0.312,6.24,0,4.368,6.552,0.156,0,2.34,0,0.936,0.78,3.744,2.652,9.516,0,3.12,0,0.156,0,0,0,5.616,0.78,0.468,0,0.156,0,6.552,0.624,1.092,3.432,0,0,0,0,0,0,0,0,0,0,0,0,0,0,0,0,0,0,0,0,0,0,0,0,0,0,0,0,0,0,0,0,0,0,0,0,0,0,0,0,0,0,0,0,0,0,0,0,0,0,0,0,0,0,NA,NA,NA,NA,NA,NA,NA,NA,NA,NA,NA,NA,NA,NA,NA,NA,NA,NA,NA,NA,NA,NA,NA,NA,NA,NA,NA,NA,NA,NA,NA,NA,0.468,4.992,3.432,12.168,0.624,"2024a","7QRV38",25.5616666666667
33,"Spain",10,0,1979-03-01,197903,33610,"Popular Alliance","AP",60,"NA",104,0,1994,NA,NA,6.459,0,NA,9,350,2,10,"NA",116,0,0,0,0,0,0,0,0.862,0,0,0,2.586,0,0,0,1.724,0,4.31,0,0,3.448,5.172,3.448,0,0,0,0,5.172,0,0,6.034,0,0,11.207,0,0,0,0,2.586,18.103,0,1.724,0,0,0,6.034,0,12.069,0,0,0,4.31,0,5.172,0.862,1.724,3.448,0,0,0,0,0,0,0,0,0,0,0,0,0,0,0,0,0,0,0,0,0,0,0,0,0,0,0,0,0,0,0,0,0,0,0,0,0,0,0,0,0,0,0,0,0,0,0,0,0,0,0,0,0,0,NA,NA,NA,NA,NA,NA,NA,NA,NA,NA,NA,NA,NA,NA,NA,NA,NA,NA,NA,NA,NA,NA,NA,NA,NA,NA,NA,NA,NA,NA,NA,NA,12.069,3.448,14.655,20.69,0,"2024a","O2M4OF",28.0624
33,"Spain",10,0,1982-10-28,198210,33320,"Spanish Socialist Workers’ Party","PSOE",30,"NA",104,0,1994,NA,NA,48.38,0,NA,202,350,1,10,"NA",2018,0,1.09,0,0.099,3.617,0.743,0.446,2.626,0.545,0,0,4.113,0.793,0.545,0,4.163,0.198,10.555,0.05,2.279,0.05,0.595,2.18,3.964,0.05,0,0.297,1.982,0,2.924,6.046,0.347,0.297,2.279,0,0.149,2.18,4.063,3.32,10.456,0,3.964,0,0,0,0,0.248,6.046,0.892,0.05,0.149,5.748,0,2.279,1.833,1.388,4.361,0,0,0,0,0,0,0,0,0,0,0,0,0,0,0,0,0,0,0,0,0,0,0,0,0,0,0,0,0,0,0,0,0,0,0,0,0,0,0,0,0,0,0,0,0,0,0,0,0,0,0,0,0,0,NA,NA,NA,NA,NA,NA,NA,NA,NA,NA,NA,NA,NA,NA,NA,NA,NA,NA,NA,NA,NA,NA,NA,NA,NA,NA,NA,NA,NA,NA,NA,NA,-10.951,6.492,2.329,13.776,1.189,"2024a","T4KSOU",34.7976666666667
33,"Spain",10,0,1982-10-28,198210,33430,"Union of the Democratic Centre/Centrist Bloc","UCD",40,"NA",104,0,1994,NA,NA,6.809,0,NA,12,350,1,10,"NA",1457,1.03,1.098,0,0,1.853,0.137,0,2.196,1.098,0,0,1.784,1.441,0.412,0.069,1.99,0.618,7.138,0,0.069,1.99,3.569,1.922,2.128,0.206,0.069,0.137,2.196,0.412,4.598,9.54,0.069,0.069,2.265,0,1.784,1.784,4.049,3.157,12.835,0.343,5.765,0,0.412,0,1.235,0,4.598,1.441,0.275,0.206,0.686,0,4.598,1.373,2.814,2.539,0,0,0,0,0,0,0,0,0,0,0,0,0,0,0,0,0,0,0,0,0,0,0,0,0,0,0,0,0,0,0,0,0,0,0,0,0,0,0,0,0,0,0,0,0,0,0,0,0,0,0,0,0,0,NA,NA,NA,NA,NA,NA,NA,NA,NA,NA,NA,NA,NA,NA,NA,NA,NA,NA,NA,NA,NA,NA,NA,NA,NA,NA,NA,NA,NA,NA,NA,NA,-7.207,4.118,4.255,15.992,0.137,"2024a","UMUYWJ",25.5616666666667
33,"Spain",10,0,1982-10-28,198210,33610,"Popular Alliance","AP",60,"NA",104,0,1994,NA,NA,20.5,1,NA,82,350,1,10,"NA",2790,0.717,0.86,0,0.215,3.513,0,0.143,1.613,2.258,0,0,1.685,0.502,3.226,0,2.724,0.86,6.344,0,0.394,2.616,4.624,1.326,1.971,0,0.036,0.215,1.971,0,6.81,7.491,0,0,2.867,0,0.753,1.971,3.871,1.541,5.341,0.394,6.237,0,1.219,0,1.935,0,7.849,0.215,0.287,0.036,0.108,0,5.627,1.541,3.333,2.76,0,0,0,0,0,0,0,0,0,0,0,0,0,0,0,0,0,0,0,0,0,0,0,0,0,0,0,0,0,0,0,0,0,0,0,0,0,0,0,0,0,0,0,0,0,0,0,0,0,0,0,0,0,0,NA,NA,NA,NA,NA,NA,NA,NA,NA,NA,NA,NA,NA,NA,NA,NA,NA,NA,NA,NA,NA,NA,NA,NA,NA,NA,NA,NA,NA,NA,NA,NA,13.262,3.297,5.484,6.882,0.143,"2024a","NWUH7V",28.0624
33,"Spain",10,10,1986-06-22,198606,33320,"Spanish Socialist Workers’ Party","PSOE",30,"NA",104,0,1994,NA,NA,44.344,0,NA,184,350,1,10,"NA",2172,1.75,1.013,0,0.046,2.256,0.506,1.013,3.361,5.064,0,0,1.197,2.44,0.506,0,1.842,0.599,7.09,0,0.368,0.138,1.98,0.322,1.888,0.829,0,0.138,2.624,0,6.262,12.799,0.322,0.276,1.427,0.138,1.243,2.21,2.624,4.604,9.715,0.046,1.335,0,0.368,0,0.092,1.059,4.052,1.013,0.23,0,4.006,0,4.19,0.414,1.335,3.269,0,0,0,0,0,0,0,0,0,0,0,0,0,0,0,0,0,0,0,0,0,0,0,0,0,0,0,0,0,0,0,0,0,0,0,0,0,0,0,0,0,0,0,0,0,0,0,0,0,0,0,0,0,0,NA,NA,NA,NA,NA,NA,NA,NA,NA,NA,NA,NA,NA,NA,NA,NA,NA,NA,NA,NA,NA,NA,NA,NA,NA,NA,NA,NA,NA,NA,NA,NA,-11.648,2.532,1.565,14.319,1.519,"2024a","R8T9C5",34.7976666666667
33,"Spain",10,10,1986-06-22,198606,33610,"Popular Alliance","AP",60,"NA",104,0,1994,NA,NA,18.17,1,NA,73,350,1,10,"NA",2628,4.566,1.75,0,0.19,2.74,0.076,0.266,2.397,2.74,0,0,3.843,3.044,3.387,0,2.321,0.609,4.528,0.114,1.332,7.877,3.463,0.457,1.56,0,0,0.152,2.702,0,4.909,4.566,0,0,1.979,0,0.761,1.636,3.843,2.093,6.431,0.457,3.158,0,1.18,0,2.207,0,3.006,0.495,0.342,0,1.37,0.19,5.556,0.837,1.18,3.691,0,0,0,0,0,0,0,0,0,0,0,0,0,0,0,0,0,0,0,0,0,0,0,0,0,0,0,0,0,0,0,0,0,0,0,0,0,0,0,0,0,0,0,0,0,0,0,0,0,0,0,0,0,0,NA,NA,NA,NA,NA,NA,NA,NA,NA,NA,NA,NA,NA,NA,NA,NA,NA,NA,NA,NA,NA,NA,NA,NA,NA,NA,NA,NA,NA,NA,NA,NA,13.166,2.017,9.855,8.524,0.342,"2024a","67EKE2",28.0624
33,"Spain",10,10,1989-10-29,198910,33320,"Spanish Socialist Workers’ Party","PSOE",30,"NA",104,0,1994,NA,NA,39.877,0,NA,175,350,1,10,"NA",1479,1.69,1.758,0,0,0.879,0.609,0.879,3.043,4.936,0,0,1.014,1.217,0.406,0,2.907,0.27,3.11,0,0.135,0.068,0.744,0.338,0.068,0.473,0,0,2.772,0,4.53,10.751,0.811,0,0.473,0,1.42,4.057,4.598,3.313,17.512,0.068,3.313,0,0.676,0,0,0.338,4.53,0.811,0.203,0,4.327,0,4.192,0.541,1.487,4.733,0,0,0,0,0,0,0,0,0,0,0,0,0,0,0,0,0,0,0,0,0,0,0,0,0,0,0,0,0,0,0,0,0,0,0,0,0,0,0,0,0,0,0,0,0,0,0,0,0,0,0,0,0,0,NA,NA,NA,NA,NA,NA,NA,NA,NA,NA,NA,NA,NA,NA,NA,NA,NA,NA,NA,NA,NA,NA,NA,NA,NA,NA,NA,NA,NA,NA,NA,NA,-22.312,1.217,0.541,20.825,1.487,"2024a","5RKTJ7",34.7976666666667
33,"Spain",10,10,1989-10-29,198910,33610,"People's Party","PP",60,"NA",104,0,1994,NA,NA,25.974,0,NA,107,350,1,10,"NA",2157,0.139,0.464,0,0,3.894,0.093,0.046,1.02,2.874,0,0.046,0.881,1.066,0.556,0,1.994,0.046,9.226,0.371,1.298,3.941,0.325,2.133,1.252,0,0,0,1.854,0,2.828,15.531,0.046,0,1.113,0,0,3.848,4.682,0.603,14.001,0.417,3.523,0,0,0,0.046,0,8.762,0.139,0.093,0,1.298,0,3.755,2.689,1.484,1.623,0,0,0,0,0,0,0,0,0,0,0,0,0,0,0,0,0,0,0,0,0,0,0,0,0,0,0,0,0,0,0,0,0,0,0,0,0,0,0,0,0,0,0,0,0,0,0,0,0,0,0,0,0,0,NA,NA,NA,NA,NA,NA,NA,NA,NA,NA,NA,NA,NA,NA,NA,NA,NA,NA,NA,NA,NA,NA,NA,NA,NA,NA,NA,NA,NA,NA,NA,NA,-3.106,3.431,5.053,14.604,0.139,"2024a","G26J4P",28.0624
33,"Spain",10,10,1993-06-06,199306,33320,"Spanish Socialist Workers’ Party","PSOE",30,"NA",104,0,1994,NA,NA,39.1,0,NA,159,350,1,10,"NA",1525,1.967,1.705,0,0,1.049,0.197,0.066,5.574,3.475,0,0.131,0.59,3.738,0.328,0.066,3.016,0.262,10.885,0,0,0.59,1.246,1.639,1.246,1.049,0.066,0.197,2.885,0,2.82,11.344,0.262,0.984,0.59,0,1.311,4.393,3.148,2.164,11.344,0,5.049,0,0.721,0,0.066,0.197,2.689,0.197,0.328,0,1.311,0.393,0.787,0.262,2.033,5.639,0,0,0,0,0,0,0,0,0,0,0,0,0,0,0,0,0,0,0,0,0,0,0,0,0,0,0,0,0,0,0,0,0,0,0,0,0,0,0,0,0,0,0,0,0,0,0,0,0,0,0,0,0,0,NA,NA,NA,NA,NA,NA,NA,NA,NA,NA,NA,NA,NA,NA,NA,NA,NA,NA,NA,NA,NA,NA,NA,NA,NA,NA,NA,NA,NA,NA,NA,NA,-23.213,3.148,1.18,13.508,0.262,"2024a","TXFZRN",34.7976666666667
33,"Spain",10,10,1993-06-06,199306,33610,"People's Party","PP",60,"NA",104,0,1994,NA,NA,35.04,0,NA,141,350,1,10,"NA",1863,2.684,0.913,0,0,2.04,0.054,0.054,1.127,3.704,0,0.268,1.288,6.549,0.913,0,2.254,0.429,7.998,0.161,0.644,2.576,2.093,1.557,0.805,0.215,0.054,0.483,2.362,0,4.724,11.702,0,0,3.328,0,0.751,3.221,2.684,0.913,11.165,0.268,5.69,0,0.644,0,1.503,0.054,3.274,0.054,0,0,0.483,0.215,2.899,0.698,2.576,1.932,0,0,0,0,0,0,0,0,0,0,0,0,0,0,0,0,0,0,0,0,0,0,0,0,0,0,0,0,0,0,0,0,0,0,0,0,0,0,0,0,0,0,0,0,0,0,0,0,0,0,0,0,0,0,NA,NA,NA,NA,NA,NA,NA,NA,NA,NA,NA,NA,NA,NA,NA,NA,NA,NA,NA,NA,NA,NA,NA,NA,NA,NA,NA,NA,NA,NA,NA,NA,-8.427,2.362,5.904,12.077,0.107,"2024a","13XVMI",28.0624
33,"Spain",10,10,1996-03-03,199603,33320,"Spanish Socialist Workers’ Party","PSOE",30,"NA",226,999,1999,0.836,NA,37.633,0,NA,141,350,1,10,"NA",3529,0.765,0,0,0.057,1.162,0.397,0.34,4.647,4.165,0.227,0,0.907,3.259,0.425,0.057,1.445,0,10.825,0.567,2.125,1.53,3.315,1.303,0.142,0,0,0.028,2.579,0.028,1.757,14.367,0.17,0.113,1.417,0,0.085,5.582,1.927,4.421,6.291,0,2.947,0,1.105,0,0.992,0.425,2.125,3.287,0.368,0.028,2.862,0.028,1.388,0.567,1.247,6.206,0,0,0,0,0,0,0,0,0,0,0,0,0,0,0,0,0,0,0,0,0,0,0,0,0,0,0,0,0,0,0,0,0,0,0,0,0,0,0,0,0,0,0,0,0,0,0,0,0,0,0,0,0,0,NA,NA,NA,NA,NA,NA,NA,NA,NA,NA,NA,NA,NA,NA,NA,NA,NA,NA,NA,NA,NA,NA,NA,NA,NA,NA,NA,NA,NA,NA,NA,NA,-4.109,1.615,2.947,10.711,0.737,"2024a","PC5YOA",34.7976666666667
33,"Spain",10,10,1996-03-03,199603,33610,"People's Party","PP",60,"NA",226,999,1999,0.836,NA,38.792,0,NA,156,350,1,10,"2024-1",2715,1.252,0,0,0.221,3.352,0.147,0.221,3.536,7.256,0.221,0,1.289,2.136,1.289,0.037,2.136,0.074,15.359,0.921,2.726,1.694,5.046,1.326,0.037,0,0.074,0,2.284,0,0.626,11.197,0.147,0.037,2.468,0,0.037,2.836,2.394,2.615,4.273,0.037,3.204,0,1.547,0,1.252,0.11,2.91,2.394,0.258,0.037,0.773,0,3.315,0.552,0.847,3.499,0,0,0,0,0,0,0,0,0,0,0,0,0,0,0,0,0,0,0,0,0,0,0,0,0,0,0,0,0,0,0,0,0,0,0,0,0,0,0,0,0,0,0,0,0,0,0,0,0,0,0,0,0,0,NA,NA,NA,NA,NA,NA,NA,NA,NA,NA,NA,NA,NA,NA,NA,NA,NA,NA,NA,NA,NA,NA,NA,NA,NA,NA,NA,NA,NA,NA,NA,NA,9.871,1.51,4.162,6.888,0.368,"2024a","3VHDL5",28.0624
33,"Spain",10,10,2000-03-12,200003,33320,"Spanish Socialist Workers’ Party","PSOE",30,"NA",227,1,2000,0.874,NA,34.16,0,NA,125,350,1,30,"2024-1",1282,0.702,1.092,0,0,0.312,0.702,1.716,1.95,2.496,0,0,1.95,5.382,0.858,0,2.652,0,7.722,0.156,4.602,0,2.262,5.148,0.468,0.234,0,0,1.248,0.468,1.17,9.75,0,0.312,0.936,0,0.78,3.198,2.028,5.07,10.92,0,3.978,0,0.078,0,0.156,1.014,3.198,0.546,0.858,0,3.978,0,2.106,0.858,1.248,5.694,0,0,0,0,0,0,0,0,0,0,0,0,0,0,0,0,0,0,0,0,0,0,0,0,0,0,0,0,0,0,0,0,0,0,0,0,0,0,0,0,0,0,0,0,0,0,0,0,0,0,0,0,0,0,NA,NA,NA,NA,NA,NA,NA,NA,NA,NA,NA,NA,NA,NA,NA,NA,NA,NA,NA,NA,NA,NA,NA,NA,NA,NA,NA,NA,NA,NA,NA,NA,-19.657,5.616,0.936,15.991,2.418,"2024a","JMB3CC",34.7976666666667
33,"Spain",10,10,2000-03-12,200003,33610,"People's Party","PP",60,"NA",227,1,2000,0.874,NA,44.524,0,NA,183,350,1,30,"2024-1",2955,0.677,1.218,0,0,1.692,0.237,0.338,1.252,2.91,0.102,0,0.778,1.591,1.658,0,1.692,0.541,9.78,0.643,4.535,0.846,3.79,2.944,0.034,0.406,0,0,0.575,0,1.591,15.905,0,0,2.944,0,0.203,4.738,4.162,2.572,4.467,0.677,7.174,0,0.203,0,1.827,0.034,3.926,1.083,0.102,0,2.335,0.034,1.523,1.895,1.861,2.504,0,0,0,0,0,0,0,0,0,0,0,0,0,0,0,0,0,0,0,0,0,0,0,0,0,0,0,0,0,0,0,0,0,0,0,0,0,0,0,0,0,0,0,0,0,0,0,0,0,0,0,0,0,0,NA,NA,NA,NA,NA,NA,NA,NA,NA,NA,NA,NA,NA,NA,NA,NA,NA,NA,NA,NA,NA,NA,NA,NA,NA,NA,NA,NA,NA,NA,NA,NA,3.587,2.978,3.79,7.039,0.575,"2024a","63AGDI",28.0624
33,"Spain",10,10,2004-03-14,200403,33320,"Spanish Socialist Workers’ Party","PSOE",30,"NA",265,2,2008,NA,NA,42.586,0,NA,164,350,1,30,"NA",4471,1.521,1.275,0.067,0,0.112,0.47,0.671,3.176,2.46,0,0,2.975,4.183,1.23,0,3.064,0,9.282,0.089,6.017,0.045,0.962,4.697,0.112,0.38,0,0,1.722,0,0.939,8.701,0.917,0,0.649,0,0.179,2.348,6.106,5.234,7.649,0.022,6.531,0,0.179,0,0.179,0,3.042,1.163,1.297,0,0.559,0,2.908,0.738,2.125,4.026,0,0,0,0,0,0,0,0,0,0,0,0,0,0,0,0,0,0,0,0,0,0,0,0,0,0,0,0,0,0,0,0,0,0,0,0,0,0,0,0,0,0,0,0,0,0,0,0,0,0,0,0,0,0,NA,NA,NA,NA,NA,NA,NA,NA,NA,NA,NA,NA,NA,NA,NA,NA,NA,NA,NA,NA,NA,NA,NA,NA,NA,NA,NA,NA,NA,NA,NA,NA,-12.391,5.726,0.693,12.883,1.208,"2024a","66RU8T",34.7976666666667
33,"Spain",10,10,2004-03-14,200403,33610,"People's Party","PP",60,"NA",265,2,2008,NA,NA,37.708,0,NA,148,350,1,30,"NA",4211,0.285,1.449,0,0,1.876,0,0.19,2.755,2.066,0,0,0.736,1.544,0.926,0,2.256,0,8.597,0,5.201,0,4.583,2.256,0,0.142,0,0,3.633,0,1.449,13.061,0,0,0.926,0,0.57,4.654,4.512,2.85,6.768,0,3.657,0,0.617,0,1.805,0,8.478,1.971,0.047,0.451,0.641,0,3.04,0.594,1.995,3.42,0,0,0,0,0,0,0,0,0,0,0,0,0,0,0,0,0,0,0,0,0,0,0,0,0,0,0,0,0,0,0,0,0,0,0,0,0,0,0,0,0,0,0,0,0,0,0,0,0,0,0,0,0,0,NA,NA,NA,NA,NA,NA,NA,NA,NA,NA,NA,NA,NA,NA,NA,NA,NA,NA,NA,NA,NA,NA,NA,NA,NA,NA,NA,NA,NA,NA,NA,NA,9.309,2.256,0.926,9.618,0.19,"2024a","BCMGAN",28.0624
33,"Spain",10,10,2008-03-09,200803,33320,"Spanish Socialist Workers’ Party","PSOE",30,"NA",265,2,2008,NA,NA,44.139,0,NA,169,350,1,30,"2024-1",4554,0.066,2.503,0,0,0.307,0.571,0.351,5.643,2.723,0,0,1.208,4.26,0.329,0,4.04,0,8.762,0.022,0.549,0,1.383,8.235,0.022,0.944,0,0,1.427,0,2.064,5.819,0.351,0,0.593,0,0.088,7.993,4.436,4.348,8.278,0,4.436,0,0,0,0.044,0.264,4.326,1.581,0.834,0,1.076,0,2.437,1.405,2.942,3.338,0,0,0,0,0,0,0,0,0,0,0,0,0,0,0,0,0,0,0,0,0,0,0,0,0,0,0,0,0,0,0,0,0,0,0,0,0,0,0,0,0,0,0,0,0,0,0,0,0,0,0,0,0,0,NA,NA,NA,NA,NA,NA,NA,NA,NA,NA,NA,NA,NA,NA,NA,NA,NA,NA,NA,NA,NA,NA,NA,NA,NA,NA,NA,NA,NA,NA,NA,NA,-22.903,8.608,0.593,12.626,0.922,"2024a","F7EJJK",34.7976666666667
33,"Spain",10,10,2008-03-09,200803,33610,"People's Party","PP",60,"NA",265,2,2008,NA,NA,40.571,0,NA,153,350,1,30,"2024-1",4068,0.025,1.475,0,0,1.229,0,0.098,2.532,1.745,0,0,0.934,2.999,0.983,0,1.155,0.664,9.243,0.074,1.475,1.032,2.016,4.941,0,0.197,0,0.074,3.441,0,1.155,6.514,0.172,0,1.549,0,0.147,8.26,6.539,2.311,7.645,0,5.924,0,0.541,0,0.442,0,9.046,1.5,0.393,0.787,0.295,0,3.024,1.229,1.647,4.548,0,0,0,0,0,0,0,0,0,0,0,0,0,0,0,0,0,0,0,0,0,0,0,0,0,0,0,0,0,0,0,0,0,0,0,0,0,0,0,0,0,0,0,0,0,0,0,0,0,0,0,0,0,0,NA,NA,NA,NA,NA,NA,NA,NA,NA,NA,NA,NA,NA,NA,NA,NA,NA,NA,NA,NA,NA,NA,NA,NA,NA,NA,NA,NA,NA,NA,NA,NA,-3.786,5.113,2.581,9.956,0.098,"2024a","TUV4UP",28.0624
33,"Spain",10,10,2011-11-20,201111,33320,"Spanish Socialist Workers’ Party","PSOE",30,"NA",297,4,2012,0.861,0.758,29.13,0,NA,110,350,1,61,"2024-1",2075,1.157,0.53,0,0,0.386,0,0.241,3.325,2.024,0.048,0,0.771,5.253,0.048,0,1.735,0,4.578,0.386,0.289,0,1.928,6.892,0.048,1.157,0.241,0,5.349,0.337,1.928,8.675,0,0,2.313,0,3.904,4.386,1.494,8.675,10.12,0,6.554,0,0.723,0,0.096,0.53,1.735,1.349,0.723,0,4.193,0,1.253,0.482,2.072,2.072,0,0,0,0,0,0,0,0,0,0,0,0,0,0,0,0,0,0,0,0,0,0,0,0,0,0,0,0,0,0,0,0,0,0,0,0,0,0,0,0,0,0,0,0,0,0,0,0,0,0,0,0,0,0,NA,NA,NA,NA,NA,NA,NA,NA,NA,NA,NA,NA,NA,NA,NA,NA,NA,NA,NA,NA,NA,NA,NA,NA,NA,NA,NA,NA,NA,NA,NA,NA,-27.229,6.94,2.313,18.795,0.241,"2024a","RIFX13",34.7976666666667
33,"Spain",10,10,2011-11-20,201111,33610,"People's Party","PP",60,"NA",297,4,2012,0.861,0.758,45.24,0,NA,186,350,1,61,"2024-1",1914,2.09,0.418,0,0,2.612,0.052,0.052,4.545,2.508,0,0,1.567,5.016,0.627,0,0.784,0.418,9.822,0.627,3.657,1.724,2.403,3.03,0.209,0.104,0.052,0.157,6.792,0.157,2.769,8.777,0,0,3.657,0,1.097,2.247,2.508,2.821,5.068,0,6.897,0,1.515,0,0.209,0,3.448,1.829,0.052,0.261,1.933,0,1.306,0.522,1.881,1.776,0,0,0,0,0,0,0,0,0,0,0,0,0,0,0,0,0,0,0,0,0,0,0,0,0,0,0,0,0,0,0,0,0,0,0,0,0,0,0,0,0,0,0,0,0,0,0,0,0,0,0,0,0,0,NA,NA,NA,NA,NA,NA,NA,NA,NA,NA,NA,NA,NA,NA,NA,NA,NA,NA,NA,NA,NA,NA,NA,NA,NA,NA,NA,NA,NA,NA,NA,NA,-3.448,3.239,5.381,7.889,0.104,"2024a","3RZLCS",28.0624
33,"Spain",10,10,2015-12-20,201512,33210,"We can","",20,"NA",297,5,2016,0.854,0.712,12.6,0,NA,42,350,1,111,"2024-1",1748,1.201,0,0,0.4,0.114,0.286,0,1.487,0.229,0,0,4.005,7.208,0,0.343,1.659,0,8.524,2.517,0.114,0,0.858,7.208,0.057,0.286,0.343,0,2.117,0.286,0.915,8.467,1.087,0.572,0,0,3.375,6.693,8.867,6.636,11.156,0,5.32,0,0.343,0.114,0,2.117,0.114,0,0.286,0,3.375,0,1.03,0,0,0.286,0,0,0,0,0,0,0,0,0,0,0,0,0,0,0,0,0,0,0,0,0,0,0,0,0,0,0,0,0,0,0,0,0,0,0,0,0,0,0,0,0,0,0,0,0,0,0,0,0,0,0,0,0,0,0.4,0,0.057,3.947,4.062,0,0,3.146,0.114,0,0,0,0,0,0,3.375,0.343,0,0,0.114,0.114,0.286,0,0,0,0.286,0,0,0,0,1.03,0,-32.952,8.352,0,17.792,0.286,"2024a","T7JFTT",10.9
33,"Spain",10,10,2015-12-20,201512,33320,"Spanish Socialist Workers’ Party","PSOE",30,"NA",297,5,2016,0.854,0.712,21.995,0,NA,90,350,1,111,"2024-1",4453,1.505,0,0,0.202,1.864,0.135,0.247,4.963,2.695,0,0,3.436,4.918,0.112,0.606,1.123,0.022,5.412,2.83,0.247,0.135,2.942,6.086,0,0.517,0.135,0,3.907,0.337,2.291,9.499,0.202,0.022,0.629,0,4.042,1.437,3.997,7.231,14.462,0,3.211,0,0.472,0.09,0,1.415,0.898,0.764,0.898,0,2.47,0,1.033,0,0.18,0.382,0,0,0,0,0,0,0,0,0,0,0,0,0,0,0,0,0,0,0,0,0,0,0,0,0,0,0,0,0,0,0,0,0,0,0,0,0,0,0,0,0,0,0,0,0,0,0,0,0,0,0,0,0,0,0.202,0,0.135,3.301,3.458,0,0.539,0.921,0.225,0,0.022,0,0,0,0.09,3.952,0.337,0.135,0,0.09,0.898,0.719,0.764,0,0.247,0.651,0,0,0,0,1.033,0,-25.556,6.288,0.764,21.693,0.382,"2024a","WEXCAS",34.7976666666667
33,"Spain",10,10,2015-12-20,201512,33420,"Citizens - Party of the Citizens","C's",40,"NA",297,5,2016,0.854,0.712,13.94,0,NA,40,350,1,111,"2024-1",5051,0.119,0,0,0.079,2.257,0,0.059,2.059,1.445,0,0.059,1.98,1.564,0.297,0.218,0.198,0.832,12.314,2.415,0.158,1.029,3.168,5.761,0.139,0.02,0.218,0.257,5.207,0.198,1.92,12.512,0.198,0,1.049,0,3.286,4.732,3.603,3.88,8.751,0.218,7.187,0.079,0.535,0.356,0.079,0.416,1.049,1.069,0.297,0.257,3.168,0,2.673,0.416,0.198,0.02,0,0,0,0,0,0,0,0,0,0,0,0,0,0,0,0,0,0,0,0,0,0,0,0,0,0,0,0,0,0,0,0,0,0,0,0,0,0,0,0,0,0,0,0,0,0,0,0,0,0,0,0,0,0,0.079,0,1.148,0.832,1.386,0,0,0.178,0.158,0,0,0,0,0,0,3.286,0.099,0.436,0,0.356,1.049,0.04,1.069,0,0.139,0.158,0,0,0.257,0,2.673,0,-16.036,6.098,2.079,12.631,0.059,"2024a","BJINRR",12.4615
33,"Spain",10,10,2015-12-20,201512,33610,"People's Party","PP",60,"NA",297,5,2016,0.854,0.712,28.705,0,NA,123,350,1,111,"2024-1",2377,0.841,0,0,0.168,4.417,0,0.084,3.113,3.071,0,0,2.861,3.702,0.799,0,0.042,0.589,5.974,1.767,0.673,0.294,2.314,2.398,0.084,0.042,0,0.421,4.67,0.042,6.689,11.191,0.084,0,2.272,0,2.23,1.851,3.955,5.048,10.938,0.463,3.87,0,1.641,0,0.252,0,3.281,2.061,0,0,1.557,0,2.692,0.547,0.799,0.21,0,0,0,0,0,0,0,0,0,0,0,0,0,0,0,0,0,0,0,0,0,0,0,0,0,0,0,0,0,0,0,0,0,0,0,0,0,0,0,0,0,0,0,0,0,0,0,0,0,0,0,0,0,0,0.168,0,0.883,1.977,2.945,0,0.421,0.337,0.631,0,0.042,0,0,0,0,2.23,1.388,0.252,0,0,3.281,0,2.061,0,0,0,0,0,0,0,2.692,0,-4.249,2.566,2.566,15.987,0.084,"2024a","PQGFFS",28.0624
33,"Spain",10,10,2016-06-26,201606,33025,"United We Can","",90,"NA",297,5,2016,0.854,0.712,13.416,0,NA,45,350,8,120,"2024-1",344,0.872,0,0,0.581,0,0,0,0.581,0.291,0,0.291,3.488,7.849,0,0.872,1.744,0,4.07,2.907,0.872,0,1.744,7.558,0,0.291,0.872,0,4.942,2.907,0.581,2.035,0.581,1.163,0.581,0,7.849,10.174,0.581,7.558,14.535,0,2.616,0,0,0,0,0,0,0.291,0,0,7.558,0,1.163,0,0,0,0,0,0,0,0,0,0,0,0,0,0,0,0,0,0,0,0,0,0,0,0,0,0,0,0,0,0,0,0,0,0,0,0,0,0,0,0,0,0,0,0,0,0,0,0,0,0,0,0,0,0,0,0,0,0.581,0,0,3.488,5.814,0,0,2.035,0.872,0,0,0,0,0,0,7.849,0,0,0,0,0,0.291,0.291,0,0,0,0,0,0,0,1.163,0,-36.919,8.14,0.581,22.093,0,"2024a","7PYMAP",13.416
33,"Spain",10,10,2016-06-26,201606,33210,"We can","",20,"NA",297,5,2016,0.854,0.712,NA,NA,NA,NA,350,1,120,"2024-1",1748,1.201,0,0,0.4,0.114,0.286,0,1.487,0.229,0,0,4.005,7.208,0,0.343,1.659,0,8.524,2.517,0.114,0,0.858,7.208,0.057,0.286,0.343,0,2.117,0.286,0.915,8.467,1.087,0.572,0,0,3.375,6.693,8.867,6.636,11.156,0,5.32,0,0.343,0.114,0,2.117,0.114,0,0.286,0,3.375,0,1.03,0,0,0.286,0,0,0,0,0,0,0,0,0,0,0,0,0,0,0,0,0,0,0,0,0,0,0,0,0,0,0,0,0,0,0,0,0,0,0,0,0,0,0,0,0,0,0,0,0,0,0,0,0,0,0,0,0,0,0.4,0,0.057,3.947,4.062,0,0,3.146,0.114,0,0,0,0,0,0,3.375,0.343,0,0,0.114,0.114,0.286,0,0,0,0.286,0,0,0,0,1.03,0,-32.952,8.352,0,17.792,0.286,"2024a","S8JAPM",10.9
33,"Spain",10,10,2016-06-26,201606,33320,"Spanish Socialist Workers’ Party","PSOE",30,"NA",297,5,2016,0.854,0.712,22.632,0,NA,85,350,1,120,"2024-1",4788,1.441,0,0,0.188,1.713,0.125,0.23,4.845,2.715,0,0.125,3.237,5.493,0.125,0.564,1.274,0.042,5.159,2.924,0.773,0.146,3.091,5.973,0,0.501,0.125,0,3.739,0.334,2.318,9.085,0.23,0.021,0.668,0,4.094,1.399,3.759,7.999,13.889,0,3.112,0,0.397,0.084,0,1.316,0.835,1.107,0.835,0,2.485,0,0.961,0,0.167,0.355,0,0,0,0,0,0,0,0,0,0,0,0,0,0,0,0,0,0,0,0,0,0,0,0,0,0,0,0,0,0,0,0,0,0,0,0,0,0,0,0,0,0,0,0,0,0,0,0,0,0,0,0,0,0,0.188,0,0.209,3.028,3.801,0,0.501,1.19,0.752,0,0.021,0,0,0,0.104,3.989,0.272,0.125,0,0.084,0.835,0.668,1.107,0,0.23,0.606,0,0,0,0,0.961,0,-24.624,6.203,0.815,21.888,0.355,"2024a","5IZNUV",34.7976666666667
33,"Spain",10,10,2016-06-26,201606,33420,"Citizens - Party of the Citizens","C's",40,"NA",297,5,2016,0.854,0.712,13.061,0,NA,32,350,1,120,"2024-1",830,0,0,0,0,1.807,0,0,2.651,1.807,0,0,2.048,2.53,0,0.12,0.482,1.928,8.675,3.012,0,0.843,3.253,8.795,0.12,0,0.602,0.241,1.325,0,0.12,12.892,0.241,0,1.687,0,2.892,4.217,2.771,5.663,11.566,0,9.88,0,0.723,0.12,0,0.241,0.602,0.723,0,0.12,2.892,0,1.325,1.084,0,0,0,0,0,0,0,0,0,0,0,0,0,0,0,0,0,0,0,0,0,0,0,0,0,0,0,0,0,0,0,0,0,0,0,0,0,0,0,0,0,0,0,0,0,0,0,0,0,0,0,0,0,0,0,0,0,0,0.361,1.687,2.289,0,0,0.241,0,0,0,0,0,0,0,2.892,0.361,0.361,0,0.12,0.602,0,0.723,0,0,0,0,0.12,0,0,1.325,0,-27.349,9.157,2.53,17.229,0,"2024a","R2RYPI",12.4615
33,"Spain",10,10,2016-06-26,201606,33610,"People's Party","PP",60,"NA",297,5,2016,0.854,0.712,33.015,0,NA,137,350,1,120,"2024-1",2377,0.841,0,0,0.168,4.417,0,0.084,3.113,3.071,0,0,2.861,3.702,0.799,0,0.042,0.589,5.974,1.767,0.673,0.294,2.314,2.398,0.084,0.042,0,0.421,4.67,0.042,6.689,11.191,0.084,0,2.272,0,2.23,1.851,3.955,5.048,10.938,0.463,3.87,0,1.641,0,0.252,0,3.281,2.061,0,0,1.557,0,2.692,0.547,0.799,0.21,0,0,0,0,0,0,0,0,0,0,0,0,0,0,0,0,0,0,0,0,0,0,0,0,0,0,0,0,0,0,0,0,0,0,0,0,0,0,0,0,0,0,0,0,0,0,0,0,0,0,0,0,0,0,0.168,0,0.883,1.977,2.945,0,0.421,0.337,0.631,0,0.042,0,0,0,0,2.23,1.388,0.252,0,0,3.281,0,2.061,0,0,0,0,0,0,0,2.692,0,-4.249,2.566,2.566,15.987,0.084,"2024a","W1EUTW",28.0624
33,"Spain",10,10,2019-04-28,201904,33210,"We can","",20,"NA",297,5,2020,0.758,0.727,9.445,1,NA,28,350,1,150,"2024-1",1149,0.609,0,0,0.348,0.87,0.087,0.174,0.174,0.087,0,0.174,3.829,4.787,0,0.087,0.696,0,1.915,1.741,0.261,0,0.522,13.229,0.174,0.435,0.522,0,0.435,0.435,0.435,7.224,1.044,1.305,0,0,6.789,3.829,1.741,8.529,15.492,0,2.698,0,0.435,0.609,0,1.741,0.957,2.611,0.957,0,9.399,0,2.611,0,0,0,0,0,0,0,0,0,0,0,0,0,0,0,0,0,0,0,0,0,0,0,0,0,0,0,0,0,0,0,0,0,0,0,0,0,0,0,0,0,0,0,0,0,0,0,0,0,0,0,0,0,0,0,0,0,0.348,0,0.261,3.568,4.091,0,0,0.696,0.261,0,0,0,0,0,0,6.789,0.435,0,0,0.609,0.957,0.609,2.524,0.087,0.696,0.261,0,0,0,0,2.611,0,-39.948,14.447,0,24.021,0.261,"2024a","5TES5I",10.9
33,"Spain",10,10,2019-04-28,201904,33320,"Spanish Socialist Workers’ Party","PSOE",30,"NA",297,5,2020,0.758,0.727,28.899,0,NA,123,350,1,150,"2024-1",2238,0.134,0,0,0.179,0.938,0.179,0.357,3.664,1.251,0,0,5.139,4.468,0,0.089,1.251,0.134,3.709,0.447,1.072,0,1.743,4.155,0,0.179,0.089,0,0.447,0,0.536,10.545,0.357,0,0.268,0,2.547,2.324,5.004,11.662,18.633,0,5.139,0,0.492,0.894,0,0.492,1.43,1.609,1.698,0.045,4.736,0,0.492,0,0.045,1.43,0,0,0,0,0,0,0,0,0,0,0,0,0,0,0,0,0,0,0,0,0,0,0,0,0,0,0,0,0,0,0,0,0,0,0,0,0,0,0,0,0,0,0,0,0,0,0,0,0,0,0,0,0,0,0.179,0,0.223,4.915,3.709,0,0,0.76,1.072,0,0,0,0,0,0,2.547,0.223,0.268,0,0.894,1.43,0.134,1.609,0,0.536,1.162,0,0,0.045,0,0.492,0,-29.267,4.513,0.268,30.295,0.536,"2024a","TXPPKF",34.7976666666667
33,"Spain",10,10,2019-04-28,201904,33420,"Citizens - Party of the Citizens","C's",40,"NA",297,5,2020,0.758,0.727,15.98,0,NA,57,350,1,150,"2024-1",664,0.151,0,0,0,1.958,0,0,0.753,1.054,0.151,0,2.41,4.367,1.054,0,0,5.271,8.886,3.163,0.151,1.054,5.271,7.229,0,0,0,0,0.452,0,0.753,7.229,0,0,0.602,0,4.066,2.41,4.669,6.476,9.639,0,5.873,0.602,1.657,0,0.753,1.506,4.97,0.602,0,0,3.163,0,1.506,0.151,0,0,0,0,0,0,0,0,0,0,0,0,0,0,0,0,0,0,0,0,0,0,0,0,0,0,0,0,0,0,0,0,0,0,0,0,0,0,0,0,0,0,0,0,0,0,0,0,0,0,0,0,0,0,0,0,0,0,0,2.41,4.367,0,0,0,0.151,0,0,0,0,0,0,4.066,1.205,0.452,0,0,4.97,0.151,0.602,0,0,0,0,0,0,0,1.506,0,-10.542,7.229,1.657,16.114,0,"2024a","U3VQ34",12.4615
33,"Spain",10,10,2019-04-28,201904,33610,"People's Party","PP",60,"NA",297,5,2020,0.758,0.727,16.828,0,NA,66,350,1,150,"2024-1",1171,0,0,0,0,2.647,0,0,1.537,0.854,0,0,4.014,2.391,1.196,0,0.171,2.306,4.611,0,0.854,2.733,4.441,2.733,0,0.171,0.342,0.683,0.171,0.085,1.11,11.699,0,0,0.769,0,3.843,2.391,2.818,7.003,13.322,0.769,3.757,0.598,5.209,0,0.854,0.085,6.832,1.11,0,0.427,1.964,0,2.989,0.085,0,0.427,0,0,0,0,0,0,0,0,0,0,0,0,0,0,0,0,0,0,0,0,0,0,0,0,0,0,0,0,0,0,0,0,0,0,0,0,0,0,0,0,0,0,0,0,0,0,0,0,0,0,0,0,0,0,0,0,1.623,2.391,2.391,0,0,0,0.854,0,0,0,0,0,0,3.843,3.672,1.537,0,0,6.832,0,1.11,0,0,0,0,0,0.427,0,2.989,0,6.063,2.733,3.501,20.325,0,"2024a","T5S8T1",28.0624
33,"Spain",10,10,2019-04-28,201904,33710,"Voice","VOX",70,"NA",297,5,2020,0.758,0.727,10.342,0,NA,24,350,1,150,"2024-1",253,0.395,0,0,0,2.767,0,0,1.186,0.791,1.976,0,5.138,3.953,0.791,0,0,4.743,4.348,1.581,0.395,2.767,4.743,0,0,0,0,0,1.976,1.186,0.395,0.791,0,0,0,0,0.791,0,1.976,3.557,7.51,1.581,2.767,0,14.625,0,7.905,0,9.486,1.186,0,4.743,1.186,0,1.976,0,0,0.791,0,0,0,0,0,0,0,0,0,0,0,0,0,0,0,0,0,0,0,0,0,0,0,0,0,0,0,0,0,0,0,0,0,0,0,0,0,0,0,0,0,0,0,0,0,0,0,0,0,0,0,0,0,0,0,0,2.767,2.372,1.976,0.395,1.976,0,0.395,0,0,0,0,0,0,0.791,10.277,4.348,0,0,9.486,0,1.186,0,0,0,0,0.395,4.348,0,1.976,0,34.783,0,2.767,11.067,0,"2024a","7IZ715",12.7765
33,"Spain",10,10,2019-11-10,201911,33210,"We can","",20,"NA",297,5,2020,0.758,0.727,10.655,1,NA,29,350,1,151,"2024-1",1318,0.455,0,0,0.303,0.835,0.076,0.152,0.228,0.076,0,0.152,4.78,4.325,0,0.076,0.91,0,1.821,2.276,0.683,0,0.455,13.202,0.076,0.455,0.759,0,0.379,0.455,0.455,7.967,1.062,1.29,0.303,0,5.69,4.704,1.745,8.498,14.34,0,3.035,0,0.455,0.303,0,1.669,0.91,1.821,1.062,0,9.029,0,2.58,0.152,0,0,0,0,0,0,0,0,0,0,0,0,0,0,0,0,0,0,0,0,0,0,0,0,0,0,0,0,0,0,0,0,0,0,0,0,0,0,0,0,0,0,0,0,0,0,0,0,0,0,0,0,0,0,0,0,0.303,0,0.152,4.628,3.794,0,0,0.531,0.683,0,0,0,0,0,0,5.69,0.455,0,0,0.303,0.91,0.455,1.669,0.152,0.531,0.531,0,0,0,0,2.58,0,-37.633,14.34,0.303,22.838,0.228,"2024a","P2DIY4",10.9
33,"Spain",10,10,2019-11-10,201911,33320,"Spanish Socialist Workers’ Party","PSOE",30,"NA",297,5,2020,0.758,0.727,28.253,0,NA,120,350,1,151,"2024-1",520,0.769,0,0,0,0.577,0,0.192,4.423,2.692,0,0,4.423,4.615,0.962,0,2.692,0.192,4.231,1.346,0.385,0,1.346,4.231,0,0.577,0.385,0,0,0.192,0.385,10.385,1.154,0,0,0,7.5,3.077,2.115,9.423,11.731,0,6.346,0,0,0,0,1.154,2.115,0.962,0.962,0,6.346,0,1.923,0,0,0.192,0,0,0,0,0,0,0,0,0,0,0,0,0,0,0,0,0,0,0,0,0,0,0,0,0,0,0,0,0,0,0,0,0,0,0,0,0,0,0,0,0,0,0,0,0,0,0,0,0,0,0,0,0,0,0,0,0,4.423,3.846,0,0,0.769,0.192,0.192,0,0,0,0,0,7.5,0,0,0,0,2.115,0,0.962,0,0,0.962,0,0,0,0,1.923,0,-28.654,5.385,0,21.154,0.192,"2024a","Z3JV8L",34.7976666666667
33,"Spain",10,10,2019-11-10,201911,33420,"Citizens - Party of the Citizens","C's",40,"NA",297,5,2020,0.758,0.727,6.865,0,NA,10,350,1,151,"2024-1",752,0.266,0,0,0,1.862,0,0,0.798,0.665,0,0,2.394,3.59,1.197,0.266,0,6.117,7.447,2.66,0.266,0.399,4.654,7.713,0,0,0,0,1.463,0.133,0.532,6.915,0,0,0.399,0,2.793,3.723,4.92,5.585,12.766,0,5.851,0.399,1.729,0,0.266,1.064,5.452,0.266,0,0,3.457,0,1.596,0.399,0,0,0,0,0,0,0,0,0,0,0,0,0,0,0,0,0,0,0,0,0,0,0,0,0,0,0,0,0,0,0,0,0,0,0,0,0,0,0,0,0,0,0,0,0,0,0,0,0,0,0,0,0,0,0,0,0,0,0.399,1.995,3.457,0,0.133,0,0.266,0,0,0,0,0,0,2.793,1.197,0.532,0,0,5.452,0.266,0.266,0,0,0,0,0,0,0,1.596,0,-15.293,7.713,0.798,18.351,0,"2024a","5XBAC8",12.4615
33,"Spain",10,10,2019-11-10,201911,33610,"People's Party","PP",60,"NA",297,5,2020,0.758,0.727,20.993,0,NA,89,350,1,151,"2024-1",424,0,0,0,0,3.774,0,0,0.236,0.943,0,0,3.538,2.83,0.943,0,0.236,3.066,4.481,0,3.538,2.358,3.774,4.009,0,0,0,0,0.472,0,1.651,9.434,0,0,0,0,2.83,3.774,3.538,4.481,11.557,0,5.896,0.943,4.009,0,0.236,0,7.311,3.302,0,0,3.774,0,2.594,0.472,0,0,0,0,0,0,0,0,0,0,0,0,0,0,0,0,0,0,0,0,0,0,0,0,0,0,0,0,0,0,0,0,0,0,0,0,0,0,0,0,0,0,0,0,0,0,0,0,0,0,0,0,0,0,0,0,0,0,1.179,2.358,2.594,0,0,0.236,1.887,0,1.651,0,0,0,0,2.83,2.83,1.179,0,0,7.311,0,3.302,0,0,0,0,0,0,0,2.594,0,4.481,4.009,2.358,16.038,0,"2024a","4VQXX4",28.0624
33,"Spain",10,10,2019-11-10,201911,33710,"Voice","VOX",70,"NA",297,5,2020,0.758,0.727,15.211,0,NA,52,350,1,151,"2024-1",203,0.493,0,0,0,2.463,0,0,1.478,0,1.97,0.493,3.941,3.448,0.493,0,0,4.926,4.926,1.97,0,2.956,5.419,0,0,0,0,0,0.493,1.97,0.493,0.493,0,0,0,0,0.985,0,1.478,3.448,8.374,1.478,2.463,0,15.764,0,5.911,0,11.33,0.493,0,4.926,1.478,0,2.463,0,0,0.985,0,0,0,0,0,0,0,0,0,0,0,0,0,0,0,0,0,0,0,0,0,0,0,0,0,0,0,0,0,0,0,0,0,0,0,0,0,0,0,0,0,0,0,0,0,0,0,0,0,0,0,0,0,0,0,0,0.985,2.956,1.97,0.493,1.478,0,0,0,0,0,0,0,0,0.985,10.345,5.419,0,0,11.33,0,0.493,0,0,0,0,0.493,4.433,0,2.463,0,33.005,0,2.956,11.823,0,"2024a","CQ6P4M",12.7765
34,"Greece",10,0,1974-11-17,197411,34313,"Panhellenic Socialist Movement","PASOK",30,"NA",211,1,1994,0.61,NA,13.575,0,NA,12,300,1,10,"NA",543,5.525,1.289,0.184,7.366,0.368,1.105,0.737,1.105,0,2.026,0,3.867,18.785,0.921,2.762,2.762,0,0.552,1.657,0,0,0.737,4.788,0.368,0,0,0,1.289,0,1.842,1.657,0,2.578,0.184,1.473,0.184,0.368,0,13.628,4.236,0,2.578,0,2.394,0,0.737,0,0,0.184,0,0,3.315,0,6.077,0,0,0.368,0,0,0,0,0,0,0,0,0,0,0,0,0,0,0,0,0,0,0,0,0,0,0,0,0,0,0,0,0,0,0,0,0,0,0,0,0,0,0,0,0,0,0,0,0,0,0,0,0,0,0,0,0,0,NA,NA,NA,NA,NA,NA,NA,NA,NA,NA,NA,NA,NA,NA,NA,NA,NA,NA,NA,NA,NA,NA,NA,NA,NA,NA,NA,NA,NA,NA,NA,NA,-37.569,5.157,0.184,17.864,2.026,"2024a","JC2D7I",31.8552352941176
34,"Greece",10,0,1974-11-17,197411,34510,"Centre Union","EK",50,"NA",211,1,1994,0.61,NA,20.423,0,NA,60,300,1,10,"NA",194,6.186,10.309,1.546,2.577,0,0,2.062,2.062,0,2.577,0,1.031,20.103,1.031,0.515,1.031,0,11.34,9.794,1.031,0.515,0,0,0.515,0,0,0,0,0,1.031,0,0.515,1.546,0.515,0,0,0,0,5.67,3.608,0,3.608,0,2.062,0,0,0,0,1.031,0,0,3.608,0,1.546,0,0,1.031,0,0,0,0,0,0,0,0,0,0,0,0,0,0,0,0,0,0,0,0,0,0,0,0,0,0,0,0,0,0,0,0,0,0,0,0,0,0,0,0,0,0,0,0,0,0,0,0,0,0,0,0,0,0,NA,NA,NA,NA,NA,NA,NA,NA,NA,NA,NA,NA,NA,NA,NA,NA,NA,NA,NA,NA,NA,NA,NA,NA,NA,NA,NA,NA,NA,NA,NA,NA,-32.99,1.031,1.031,9.278,3.608,"2024a","2QMXZB",16.1845
34,"Greece",10,0,1974-11-17,197411,34511,"New Democracy","ND",50,"NA",211,1,1994,0.61,NA,54.373,0,NA,220,300,1,10,"NA",168,8.333,3.571,0.595,4.167,1.786,0,0,0,1.786,0,0,0,33.929,0.595,0.595,0,0,2.381,0,11.905,0,0,0,0,0,0,0,2.976,0,1.19,0,0,0,1.19,0,0,0,0,2.381,0,0,1.19,0,9.524,0,0,0,0.595,10.119,0,0,0,0,0,0,0,1.19,0,0,0,0,0,0,0,0,0,0,0,0,0,0,0,0,0,0,0,0,0,0,0,0,0,0,0,0,0,0,0,0,0,0,0,0,0,0,0,0,0,0,0,0,0,0,0,0,0,0,0,0,0,0,NA,NA,NA,NA,NA,NA,NA,NA,NA,NA,NA,NA,NA,NA,NA,NA,NA,NA,NA,NA,NA,NA,NA,NA,NA,NA,NA,NA,NA,NA,NA,NA,-3.571,0,1.19,2.381,0.595,"2024a","6BKSDM",38.5575545861037
34,"Greece",10,0,1977-11-20,197711,34313,"Panhellenic Socialist Movement","PASOK",30,"NA",211,1,1994,0.61,NA,25.343,0,NA,93,300,1,10,"NA",2704,0.296,0.333,0.518,5.362,0.444,0.555,0.333,1.59,0.074,0.592,1.036,8.728,9.911,0.111,0.481,7.138,0,5.473,0.518,0.185,0,0.962,4.438,1.257,0.074,0.148,0.074,0.777,0,1.516,6.583,0.148,0.259,0.185,0.259,0.481,5.917,4.253,4.771,7.027,0,4.031,0,1.479,0,0.037,0,0.222,0.222,0,0.037,4.771,0,4.882,0.37,0.592,0.555,0,0,0,0,0,0,0,0,0,0,0,0,0,0,0,0,0,0,0,0,0,0,0,0,0,0,0,0,0,0,0,0,0,0,0,0,0,0,0,0,0,0,0,0,0,0,0,0,0,0,0,0,0,0,NA,NA,NA,NA,NA,NA,NA,NA,NA,NA,NA,NA,NA,NA,NA,NA,NA,NA,NA,NA,NA,NA,NA,NA,NA,NA,NA,NA,NA,NA,NA,NA,-27.182,5.843,0.185,11.797,1.405,"2024a","KWGVB2",31.8552352941176
34,"Greece",10,0,1977-11-20,197711,34510,"Union of the Democratic Centre","EDIK",50,"NA",211,1,1994,0.61,NA,11.946,0,NA,16,300,1,10,"NA",300,6.333,2,2.667,5.333,3,1.333,0,1.333,5.667,1.333,0,0.667,14.333,0.667,0,0,0,4.667,2.333,8,0,0.667,1.333,0.667,0,0,0,1.333,0,0.333,0.333,0,0,0,0,0,0.333,1.667,4,6.667,0,6,0,5.667,0,1.667,0,1,1.333,0,0,2,0,4.667,0,0.667,0,0,0,0,0,0,0,0,0,0,0,0,0,0,0,0,0,0,0,0,0,0,0,0,0,0,0,0,0,0,0,0,0,0,0,0,0,0,0,0,0,0,0,0,0,0,0,0,0,0,0,0,0,0,0,NA,NA,NA,NA,NA,NA,NA,NA,NA,NA,NA,NA,NA,NA,NA,NA,NA,NA,NA,NA,NA,NA,NA,NA,NA,NA,NA,NA,NA,NA,NA,NA,-16.333,2,0,10.667,4,"2024a","TWFP7C",16.1845
34,"Greece",10,0,1977-11-20,197711,34511,"New Democracy","ND",50,"NA",211,1,1994,0.61,NA,41.841,0,NA,171,300,1,10,"NA",161,14.907,4.969,6.211,0,4.969,0,2.484,1.242,1.242,0.621,0,0,12.422,0,0,0,0,0.621,0,24.845,0,0,0,0,0,0,0,1.242,0,1.242,0,0,0,0,0,0,0,0,0,0,0,0,0,14.907,0,0,0,1.863,3.106,0,0,1.242,0.621,1.242,0,0,0,0,0,0,0,0,0,0,0,0,0,0,0,0,0,0,0,0,0,0,0,0,0,0,0,0,0,0,0,0,0,0,0,0,0,0,0,0,0,0,0,0,0,0,0,0,0,0,0,0,0,0,0,0,0,NA,NA,NA,NA,NA,NA,NA,NA,NA,NA,NA,NA,NA,NA,NA,NA,NA,NA,NA,NA,NA,NA,NA,NA,NA,NA,NA,NA,NA,NA,NA,NA,32.298,0,0,0,8.696,"2024a","1APFIN",38.5575545861037
34,"Greece",10,10,1981-10-18,198110,34313,"Panhellenic Socialist Movement","PASOK",30,"NA",211,1,1994,0.61,NA,48.074,0,NA,172,300,1,10,"NA",2991,0.669,0.702,0.736,5.617,1.07,0.502,0.736,1.805,0.033,0.936,1.103,4.647,10.498,0.267,0.033,6.52,0,3.511,0.936,0.836,0.033,1.17,3.176,0.836,0.067,0.736,0,1.839,0,3.143,2.942,0.568,0.602,0.936,0,1.304,3.243,4.313,6.887,4.881,0.1,4.313,0,2.407,0,0.836,0.033,0.167,0.736,0.334,0,6.051,0,5.717,0.401,0.669,0.401,0,0,0,0,0,0,0,0,0,0,0,0,0,0,0,0,0,0,0,0,0,0,0,0,0,0,0,0,0,0,0,0,0,0,0,0,0,0,0,0,0,0,0,0,0,0,0,0,0,0,0,0,0,0,NA,NA,NA,NA,NA,NA,NA,NA,NA,NA,NA,NA,NA,NA,NA,NA,NA,NA,NA,NA,NA,NA,NA,NA,NA,NA,NA,NA,NA,NA,NA,NA,-27.115,4.58,0.97,11.769,1.973,"2024a","AK27F1",31.8552352941176
34,"Greece",10,10,1981-10-18,198110,34511,"New Democracy","ND",50,"NA",211,1,1994,0.61,NA,35.875,0,NA,115,300,1,10,"NA",217,19.355,0,0.461,0.922,4.147,0,1.843,2.304,5.069,0,0,3.687,1.843,0,0,0,0,1.843,0.922,5.069,2.304,2.304,0.461,0,0,0,0,3.687,0,2.765,0.461,0,0,1.382,0,0,1.843,0,3.226,2.765,0,3.226,0,9.677,0,1.843,0,5.53,2.765,0,0,0.922,0,3.226,1.843,0,2.304,0,0,0,0,0,0,0,0,0,0,0,0,0,0,0,0,0,0,0,0,0,0,0,0,0,0,0,0,0,0,0,0,0,0,0,0,0,0,0,0,0,0,0,0,0,0,0,0,0,0,0,0,0,0,NA,NA,NA,NA,NA,NA,NA,NA,NA,NA,NA,NA,NA,NA,NA,NA,NA,NA,NA,NA,NA,NA,NA,NA,NA,NA,NA,NA,NA,NA,NA,NA,24.424,0.461,3.687,5.991,2.304,"2024a","YCIPOR",38.5575545861037
34,"Greece",10,10,1985-06-02,198506,34313,"Panhellenic Socialist Movement","PASOK",30,"NA",211,1,1994,0.61,NA,45.824,0,NA,161,300,1,10,"NA",3244,0.462,0.092,0.092,3.483,1.85,0.277,0.74,1.11,0.462,0.339,0.123,4.377,9.679,0.123,0.216,5.025,0,3.083,0.555,1.141,0.432,2.004,4.778,2.004,0.031,0.771,0.031,3.946,0,4.223,7.244,0.339,0.925,0.432,0,0.462,3.545,4.809,4.285,9.587,0,3.915,0,1.665,0,0.123,0,0.832,0.986,0.031,0,5.025,0.185,3.021,0.247,0.524,0.37,0,0,0,0,0,0,0,0,0,0,0,0,0,0,0,0,0,0,0,0,0,0,0,0,0,0,0,0,0,0,0,0,0,0,0,0,0,0,0,0,0,0,0,0,0,0,0,0,0,0,0,0,0,0,NA,NA,NA,NA,NA,NA,NA,NA,NA,NA,NA,NA,NA,NA,NA,NA,NA,NA,NA,NA,NA,NA,NA,NA,NA,NA,NA,NA,NA,NA,NA,NA,-28.637,7.121,0.863,13.872,1.11,"2024a","LJWF9U",31.8552352941176
34,"Greece",10,10,1985-06-02,198506,34511,"New Democracy","ND",50,"NA",211,1,1994,0.61,NA,40.843,0,NA,126,300,1,10,"NA",409,18.093,0.489,1.222,0.244,1.711,0.244,3.667,1.467,0.244,0,0,1.467,10.513,0.978,0,0,0,0.733,1.711,4.401,7.824,0.244,6.357,0,0,0,0,5.134,0,2.2,0,0,0,6.112,0,0,0,0,1.467,3.178,0,0.489,0,1.467,0,0,0,3.178,7.335,0,0,4.89,0.244,0.733,0.244,0,1.711,0,0,0,0,0,0,0,0,0,0,0,0,0,0,0,0,0,0,0,0,0,0,0,0,0,0,0,0,0,0,0,0,0,0,0,0,0,0,0,0,0,0,0,0,0,0,0,0,0,0,0,0,0,0,NA,NA,NA,NA,NA,NA,NA,NA,NA,NA,NA,NA,NA,NA,NA,NA,NA,NA,NA,NA,NA,NA,NA,NA,NA,NA,NA,NA,NA,NA,NA,NA,3.667,6.357,13.936,4.645,5.134,"2024a","ZVS4ME",38.5575545861037
34,"Greece",10,10,1989-06-18,198906,34313,"Panhellenic Socialist Movement","PASOK",30,"NA",211,1,1994,0.61,NA,39.126,0,NA,125,300,1,10,"NA",2215,0.361,0.271,0.09,1.264,1.761,0.406,1.174,1.716,3.476,0.497,0.045,4.289,8.623,0.226,0,2.799,0,2.754,1.038,1.174,0.316,2.167,1.309,0.316,0.045,0.632,0.181,2.619,0,4.65,8.352,0.135,0.406,0.767,0.045,0.903,3.837,6.411,3.115,9.526,0.181,9.074,0,2.212,0,0,0,1.806,1.264,0,0,2.438,0.09,3.07,0.406,0.722,1.038,0,0,0,0,0,0,0,0,0,0,0,0,0,0,0,0,0,0,0,0,0,0,0,0,0,0,0,0,0,0,0,0,0,0,0,0,0,0,0,0,0,0,0,0,0,0,0,0,0,0,0,0,0,0,NA,NA,NA,NA,NA,NA,NA,NA,NA,NA,NA,NA,NA,NA,NA,NA,NA,NA,NA,NA,NA,NA,NA,NA,NA,NA,NA,NA,NA,NA,NA,NA,-20.677,1.761,1.084,12.641,1.67,"2024a","NEAGPU",31.8552352941176
34,"Greece",10,10,1989-06-18,198906,34511,"New Democracy","ND",50,"NA",211,1,1994,0.61,NA,44.278,0,NA,145,300,1,10,"NA",158,29.747,0,0,0,0,0,0,0,0.633,0,0,5.696,3.797,0,0,0,0,0,12.025,3.797,1.899,0.633,0,0,0,0,0,1.266,0,1.899,1.266,0,0,3.165,0,0,0,0,0,3.797,0,0,0,12.025,0,0,0,0,18.354,0,0,0,0,0,0,0,0,0,0,0,0,0,0,0,0,0,0,0,0,0,0,0,0,0,0,0,0,0,0,0,0,0,0,0,0,0,0,0,0,0,0,0,0,0,0,0,0,0,0,0,0,0,0,0,0,0,0,0,0,0,0,NA,NA,NA,NA,NA,NA,NA,NA,NA,NA,NA,NA,NA,NA,NA,NA,NA,NA,NA,NA,NA,NA,NA,NA,NA,NA,NA,NA,NA,NA,NA,NA,37.975,0,5.063,3.797,0,"2024a","WYIQIN",38.5575545861037
34,"Greece",10,10,1989-11-05,198911,34313,"Panhellenic Socialist Movement","PASOK",30,"NA",211,1,1994,0.61,NA,40.676,0,NA,128,300,1,10,"NA",417,13.669,0.719,0.719,3.118,0,0,0.719,0.719,2.398,0.959,0,5.036,11.271,0,0,0.48,0,1.918,0.24,4.796,0,0.719,0.24,0.24,0,0,0,4.317,0,3.357,3.837,0.24,1.199,0.719,0,0.48,0.719,0.959,3.597,9.592,0,1.918,0,2.878,0,0.719,0,0,8.873,0,0,3.118,0,1.679,0.959,0.48,2.398,0,0,0,0,0,0,0,0,0,0,0,0,0,0,0,0,0,0,0,0,0,0,0,0,0,0,0,0,0,0,0,0,0,0,0,0,0,0,0,0,0,0,0,0,0,0,0,0,0,0,0,0,0,0,NA,NA,NA,NA,NA,NA,NA,NA,NA,NA,NA,NA,NA,NA,NA,NA,NA,NA,NA,NA,NA,NA,NA,NA,NA,NA,NA,NA,NA,NA,NA,NA,-8.633,0.719,0.719,13.189,1.439,"2024a","H1EBG6",31.8552352941176
34,"Greece",10,10,1989-11-05,198911,34511,"New Democracy","ND",50,"NA",998,998,NA,NA,NA,46.188,0,NA,148,300,3,10,"NA",172.5,24.499,0,0.267,0,1.872,0,0,0,0.584,0,0,3.383,2.968,0,0,0,0,0,10.291,11.524,0.949,0.316,1.337,0,0,0,0,4.376,0,1.484,0.633,0,0,4.256,0,0,0.802,0,1.07,3.503,0,0.535,0,8.152,0,0.267,0,2.406,11.584,0,0,2.406,0,0,0,0,0.535,0,0,0,0,0,0,0,0,0,0,0,0,0,0,0,0,0,0,0,0,0,0,0,0,0,0,0,0,0,0,0,0,0,0,0,0,0,0,0,0,0,0,0,0,0,0,0,0,0,0,0,0,0,0,NA,NA,NA,NA,NA,NA,NA,NA,NA,NA,NA,NA,NA,NA,NA,NA,NA,NA,NA,NA,NA,NA,NA,NA,NA,NA,NA,NA,NA,NA,NA,NA,33.961,1.337,5.205,4.573,0.267,"2024a","DPWL5X",38.5575545861037
34,"Greece",10,10,1990-04-08,199004,34313,"Panhellenic Socialist Movement","PASOK",30,"NA",211,1,1994,0.61,NA,38.613,0,NA,123,300,1,10,"NA",2239,0.849,0.67,0.581,0.759,2.501,0.759,1.697,1.027,2.099,0.402,0.179,2.501,6.476,0.045,0,5.226,0,1.563,0.447,2.992,0.045,1.251,2.367,0.223,0,0.134,0,3.126,0,2.501,5.851,0.045,0.179,0.938,0,0.134,3.305,5.895,4.109,18.401,0,7.235,0,2.367,0,0,0,0.045,0.581,0.134,0,3.662,0,4.154,0.045,1.117,1.385,0,0,0,0,0,0,0,0,0,0,0,0,0,0,0,0,0,0,0,0,0,0,0,0,0,0,0,0,0,0,0,0,0,0,0,0,0,0,0,0,0,0,0,0,0,0,0,0,0,0,0,0,0,0,NA,NA,NA,NA,NA,NA,NA,NA,NA,NA,NA,NA,NA,NA,NA,NA,NA,NA,NA,NA,NA,NA,NA,NA,NA,NA,NA,NA,NA,NA,NA,NA,-29.701,2.635,0.983,22.51,3.037,"2024a","G983BK",31.8552352941176
34,"Greece",10,10,1990-04-08,199004,34511,"New Democracy","ND",50,"NA",211,1,1994,0.61,NA,46.889,0,NA,150,300,1,10,"NA",187,19.251,0,0.535,0,3.743,0,0,0,0.535,0,0,1.07,2.139,0,0,0,0,0,8.556,19.251,0,0,2.674,0,0,0,0,7.487,0,1.07,0,0,0,5.348,0,0,1.604,0,2.139,3.209,0,1.07,0,4.278,0,0.535,0,4.813,4.813,0,0,4.813,0,0,0,0,1.07,0,0,0,0,0,0,0,0,0,0,0,0,0,0,0,0,0,0,0,0,0,0,0,0,0,0,0,0,0,0,0,0,0,0,0,0,0,0,0,0,0,0,0,0,0,0,0,0,0,0,0,0,0,0,NA,NA,NA,NA,NA,NA,NA,NA,NA,NA,NA,NA,NA,NA,NA,NA,NA,NA,NA,NA,NA,NA,NA,NA,NA,NA,NA,NA,NA,NA,NA,NA,29.947,2.674,5.348,5.348,0.535,"2024a","VO9MFQ",38.5575545861037
34,"Greece",10,10,1993-10-10,199310,34313,"Panhellenic Socialist Movement","PASOK",30,"NA",211,1,1995,0.61,NA,46.883,0,NA,170,300,1,10,"NA",2862,1.363,0.14,0.07,0.489,0.175,0.07,0.524,1.747,3.774,0,0.245,1.887,3.948,0.105,0.035,10.133,0,9.748,1.398,0.524,0.28,1.328,2.236,1.363,0.245,0.035,0.105,1.887,0,5.031,5.765,0.14,0.978,0.874,0,1.153,6.569,6.674,3.529,6.883,0,7.687,0,2.376,0.07,0.28,0,0.349,1.258,0,0,2.201,0,1.992,0.734,0.175,1.433,0,0,0,0,0,0,0,0,0,0,0,0,0,0,0,0,0,0,0,0,0,0,0,0,0,0,0,0,0,0,0,0,0,0,0,0,0,0,0,0,0,0,0,0,0,0,0,0,0,0,0,0,0,0,NA,NA,NA,NA,NA,NA,NA,NA,NA,NA,NA,NA,NA,NA,NA,NA,NA,NA,NA,NA,NA,NA,NA,NA,NA,NA,NA,NA,NA,NA,NA,NA,-18.763,3.739,1.153,10.412,0.664,"2024a","YL6JBR",31.8552352941176
34,"Greece",10,10,1993-10-10,199310,34511,"New Democracy","ND",50,"NA",211,1,1995,0.61,NA,39.295,0,NA,111,300,1,10,"NA",226,10.619,0,0,0,0,0,0.442,2.212,0.442,0,0,0,3.097,0,0,0,0,0,0.442,18.584,2.212,0.885,2.655,0,0,0,0,2.655,0,1.77,7.08,0,0,12.389,2.212,0,2.212,0,2.212,3.54,0,3.54,0,17.257,0,0.442,0,0,0,0,0,0.885,0,0.442,0.442,0,1.327,0,0,0,0,0,0,0,0,0,0,0,0,0,0,0,0,0,0,0,0,0,0,0,0,0,0,0,0,0,0,0,0,0,0,0,0,0,0,0,0,0,0,0,0,0,0,0,0,0,0,0,0,0,0,NA,NA,NA,NA,NA,NA,NA,NA,NA,NA,NA,NA,NA,NA,NA,NA,NA,NA,NA,NA,NA,NA,NA,NA,NA,NA,NA,NA,NA,NA,NA,NA,35.398,2.655,14.602,5.752,0.442,"2024a","N3M8O2",38.5575545861037
34,"Greece",10,10,1996-09-22,199609,34313,"Panhellenic Socialist Movement","PASOK",30,"NA",211,1,1997,0.61,NA,41.495,0,NA,162,300,1,10,"NA",6314,0.174,0.475,0.824,0,1.156,0,0.523,4.53,4.64,1.916,0.048,3.183,3.057,0.079,0.048,4.577,0,4.102,2.059,1.061,0.649,1.061,1.726,0.19,0.158,0.032,0,2.724,0,6.224,7.048,0.19,0.143,0.634,0.048,0.586,4.023,10.754,3.912,9.645,0.048,4.799,0,1.853,0,0.475,0,0.222,1.172,0.127,0,0.554,0,7.729,0.032,0.158,0.634,0,0,0,0,0,0,0,0,0,0,0,0,0,0,0,0,0,0,0,0,0,0,0,0,0,0,0,0,0,0,0,0,0,0,0,0,0,0,0,0,0,0,0,0,0,0,0,0,0,0,0,0,0,0,NA,NA,NA,NA,NA,NA,NA,NA,NA,NA,NA,NA,NA,NA,NA,NA,NA,NA,NA,NA,NA,NA,NA,NA,NA,NA,NA,NA,NA,NA,NA,NA,-13.795,2.106,1.283,13.557,1.346,"2024a","2DOVN9",31.8552352941176
34,"Greece",10,10,1996-09-22,199609,34511,"New Democracy","ND",50,"NA",211,1,1997,0.61,NA,38.124,0,NA,108,300,1,10,"NA",7336,1.281,0,0,0,0.068,0,0,0.463,5.357,0,0.041,0.668,0.477,0.136,0.041,7.456,0,10.414,1.145,0.068,2.876,1.295,1.022,0.15,0,0,0,9.583,0,3.326,3.721,0,0.191,0.941,0,0.232,14.94,16.753,0.45,1.486,0,13.795,0,0.259,0,0.095,0,0.204,0.395,0,0,0.586,0,0,0,0.055,0.027,0,0,0,0,0,0,0,0,0,0,0,0,0,0,0,0,0,0,0,0,0,0,0,0,0,0,0,0,0,0,0,0,0,0,0,0,0,0,0,0,0,0,0,0,0,0,0,0,0,0,0,0,0,0,NA,NA,NA,NA,NA,NA,NA,NA,NA,NA,NA,NA,NA,NA,NA,NA,NA,NA,NA,NA,NA,NA,NA,NA,NA,NA,NA,NA,NA,NA,NA,NA,-11.164,1.172,3.817,1.936,0,"2024a","M3MQ1B",38.5575545861037
34,"Greece",10,10,2000-04-09,200004,34313,"Panhellenic Socialist Movement","PASOK",30,"NA",211,1,2001,0.706,NA,43.79,0,NA,158,300,1,20,"NA",3790,1.504,0.079,0.58,0,0.528,0.026,0.792,2.005,5.409,0,0.079,3.43,2.427,0.158,0.343,4.169,0,3.008,0.95,0,1.24,1.214,2.507,0,0,0.633,0.026,3.404,0,5.198,11.583,0,0.053,0.317,0,0,5.937,8.734,1.847,12.639,0,7.018,0,1.425,0.026,0.369,0,1.873,0.95,0.343,0,0.66,0,3.536,0,1.187,1.794,0,0,0,0,0,0,0,0,0,0,0,0,0,0,0,0,0,0,0,0,0,0,0,0,0,0,0,0,0,0,0,0,0,0,0,0,0,0,0,0,0,0,0,0,0,0,0,0,0,0,0,0,0,0,NA,NA,NA,NA,NA,NA,NA,NA,NA,NA,NA,NA,NA,NA,NA,NA,NA,NA,NA,NA,NA,NA,NA,NA,NA,NA,NA,NA,NA,NA,NA,NA,-17.23,2.507,1.557,14.485,1.398,"2024a","N4LSWX",31.8552352941176
34,"Greece",10,10,2000-04-09,200004,34511,"New Democracy","ND",50,"NA",211,1,2001,0.706,NA,42.73,0,NA,125,300,1,20,"NA",2213,0.678,0.181,0.949,0,4.293,0.362,0.542,2.169,3.977,0,0.045,1.762,3.57,0.362,0.633,3.841,0,5.558,4.022,0,1.13,1.582,3.208,0.136,0,0,0,4.293,0,3.389,8.043,0,0,0.362,0,0,3.841,3.977,2.033,9.399,0.09,5.784,0,2.711,0,1.536,0,5.423,1.175,0,0.045,0.226,0,5.694,0,2.892,0.09,0,0,0,0,0,0,0,0,0,0,0,0,0,0,0,0,0,0,0,0,0,0,0,0,0,0,0,0,0,0,0,0,0,0,0,0,0,0,0,0,0,0,0,0,0,0,0,0,0,0,0,0,0,0,NA,NA,NA,NA,NA,NA,NA,NA,NA,NA,NA,NA,NA,NA,NA,NA,NA,NA,NA,NA,NA,NA,NA,NA,NA,NA,NA,NA,NA,NA,NA,NA,-4.971,3.344,1.491,11.432,1.853,"2024a","4ZOMOK",38.5575545861037
34,"Greece",10,10,2004-03-07,200403,34313,"Panhellenic Socialist Movement","PASOK",30,"NA",286,3,2013,0.81,NA,40.548,0,NA,117,300,1,71,"2024-1",3433,7.078,0.641,0.117,0.058,0.757,0.262,0.583,1.107,1.806,0,0.087,0.524,1.923,0.408,0,2.826,0,6.671,3.233,0.291,2.389,3.175,1.923,0,0.204,0,2.33,1.748,0,0.612,14.623,0.029,0,0.379,0,0,6.467,7.719,1.602,9.03,0,4.457,0,0.612,0.029,0.175,0,1.456,0.903,0.874,0,3.495,0,6.059,0.029,0.583,0.728,0,0,0,0,0,0,0,0,0,0,0,0,0,0,0,0,0,0,0,0,0,0,0,0,0,0,0,0,0,0,0,0,0,0,0,0,0,0,0,0,0,0,0,0,0,0,0,0,0,0,0,0,0,0,NA,NA,NA,NA,NA,NA,NA,NA,NA,NA,NA,NA,NA,NA,NA,NA,NA,NA,NA,NA,NA,NA,NA,NA,NA,NA,NA,NA,NA,NA,NA,NA,-9.467,1.952,2.767,10.632,0.961,"2024a","V3OBQH",31.8552352941176
34,"Greece",10,10,2004-03-07,200403,34511,"New Democracy","ND",50,"NA",286,3,2013,0.81,NA,45.362,0,NA,165,300,1,71,"2024-1",3187,8.943,0.753,0.094,0,2.793,0,0.094,1.286,0.722,0,0,0.502,0.659,1.381,0,3.452,0,5.491,3.577,0.533,1.475,2.008,1.318,0,0.063,0,0.722,1.506,0.031,0.722,4.142,0.157,0,0.282,0,0,6.119,6.495,0.659,15.657,0,12.363,0,0.91,0,0.094,0,3.828,0.345,0,0,0.941,0,9.413,0,0.314,0.157,0,0,0,0,0,0,0,0,0,0,0,0,0,0,0,0,0,0,0,0,0,0,0,0,0,0,0,0,0,0,0,0,0,0,0,0,0,0,0,0,0,0,0,0,0,0,0,0,0,0,0,0,0,0,NA,NA,NA,NA,NA,NA,NA,NA,NA,NA,NA,NA,NA,NA,NA,NA,NA,NA,NA,NA,NA,NA,NA,NA,NA,NA,NA,NA,NA,NA,NA,NA,-17.603,1.475,1.757,16.316,0.188,"2024a","7NZ513",38.5575545861037
34,"Greece",10,10,2007-09-16,200709,34313,"Panhellenic Socialist Movement","PASOK",30,"NA",303,4,2013,0.832,0.674,38.097,0,NA,102,300,1,90,"2024-1",2233,1.926,1.164,0.09,0,1.343,0.313,0.717,0.94,1.299,0.224,0.045,1.881,3.135,0,0,3.403,0,6.314,1.702,4.12,1.343,2.06,3.493,1.254,0.493,0,0,3,0,1.97,5.329,0,0.582,0.672,0.09,2.06,6.494,2.866,3.851,11.151,0.09,8.016,0,1.97,0,0.851,0.582,2.239,1.388,0.672,0.045,3,0,4.389,0.269,1.075,0.09,0,0,0,0,0,0,0,0,0,0,0,0,0,0,0,0,0,0,0,0,0,0,0,0,0,0,0,0,0,0,0,0,0,0,0,0,0,0,0,0,0,0,0,0,0,0,0,0,0,0,0,0,0,0,NA,NA,NA,NA,NA,NA,NA,NA,NA,NA,NA,NA,NA,NA,NA,NA,NA,NA,NA,NA,NA,NA,NA,NA,NA,NA,NA,NA,NA,NA,NA,NA,-14.644,4.747,2.015,15.002,1.12,"2024a","B2C3H9",31.8552352941176
34,"Greece",10,10,2007-09-16,200709,34511,"New Democracy","ND",50,"NA",303,4,2013,0.832,0.674,41.835,0,NA,152,300,1,90,"2024-1",624,0.481,0,0,0,0.16,0,0,0,0,0,0,0,0.16,0,0,0,0,4.487,0.16,7.051,0.481,3.526,0.801,0,0.801,0,0,1.923,0.16,5.449,20.353,0,0,0.962,0,0,9.455,0,5.609,12.019,0,8.974,0,0,0,2.244,0,0.16,0.16,0,0,5.449,0,8.013,0,0,0.962,0,0,0,0,0,0,0,0,0,0,0,0,0,0,0,0,0,0,0,0,0,0,0,0,0,0,0,0,0,0,0,0,0,0,0,0,0,0,0,0,0,0,0,0,0,0,0,0,0,0,0,0,0,0,NA,NA,NA,NA,NA,NA,NA,NA,NA,NA,NA,NA,NA,NA,NA,NA,NA,NA,NA,NA,NA,NA,NA,NA,NA,NA,NA,NA,NA,NA,NA,NA,-12.66,0.801,1.442,17.628,0,"2024a","LDD52M",38.5575545861037
34,"Greece",10,10,2009-10-04,200910,34313,"Panhellenic Socialist Movement","PASOK",30,"NA",316,5,2015,0.837,0.614,43.923,0,NA,160,300,1,90,"2024-1",1293,1.701,0.387,1.237,0.077,2.32,0.155,0.387,1.392,0.696,0.077,0,0.773,3.171,0.232,0,3.403,0,10.054,4.254,2.166,0.077,2.63,7.27,0.464,0,0,0,0.464,0.541,1.701,4.95,0,1.237,0,0,2.011,9.667,4.718,4.022,8.739,0,6.032,0,1.315,0.773,0.155,0.155,0.619,0.851,1.237,0,2.939,0,4.176,0,0.541,0.232,0,0,0,0,0,0,0,0,0,0,0,0,0,0,0,0,0,0,0,0,0,0,0,0,0,0,0,0,0,0,0,0,0,0,0,0,0,0,0,0,0,0,0,0,0,0,0,0,0,0,0,0,0,0,0,0.077,0,0.773,3.094,0,0,0.077,2.088,0,0.077,0,0,0,0,2.011,1.16,0.155,0,0.773,0.619,0.309,0.851,0,0,1.237,0,0,0,0,4.176,0,-20.727,7.734,0.077,12.761,1.779,"2024a","DCRJZZ",31.8552352941176
34,"Greece",10,10,2009-10-04,200910,34511,"New Democracy","ND",50,"NA",316,5,2015,0.837,0.614,33.477,0,NA,91,300,1,90,"2024-1",652,0.307,0,0,0,0,0,0,0,0,0,0,0,0,0,0,0,0,5.521,0.613,1.227,0.613,8.436,3.528,0,0,0,0.307,0.153,0.613,0.767,18.558,0.307,0,4.141,0,1.227,18.252,0,3.221,14.417,0.613,7.669,0,0,0,0,0,0,0,0,0,5.675,0,3.067,0,0,0.767,0,0,0,0,0,0,0,0,0,0,0,0,0,0,0,0,0,0,0,0,0,0,0,0,0,0,0,0,0,0,0,0,0,0,0,0,0,0,0,0,0,0,0,0,0,0,0,0,0,0,0,0,0,0,0,0,0,0,0,0,0,0,1.227,0,0,0,0,0,0,1.227,0,0,0,0,0,0,0,0,0,0,0,0,0,0,3.067,0,-16.258,3.834,4.755,17.638,0,"2024a","DO34G5",38.5575545861037
34,"Greece",10,10,2012-05-06,201205,34313,"Panhellenic Socialist Movement","PASOK",30,"NA",317,5,2015,0.745,0.63,13.18,0,NA,41,300,9,90,"2024-1",408,0,0,0.245,0,0,0,0,0.245,0.245,0,0,0,14.951,0,2.206,1.961,0,6.863,0.735,3.431,0.735,2.696,2.206,0,0,2.451,0.98,0,0,6.127,4.657,3.676,0.245,12.745,0,0,0,0.245,2.941,11.029,0,0.49,0,1.961,0,0,0,0.735,0.245,0,0,1.716,0,13.235,0,0,0,0,0,0,0,0,0,0,0,0,0,0,0,0,0,0,0,0,0,0,0,0,0,0,0,0,0,0,0,0,0,0,0,0,0,0,0,0,0,0,0,0,0,0,0,0,0,0,0,0,0,0,0,0,0,0,0,0,0,14.951,0,0,0,3.431,0,0,0,0,0,0,0,1.961,0,0,0,0.735,0,0.245,0,0,0,0,0,0,0,13.235,0,-13.48,5.882,13.48,13.971,0.245,"2024a","SXDTWM",31.8552352941176
34,"Greece",10,10,2012-05-06,201205,34511,"New Democracy","ND",50,"NA",317,5,2015,0.745,0.63,18.849,0,NA,108,300,9,90,"2024-1",44,0,0,2.273,0,0,0,0,0,0,0,0,0,0,0,0,0,0,0,0,0,9.091,0,0,2.273,0,0,18.182,2.273,0,0,0,0,0,20.455,0,0,0,0,13.636,6.818,0,0,0,4.545,0,0,0,0,0,0,0,20.455,0,0,0,0,0,0,0,0,0,0,0,0,0,0,0,0,0,0,0,0,0,0,0,0,0,0,0,0,0,0,0,0,0,0,0,0,0,0,0,0,0,0,0,0,0,0,0,0,0,0,0,0,0,0,0,0,0,0,0,0,0,0,0,0,0,0,0,0,0,0,0,0,0,0,0,0,4.545,0,0,0,0,0,0,0,0,0,0,0,0,0,0,22.727,2.273,29.545,20.455,2.273,"2024a","MO1X5F",38.5575545861037
34,"Greece",10,10,2012-06-17,201206,34212,"Coalition of the Radical Left - Unionist Social Front","SYRIZA-EKN",20,"NA",317,5,2015,0.745,0.63,26.887,0,NA,71,300,8,90,"2024-1",1127,0.355,0.266,0.444,4.082,0.887,1.42,0.532,2.13,1.686,0,0,0.089,4.88,0,0.532,0.887,0,1.42,3.194,6.566,0,0,0.799,0.177,0,0.444,0,1.331,0,0.799,2.041,0.532,2.928,3.017,0,0,9.406,20.142,1.952,8.429,0,5.679,0,1.331,0,0.089,0.089,0.355,2.396,0,0,8.429,0,0.266,0,0,0,0,0,0,0,0,0,0,0,0,0,0,0,0,0,0,0,0,0,0,0,0,0,0,0,0,0,0,0,0,0,0,0,0,0,0,0,0,0,0,0,0,0,0,0,0,0,0,0,0,0,0,0,0,0,0.177,3.904,0.089,0,4.614,0,0,0.266,6.477,0,0,0,0.089,0,0,0,1.331,0,0,0,0.355,0.355,1.242,1.154,0,0,0,0,0,0,0.266,0,-25.732,1.508,3.017,10.382,2.396,"2024a","ZJG75Q",32.5531929951392
34,"Greece",10,10,2012-06-17,201206,34313,"Panhellenic Socialist Movement","PASOK",30,"NA",317,5,2015,0.745,0.63,12.279,0,NA,33,300,9,90,"2024-1",49,0,0,0,4.082,0,0,0,8.163,8.163,0,0,0,0,0,0,0,0,0,0,42.857,0,6.122,0,0,0,0,0,0,0,12.245,0,0,0,4.082,0,0,0,0,0,8.163,0,0,0,0,0,0,0,0,0,0,0,6.122,0,0,0,0,0,0,0,0,0,0,0,0,0,0,0,0,0,0,0,0,0,0,0,0,0,0,0,0,0,0,0,0,0,0,0,0,0,0,0,0,0,0,0,0,0,0,0,0,0,0,0,0,0,0,0,0,0,0,0,0,4.082,0,0,0,0,0,0,42.857,0,0,0,0,0,0,0,0,0,0,0,0,0,0,0,0,0,0,0,0,0,0,0,26.531,0,4.082,8.163,0,"2024a","NABXD2",31.8552352941176
34,"Greece",10,10,2012-06-17,201206,34511,"New Democracy","ND",50,"NA",317,5,2015,0.745,0.63,29.658,0,NA,129,300,1,90,"2024-1",44,0,0,2.273,0,0,0,0,0,0,0,0,0,0,0,0,0,0,0,0,0,9.091,0,0,2.273,0,0,18.182,2.273,0,0,0,0,0,20.455,0,0,0,0,13.636,6.818,0,0,0,4.545,0,0,0,0,0,0,0,20.455,0,0,0,0,0,0,0,0,0,0,0,0,0,0,0,0,0,0,0,0,0,0,0,0,0,0,0,0,0,0,0,0,0,0,0,0,0,0,0,0,0,0,0,0,0,0,0,0,0,0,0,0,0,0,0,0,0,0,0,0,0,0,0,0,0,0,0,0,0,0,0,0,0,0,0,0,4.545,0,0,0,0,0,0,0,0,0,0,0,0,0,0,22.727,2.273,29.545,20.455,2.273,"2024a","VROBMO",38.5575545861037
34,"Greece",10,10,2015-01-25,201501,34212,"Coalition of the Radical Left","SYRIZA",20,"NA",317,5,2015,0.745,0.63,36.34,0,NA,149,300,1,110,"2024-1",151,0.662,0,0,3.311,0,0,0,1.325,0.662,0,0,0,13.245,0,0,1.325,0.662,3.974,6.623,0.662,0,0,1.987,0.662,0,0,0,0.662,2.649,5.298,7.285,0.662,1.987,10.596,0,0,2.649,0,0.662,18.543,0,0.662,0,0,0,0,0,0,0,0,0,10.596,0.662,1.325,0,0.662,0,0,0,0,0,0,0,0,0,0,0,0,0,0,0,0,0,0,0,0,0,0,0,0,0,0,0,0,0,0,0,0,0,0,0,0,0,0,0,0,0,0,0,0,0,0,0,0,0,0,0,0,0,0,0,0,3.311,0,0,13.245,0,0,0,0.662,0,0,0,0,0,0,0,0,0,0,0,0,0.662,0,0,0,0,0,0,0,0,1.325,0,-41.722,3.311,10.596,19.205,0,"2024a","UD7JG9",32.5531929951392
34,"Greece",10,10,2015-01-25,201501,34313,"Panhellenic Socialist Movement","PASOK",30,"NA",317,5,2015,0.745,0.63,4.573,0,NA,13,300,1,110,"2024-1",584,0,1.027,0,0.342,0.342,0,0.342,2.397,8.733,0,0,0,8.904,0,0.171,2.568,0,2.911,1.027,0.514,0,1.027,1.884,0.342,0,1.027,1.541,0,0,5.137,6.849,0,0.171,3.596,0,0,8.733,0,3.425,16.096,0,13.699,0.171,1.027,0,0,0,0.171,1.541,0,0.171,2.397,0,1.712,0,0,0,0,0,0,0,0,0,0,0,0,0,0,0,0,0,0,0,0,0,0,0,0,0,0,0,0,0,0,0,0,0,0,0,0,0,0,0,0,0,0,0,0,0,0,0,0,0,0,0,0,0,0,0,0,0,0,0.342,0,0,8.904,0,0,0,0.514,0,0,0,0,0,0,0,1.027,0,0,0,0.171,0,0,1.541,0,0,0,0,0.171,0,1.712,0,-37.842,2.226,3.596,19.521,0.342,"2024a","64E8RA",31.8552352941176
34,"Greece",10,10,2015-01-25,201501,34511,"New Democracy","ND",50,"NA",317,5,2015,0.745,0.63,27.15,0,NA,76,300,1,110,"2024-1",162,0,0,0,0,0,0,0,0,0.617,0,0,0,0.617,0,0,2.469,0,2.469,8.642,3.704,4.938,8.642,2.469,0,0,0,0,0,0,2.469,22.84,0,0,5.556,0,0,1.235,0.617,0.617,20.37,0,0,0,1.235,0,0,0,0,0,0,0,8.642,1.235,0.617,0,0,0,0,0,0,0,0,0,0,0,0,0,0,0,0,0,0,0,0,0,0,0,0,0,0,0,0,0,0,0,0,0,0,0,0,0,0,0,0,0,0,0,0,0,0,0,0,0,0,0,0,0,0,0,0,0,0,0,0,0,0.617,0,0,0,3.704,0,0,0,0,0,0,0,1.235,0,0,0,0,0,0,0,0,0,0,0,0,0,0.617,0,-8.025,2.469,10.494,20.988,0,"2024a","VBNKPB",38.5575545861037
34,"Greece",10,10,2015-09-20,201509,34212,"Coalition of the Radical Left","SYRIZA",20,"NA",317,5,2015,0.745,0.63,35.46,0,NA,145,300,9,110,"2024-1",2883,1.145,0.416,0,2.463,0.104,0.59,0.52,1.526,0.763,0,1.977,1.387,5.272,0,0.208,2.601,0,2.879,3.954,2.081,0.035,1.179,5.168,0.243,0.139,0.659,0.069,0,0.139,2.359,14.672,0.486,1.041,8.429,0.832,1.977,2.081,2.879,1.769,8.117,0,3.954,0,0.347,0.867,0,0.312,0.416,0.971,0.173,0,7.215,0.277,5.307,0,0,0,0,0,0,0,0,0,0,0,0,0,0,0,0,0,0,0,0,0,0,0,0,0,0,0,0,0,0,0,0,0,0,0,0,0,0,0,0,0,0,0,0,0,0,0,0,0,0,0,0,0,0,0,0,0,0,2.463,0,1.387,4.717,0,0,0.555,2.081,0,0,0,0,0,0,1.977,0.347,0,0,0.867,0.416,1.145,0,0.971,0,0.173,0,0,0,0,5.307,0,-22.234,5.897,8.463,9.886,1.11,"2024a","ENFY37",32.5531929951392
34,"Greece",10,10,2015-09-20,201509,34313,"Panhellenic Socialist Movement","PASOK",30,"NA",317,5,2015,0.745,0.63,5.54,1,NA,15,300,1,110,"2024-1",413,0,0,0,0.242,0,0,0,0,2.421,0,0.242,0,3.632,0,1.695,3.39,0,5.569,0.726,0,0,3.874,11.38,0.242,0,0.242,0.242,0,0,10.412,12.349,0,0,10.654,0,2.421,0.726,0.242,0.484,7.264,0,1.453,0,0,0,0,0,0,0.484,0,0,15.254,0.242,4.116,0,0,0,0,0,0,0,0,0,0,0,0,0,0,0,0,0,0,0,0,0,0,0,0,0,0,0,0,0,0,0,0,0,0,0,0,0,0,0,0,0,0,0,0,0,0,0,0,0,0,0,0,0,0,0,0,0,0,0.242,0,0,3.632,0,0,0,0,0,0,0,0,0,0,2.421,0,0,0,0,0,0,0,0.484,0,0,0,0,0,0,4.116,0,-24.455,11.622,10.654,7.748,0,"2024a","BHTKC7",31.8552352941176
34,"Greece",10,10,2015-09-20,201509,34511,"New Democracy","ND",50,"NA",317,5,2015,0.745,0.63,27.414,0,NA,75,300,9,110,"2024-1",491,0,0,0.407,1.833,0.407,0,0.204,1.222,1.426,0,0,0.407,13.238,0,1.222,0.407,0,2.037,1.018,20.978,0.611,3.259,0,0,0,0,0,0,0,6.517,4.073,0,0,9.572,0,0,0.204,1.222,0,3.87,0,0.611,1.222,4.684,0,0.407,0,0.815,6.925,0,0,9.572,0,1.629,0,0,0,0,0,0,0,0,0,0,0,0,0,0,0,0,0,0,0,0,0,0,0,0,0,0,0,0,0,0,0,0,0,0,0,0,0,0,0,0,0,0,0,0,0,0,0,0,0,0,0,0,0,0,0,0,0,0,1.833,0,0.407,12.424,0,0.815,0,20.367,0.611,0,0,0,0,0,0,3.055,1.629,0,0,0.815,0,6.11,0.815,0,0,0,0,0,0,1.629,0,17.515,0,10.183,3.87,0.611,"2024a","YORTB5",38.5575545861037
34,"Greece",10,10,2019-07-07,201907,34212,"Coalition of the Radical Left","SYRIZA",20,"NA",358,5,NA,0.839,0.705,31.525771980557,0,NA,86,300,1,180,"2024-1",225,0,0,0,0,0,0,0,0,0,0,0,0,0,0,0,1.333,0,5.333,4,0.444,0,5.333,0.889,1.778,0,0,0,2.667,5.778,2.667,3.556,1.333,0,1.333,0,1.333,2.667,2.667,5.333,27.111,0,8,0,0,0.444,0,1.778,0.444,0,0,0,12.889,0,0.889,0,0,0,0,0,0,0,0,0,0,0,0,0,0,0,0,0,0,0,0,0,0,0,0,0,0,0,0,0,0,0,0,0,0,0,0,0,0,0,0,0,0,0,0,0,0,0,0,0,0,0,0,0,0,0,0,0,0,0,0,0,0,0,0,0,0.444,0,0,0,0,0,0,1.333,0,0,0,0.444,0.444,0,0,0,0,0,0,0,0,0,0.889,0,-44.444,4,1.333,32.444,0,"2024a","EI4CUE",32.5531929951392
34,"Greece",10,10,2019-07-07,201907,34511,"New Democracy","ND",50,"NA",358,5,NA,0.839,0.705,39.8549825498666,0,NA,158,300,1,180,"2024-1",168,0,0,0,0,1.19,0,0,1.786,0,0,0,1.19,0,0,0,0.595,0,4.762,0.595,0.595,7.143,7.143,0,0,0.595,0,1.786,0.595,1.786,5.952,5.357,2.381,0,0,0,4.762,2.381,0,4.167,11.905,0,5.357,0,3.571,0,0,0,7.143,1.19,0,0.595,8.929,0,6.548,0,0,0,0,0,0,0,0,0,0,0,0,0,0,0,0,0,0,0,0,0,0,0,0,0,0,0,0,0,0,0,0,0,0,0,0,0,0,0,0,0,0,0,0,0,0,0,0,0,0,0,0,0,0,0,0,0,0,0,0,1.19,0,0,0,0,0.595,0,0,0,0,0,0,4.762,0,3.571,0,0,7.143,0,1.19,0,0,0,0,0,0.595,0,6.548,0,0.595,2.381,7.143,16.071,0,"2024a","WUJ8LG",38.5575545861037
35,"Portugal",10,0,1975-04-25,197504,35220,"Portuguese Communist Party","PCP",20,"NA",224,1,1993,0.829,NA,13.46,0,NA,30,250,1,10,"NA",157,3.822,0,0,7.643,0,0,0,0.637,0,0,0,1.911,46.497,2.548,0,0,0,0.637,0,14.013,0,0,0,0,0,0,0,1.911,0,0,0,0,0.637,0,8.28,0,0,0,0,0,0,0,0,0,0,0.637,0,0,0,0,0,8.28,0,1.274,1.274,0,0,0,0,0,0,0,0,0,0,0,0,0,0,0,0,0,0,0,0,0,0,0,0,0,0,0,0,0,0,0,0,0,0,0,0,0,0,0,0,0,0,0,0,0,0,0,0,0,0,0,0,0,0,0,0,NA,NA,NA,NA,NA,NA,NA,NA,NA,NA,NA,NA,NA,NA,NA,NA,NA,NA,NA,NA,NA,NA,NA,NA,NA,NA,NA,NA,NA,NA,NA,NA,-44.586,0,0,0,0,"2024a","S7TB52",11.1931538461538
35,"Portugal",10,0,1975-04-25,197504,35311,"Socialist Party","PS",30,"NA",224,1,1993,0.829,NA,40.69,0,NA,116,250,1,10,"NA",74,0,2.703,0,9.459,0,2.703,0,8.108,0,0,0,4.054,40.541,0,0,0,0,0,0,9.459,0,0,2.703,1.351,0,0,0,4.054,0,0,0,0,4.054,0,6.757,0,0,0,0,0,0,0,0,0,0,0,0,0,0,0,0,2.703,0,1.351,0,0,0,0,0,0,0,0,0,0,0,0,0,0,0,0,0,0,0,0,0,0,0,0,0,0,0,0,0,0,0,0,0,0,0,0,0,0,0,0,0,0,0,0,0,0,0,0,0,0,0,0,0,0,0,0,0,NA,NA,NA,NA,NA,NA,NA,NA,NA,NA,NA,NA,NA,NA,NA,NA,NA,NA,NA,NA,NA,NA,NA,NA,NA,NA,NA,NA,NA,NA,NA,NA,-58.108,4.054,0,0,2.703,"2024a","FRUEBV",34.691875
35,"Portugal",10,0,1975-04-25,197504,35313,"Popular Democratic Party","PPD",60,"NA",224,1,1993,0.829,NA,28.35,0,NA,81,250,1,10,"NA",53,0,1.887,0,0,0,0,3.774,0,0,1.887,0,18.868,9.434,0,0,0,0,3.774,0,5.66,1.887,3.774,3.774,0,0,0,0,0,0,1.887,0,3.774,1.887,0,0,0,0,1.887,18.868,1.887,0,1.887,0,0,0,0,0,0,0,0,0,5.66,0,1.887,0,1.887,3.774,0,0,0,0,0,0,0,0,0,0,0,0,0,0,0,0,0,0,0,0,0,0,0,0,0,0,0,0,0,0,0,0,0,0,0,0,0,0,0,0,0,0,0,0,0,0,0,0,0,0,0,0,0,0,NA,NA,NA,NA,NA,NA,NA,NA,NA,NA,NA,NA,NA,NA,NA,NA,NA,NA,NA,NA,NA,NA,NA,NA,NA,NA,NA,NA,NA,NA,NA,NA,-1.887,7.547,1.887,20.755,3.774,"2024a","PI4RAA",33.9242666666667
35,"Portugal",10,0,1976-04-25,197604,35220,"Portuguese Communist Party","PCP",20,"NA",224,1,1993,0.829,NA,15.297,0,NA,40,263,1,10,"NA",61,1.639,1.639,0,8.197,0,0,0,1.639,0,0,0,8.197,8.197,1.639,0,1.639,0,0,0,4.918,1.639,4.918,0,0,0,0,0,0,0,1.639,1.639,0,0,0,1.639,0,0,3.279,1.639,4.918,0,6.557,0,0,0,0,0,1.639,1.639,0,0,11.475,0,16.393,1.639,1.639,0,0,0,0,0,0,0,0,0,0,0,0,0,0,0,0,0,0,0,0,0,0,0,0,0,0,0,0,0,0,0,0,0,0,0,0,0,0,0,0,0,0,0,0,0,0,0,0,0,0,0,0,0,0,0,NA,NA,NA,NA,NA,NA,NA,NA,NA,NA,NA,NA,NA,NA,NA,NA,NA,NA,NA,NA,NA,NA,NA,NA,NA,NA,NA,NA,NA,NA,NA,NA,-16.393,0,1.639,6.557,0,"2024a","UCLK5B",11.1931538461538
35,"Portugal",10,0,1976-04-25,197604,35311,"Socialist Party","PS",30,"NA",224,1,1993,0.829,NA,36.741,0,NA,107,263,1,10,"NA",211,2.37,0,0,3.791,0,0,0,0.948,0,0,0,5.687,9.479,1.896,0.474,0,0,4.265,0,32.227,1.422,0,0,0.474,1.422,0,0,6.635,0,3.318,0.474,0.948,1.422,1.422,2.37,0,0,0.474,1.896,0.948,0,0,0,0.948,0,0.948,0,0,6.635,0,0,1.896,0,3.791,0,1.422,0,0,0,0,0,0,0,0,0,0,0,0,0,0,0,0,0,0,0,0,0,0,0,0,0,0,0,0,0,0,0,0,0,0,0,0,0,0,0,0,0,0,0,0,0,0,0,0,0,0,0,0,0,0,0,NA,NA,NA,NA,NA,NA,NA,NA,NA,NA,NA,NA,NA,NA,NA,NA,NA,NA,NA,NA,NA,NA,NA,NA,NA,NA,NA,NA,NA,NA,NA,NA,31.28,1.422,2.844,2.844,0,"2024a","RCOC26",34.691875
35,"Portugal",10,0,1976-04-25,197604,35313,"Popular Democratic Party","PPD",60,"NA",224,1,1993,0.829,NA,25.24,0,NA,73,263,1,10,"NA",84,5.952,1.19,0,1.19,0,0,1.19,0,0,0,0,7.143,11.905,0,0,1.19,0,3.571,3.571,15.476,1.19,1.19,1.19,1.19,2.381,1.19,0,5.952,0,3.571,2.381,0,2.381,0,2.381,0,0,0,7.143,4.762,0,2.381,0,0,0,0,0,1.19,1.19,0,0,3.571,0,0,0,0,2.381,0,0,0,0,0,0,0,0,0,0,0,0,0,0,0,0,0,0,0,0,0,0,0,0,0,0,0,0,0,0,0,0,0,0,0,0,0,0,0,0,0,0,0,0,0,0,0,0,0,0,0,0,0,0,NA,NA,NA,NA,NA,NA,NA,NA,NA,NA,NA,NA,NA,NA,NA,NA,NA,NA,NA,NA,NA,NA,NA,NA,NA,NA,NA,NA,NA,NA,NA,NA,-3.571,2.381,1.19,11.905,1.19,"2024a","V8BX3H",33.9242666666667
35,"Portugal",10,0,1979-12-02,197912,35220,"Portuguese Communist Party","PCP",20,"NA",224,1,1993,0.829,NA,18.27,1,NA,44,250,2,10,"NA",122,0,0,0,3.279,0,0,2.459,0.82,0,0,0,1.639,9.016,3.279,0,0,0,0.82,0,29.508,0,3.279,0,0,0,0,0,3.279,0,4.098,0,0,0.82,0,1.639,0,0,4.098,3.279,3.279,0,6.557,0,0,0.82,0,0,0,1.639,0,0,6.557,0,4.098,1.639,2.459,1.639,0,0,0,0,0,0,0,0,0,0,0,0,0,0,0,0,0,0,0,0,0,0,0,0,0,0,0,0,0,0,0,0,0,0,0,0,0,0,0,0,0,0,0,0,0,0,0,0,0,0,0,0,0,0,NA,NA,NA,NA,NA,NA,NA,NA,NA,NA,NA,NA,NA,NA,NA,NA,NA,NA,NA,NA,NA,NA,NA,NA,NA,NA,NA,NA,NA,NA,NA,NA,6.557,0,0,6.557,2.459,"2024a","QGZFHP",11.1931538461538
35,"Portugal",10,0,1979-12-02,197912,35311,"Socialist Party","PS",30,"NA",224,1,1993,0.829,NA,28.236,0,NA,74,250,1,10,"NA",545,0.734,0.734,0,0.55,2.569,0.367,0.183,1.468,2.936,1.284,0,0,1.651,2.752,0,2.936,0,8.257,0,11.56,0.55,6.422,2.936,1.835,1.468,0,0,4.771,0,6.055,2.018,1.835,0.367,3.853,0.183,0,0.367,0,1.651,8.807,0,3.303,0,0.55,0,0,0,3.119,0.367,0,0,1.835,0,8.991,0,0.734,0,0,0,0,0,0,0,0,0,0,0,0,0,0,0,0,0,0,0,0,0,0,0,0,0,0,0,0,0,0,0,0,0,0,0,0,0,0,0,0,0,0,0,0,0,0,0,0,0,0,0,0,0,0,0,NA,NA,NA,NA,NA,NA,NA,NA,NA,NA,NA,NA,NA,NA,NA,NA,NA,NA,NA,NA,NA,NA,NA,NA,NA,NA,NA,NA,NA,NA,NA,NA,6.606,6.606,4.404,10.459,0.55,"2024a","KUKBVC",34.691875
35,"Portugal",10,0,1979-12-02,197912,35313,"Social Democratic Party","PSD",60,"NA",224,1,1993,0.829,NA,27.51,1,NA,76,250,2,10,"NA",690,0,0.435,0.58,0.29,1.014,0,0.435,0.87,2.754,1.449,0,2.899,0.87,1.159,0.435,7.391,0,6.522,0.29,4.203,4.783,1.884,1.739,0.58,0.29,0,0.87,3.188,0,5.217,5.797,0.29,0,2.174,0,0,5.652,4.638,2.029,6.232,1.014,4.203,0,0.145,0,1.449,0,2.464,1.014,0.29,0,0.145,0.435,6.232,0,2.609,3.043,0,0,0,0,0,0,0,0,0,0,0,0,0,0,0,0,0,0,0,0,0,0,0,0,0,0,0,0,0,0,0,0,0,0,0,0,0,0,0,0,0,0,0,0,0,0,0,0,0,0,0,0,0,0,NA,NA,NA,NA,NA,NA,NA,NA,NA,NA,NA,NA,NA,NA,NA,NA,NA,NA,NA,NA,NA,NA,NA,NA,NA,NA,NA,NA,NA,NA,NA,NA,9.42,2.609,6.957,8.261,1.014,"2024a","QI7YI5",33.9242666666667
35,"Portugal",10,0,1980-10-05,198010,35220,"Portuguese Communist Party","PCP",20,"NA",224,1,1993,0.829,NA,16.48,1,NA,39,250,2,10,"NA",277,1.805,0.722,0,2.166,0,0.722,1.083,1.083,0,0.722,0.361,4.693,9.386,12.635,0,0.361,0,0.722,2.166,41.155,0,0.361,0.361,0,0,0,0,0.722,0,1.444,0,0.722,0.361,0,2.888,0,0.361,1.083,0,1.444,0,0.361,0,0,0,0,0,0.722,0.722,0,0,4.332,0,2.888,0,0.361,1.083,0,0,0,0,0,0,0,0,0,0,0,0,0,0,0,0,0,0,0,0,0,0,0,0,0,0,0,0,0,0,0,0,0,0,0,0,0,0,0,0,0,0,0,0,0,0,0,0,0,0,0,0,0,0,NA,NA,NA,NA,NA,NA,NA,NA,NA,NA,NA,NA,NA,NA,NA,NA,NA,NA,NA,NA,NA,NA,NA,NA,NA,NA,NA,NA,NA,NA,NA,NA,38.267,1.083,0,1.444,1.805,"2024a","73IM5K",11.1931538461538
35,"Portugal",10,0,1980-10-05,198010,35311,"Socialist Party","PS",30,"NA",224,1,1993,0.829,NA,25.6,1,NA,66,250,2,10,"NA",169,3.55,0,0,0.592,0.592,0,0,0,1.775,0,0,2.367,5.917,9.467,1.775,0.592,0,7.101,0,14.201,1.775,1.183,0.592,1.775,0,0,0,2.959,0,2.367,3.55,0,0.592,0,0.592,0,1.775,6.509,1.183,9.467,0,7.692,0,0,0,0,0,0,3.55,0,0,1.775,0,3.55,0,1.183,0,0,0,0,0,0,0,0,0,0,0,0,0,0,0,0,0,0,0,0,0,0,0,0,0,0,0,0,0,0,0,0,0,0,0,0,0,0,0,0,0,0,0,0,0,0,0,0,0,0,0,0,0,0,0,NA,NA,NA,NA,NA,NA,NA,NA,NA,NA,NA,NA,NA,NA,NA,NA,NA,NA,NA,NA,NA,NA,NA,NA,NA,NA,NA,NA,NA,NA,NA,NA,4.734,2.367,1.775,10.651,0,"2024a","F8NPUZ",34.691875
35,"Portugal",10,0,1980-10-05,198010,35313,"Social Democratic Party","PSD",60,"NA",224,1,1993,0.829,NA,29.53,1,NA,82,250,2,10,"NA",422,4.502,1.185,0,0.237,2.607,0.237,0.474,1.422,1.659,0,0,0.711,6.161,0,2.133,4.028,0,4.265,0,13.981,2.844,0.237,0.711,0,0,0,0,2.133,0,0.237,2.133,0.237,0,8.531,0,0,2.37,2.37,10.19,4.265,0,4.028,0,0.948,0,1.422,0,2.133,3.791,0.237,0,0,0.237,2.844,0,0,4.502,0,0,0,0,0,0,0,0,0,0,0,0,0,0,0,0,0,0,0,0,0,0,0,0,0,0,0,0,0,0,0,0,0,0,0,0,0,0,0,0,0,0,0,0,0,0,0,0,0,0,0,0,0,0,NA,NA,NA,NA,NA,NA,NA,NA,NA,NA,NA,NA,NA,NA,NA,NA,NA,NA,NA,NA,NA,NA,NA,NA,NA,NA,NA,NA,NA,NA,NA,NA,19.431,0.948,11.374,14.455,0.711,"2024a","5VJWZN",33.9242666666667
35,"Portugal",10,0,1983-04-25,198304,35220,"Portuguese Communist Party","PCP",20,"NA",224,1,1993,0.829,NA,16.99,1,NA,40,250,1,10,"NA",213,0,0.469,0,1.878,0,3.286,1.408,1.408,0,0,0.939,0.939,8.451,2.347,0,1.878,0,0.939,2.347,40.845,0.469,2.347,0.469,0,0,0.469,0,3.286,0,3.756,0,0,0.939,1.408,1.878,0,0.469,0.939,0.469,5.634,0,0.469,0,0,0,0,0,0.469,0.469,0,0,4.225,0,1.878,0,1.878,0.939,0,0,0,0,0,0,0,0,0,0,0,0,0,0,0,0,0,0,0,0,0,0,0,0,0,0,0,0,0,0,0,0,0,0,0,0,0,0,0,0,0,0,0,0,0,0,0,0,0,0,0,0,0,0,NA,NA,NA,NA,NA,NA,NA,NA,NA,NA,NA,NA,NA,NA,NA,NA,NA,NA,NA,NA,NA,NA,NA,NA,NA,NA,NA,NA,NA,NA,NA,NA,20.657,0.469,1.878,6.103,4.695,"2024a","XDMJTA",11.1931538461538
35,"Portugal",10,0,1983-04-25,198304,35311,"Socialist Party","PS",30,"NA",224,1,1993,0.829,NA,37.338,0,NA,101,250,1,10,"NA",125,2.4,0,0,0,0,1.6,0,0,1.6,0,0,0,0,0,0,0,0,4.8,0,4,0.8,4.8,0.8,0,0,0,0,0,0,2.4,9.6,0,0,0,0,0,0.8,0,0.8,13.6,0,7.2,0,0,0,0,0,10.4,0,0,0,8.8,0,20.8,0,1.6,3.2,0,0,0,0,0,0,0,0,0,0,0,0,0,0,0,0,0,0,0,0,0,0,0,0,0,0,0,0,0,0,0,0,0,0,0,0,0,0,0,0,0,0,0,0,0,0,0,0,0,0,0,0,0,0,NA,NA,NA,NA,NA,NA,NA,NA,NA,NA,NA,NA,NA,NA,NA,NA,NA,NA,NA,NA,NA,NA,NA,NA,NA,NA,NA,NA,NA,NA,NA,NA,-12,0.8,0.8,14.4,1.6,"2024a","NT5ZWK",34.691875
35,"Portugal",10,0,1983-04-25,198304,35313,"Social Democratic Party","PSD",60,"NA",224,1,1993,0.829,NA,27.769,0,NA,75,250,1,10,"NA",453,0,0.662,0,0.662,0.662,0,0,2.208,0.221,0,0,0,0,0,0,4.415,0,5.74,0.221,0,0.662,1.104,1.766,1.104,1.545,0,0.442,5.96,0,3.532,13.245,1.104,0,2.208,0,0,1.325,7.285,0.883,11.479,0,6.843,0,0,0,0.221,0,1.325,0,0.221,0,2.428,0,12.362,0,7.506,0.662,0,0,0,0,0,0,0,0,0,0,0,0,0,0,0,0,0,0,0,0,0,0,0,0,0,0,0,0,0,0,0,0,0,0,0,0,0,0,0,0,0,0,0,0,0,0,0,0,0,0,0,0,0,0,NA,NA,NA,NA,NA,NA,NA,NA,NA,NA,NA,NA,NA,NA,NA,NA,NA,NA,NA,NA,NA,NA,NA,NA,NA,NA,NA,NA,NA,NA,NA,NA,-20.971,3.974,2.87,12.362,0,"2024a","YBKRPV",33.9242666666667
35,"Portugal",10,0,1985-10-06,198510,35220,"Portuguese Communist Party","PCP",20,"NA",224,1,1993,0.829,NA,14.29,1,NA,34,250,2,10,"NA",123,3.252,0.813,0,3.252,0,2.439,0.813,0,0,0,0.813,2.439,11.382,1.626,0,1.626,0,0,5.691,43.902,0,0,0,0,0,0,0,3.252,0,0.813,0.813,0.813,0,0.813,3.252,0,0,0,1.626,3.252,0,0,0,0,0,0,0,0.813,0,0,0,4.878,0,1.626,0,0,0,0,0,0,0,0,0,0,0,0,0,0,0,0,0,0,0,0,0,0,0,0,0,0,0,0,0,0,0,0,0,0,0,0,0,0,0,0,0,0,0,0,0,0,0,0,0,0,0,0,0,0,0,0,0,NA,NA,NA,NA,NA,NA,NA,NA,NA,NA,NA,NA,NA,NA,NA,NA,NA,NA,NA,NA,NA,NA,NA,NA,NA,NA,NA,NA,NA,NA,NA,NA,22.764,0.813,0.813,4.878,3.252,"2024a","PGAU4B",11.1931538461538
35,"Portugal",10,0,1985-10-06,198510,35311,"Socialist Party","PS",30,"NA",224,1,1993,0.829,NA,21.375,0,NA,57,250,1,10,"NA",73,2.74,1.37,0,0,2.74,0,0,0,9.589,0,0,0,0,1.37,0,2.74,0,5.479,0,8.219,0,8.219,0,0,1.37,0,0,9.589,0,6.849,8.219,0,0,6.849,0,0,0,1.37,1.37,6.849,0,1.37,0,0,0,0,0,2.74,1.37,0,0,5.479,0,1.37,0,2.74,0,0,0,0,0,0,0,0,0,0,0,0,0,0,0,0,0,0,0,0,0,0,0,0,0,0,0,0,0,0,0,0,0,0,0,0,0,0,0,0,0,0,0,0,0,0,0,0,0,0,0,0,0,0,0,NA,NA,NA,NA,NA,NA,NA,NA,NA,NA,NA,NA,NA,NA,NA,NA,NA,NA,NA,NA,NA,NA,NA,NA,NA,NA,NA,NA,NA,NA,NA,NA,17.808,0,6.849,8.219,0,"2024a","X5LC1P",34.691875
35,"Portugal",10,0,1985-10-06,198510,35312,"Democratic Renewal Party","PRD",30,"NA",224,1,1993,0.829,NA,18.526,0,NA,45,250,1,10,"NA",56,1.786,0,0,0,0,0,0,0,0,0,0,3.571,3.571,1.786,0,7.143,0,7.143,16.071,14.286,0,1.786,0,0,5.357,0,1.786,5.357,0,0,1.786,0,0,3.571,0,0,0,1.786,7.143,5.357,0,1.786,0,0,0,0,0,0,3.571,0,0,1.786,0,0,3.571,0,0,0,0,0,0,0,0,0,0,0,0,0,0,0,0,0,0,0,0,0,0,0,0,0,0,0,0,0,0,0,0,0,0,0,0,0,0,0,0,0,0,0,0,0,0,0,0,0,0,0,0,0,0,0,0,NA,NA,NA,NA,NA,NA,NA,NA,NA,NA,NA,NA,NA,NA,NA,NA,NA,NA,NA,NA,NA,NA,NA,NA,NA,NA,NA,NA,NA,NA,NA,NA,17.857,0,3.571,12.5,0,"2024a","PW84FP",11.786
35,"Portugal",10,0,1985-10-06,198510,35313,"Social Democratic Party","PSD",60,"NA",224,1,1993,0.829,NA,30.586,0,NA,88,250,1,10,"NA",92,5.435,0,0,0,0,0,0,0,3.261,0,0,0,0,0,0,2.174,0,6.522,0,21.739,1.087,1.087,0,0,0,0,0,18.478,0,6.522,3.261,0,0,9.783,0,0,1.087,2.174,2.174,6.522,0,2.174,0,0,0,0,0,0,1.087,0,0,0,0,3.261,0,0,2.174,0,0,0,0,0,0,0,0,0,0,0,0,0,0,0,0,0,0,0,0,0,0,0,0,0,0,0,0,0,0,0,0,0,0,0,0,0,0,0,0,0,0,0,0,0,0,0,0,0,0,0,0,0,0,NA,NA,NA,NA,NA,NA,NA,NA,NA,NA,NA,NA,NA,NA,NA,NA,NA,NA,NA,NA,NA,NA,NA,NA,NA,NA,NA,NA,NA,NA,NA,NA,26.087,0,10.87,8.696,0,"2024a","2A4HM9",33.9242666666667
35,"Portugal",10,10,1987-07-19,198707,35220,"Portuguese Communist Party","PCP",20,"NA",224,1,1993,0.829,NA,11.254,1,NA,28,250,2,10,"NA",156,1.923,0.641,0,0,0.641,5.128,1.923,0,0,0.641,1.923,1.923,9.615,3.205,0,1.282,0,0,0,47.436,0,0.641,0,0,0,0.641,0,0.641,0,2.564,1.282,0,0.641,0,0,0,1.923,0.641,3.205,0.641,0,0,0,0,0,0,0,0,0.641,0,0,5.769,0,0.641,0,0.641,3.205,0,0,0,0,0,0,0,0,0,0,0,0,0,0,0,0,0,0,0,0,0,0,0,0,0,0,0,0,0,0,0,0,0,0,0,0,0,0,0,0,0,0,0,0,0,0,0,0,0,0,0,0,0,0,NA,NA,NA,NA,NA,NA,NA,NA,NA,NA,NA,NA,NA,NA,NA,NA,NA,NA,NA,NA,NA,NA,NA,NA,NA,NA,NA,NA,NA,NA,NA,NA,30.128,0,0,3.846,7.051,"2024a","IVGUHI",11.1931538461538
35,"Portugal",10,10,1987-07-19,198707,35311,"Socialist Party","PS",30,"NA",224,1,1993,0.829,NA,22.81,0,NA,60,250,1,10,"NA",99,0,0,0,0,0,0,0,0,0,0,0,0,1.01,7.071,0,0,0,7.071,0,1.01,8.081,3.03,0,0,3.03,1.01,0,3.03,0,0,6.061,0,0,0,0,0,0,0,6.061,13.131,0,30.303,0,0,0,0,0,0,3.03,0,0,7.071,0,0,0,0,0,0,0,0,0,0,0,0,0,0,0,0,0,0,0,0,0,0,0,0,0,0,0,0,0,0,0,0,0,0,0,0,0,0,0,0,0,0,0,0,0,0,0,0,0,0,0,0,0,0,0,0,0,0,0,NA,NA,NA,NA,NA,NA,NA,NA,NA,NA,NA,NA,NA,NA,NA,NA,NA,NA,NA,NA,NA,NA,NA,NA,NA,NA,NA,NA,NA,NA,NA,NA,-30.303,0,8.081,19.192,0,"2024a","P3BMV7",34.691875
35,"Portugal",10,10,1987-07-19,198707,35312,"Democratic Renewal Party","PRD",30,"NA",998,998,NA,NA,NA,5.046,0,NA,7,250,3,10,"NA",56,1.786,0,0,0,0,0,0,0,0,0,0,3.571,3.571,1.786,0,7.143,0,7.143,16.071,14.286,0,1.786,0,0,5.357,0,1.786,5.357,0,0,1.786,0,0,3.571,0,0,0,1.786,7.143,5.357,0,1.786,0,0,0,0,0,0,3.571,0,0,1.786,0,0,3.571,0,0,0,0,0,0,0,0,0,0,0,0,0,0,0,0,0,0,0,0,0,0,0,0,0,0,0,0,0,0,0,0,0,0,0,0,0,0,0,0,0,0,0,0,0,0,0,0,0,0,0,0,0,0,0,0,NA,NA,NA,NA,NA,NA,NA,NA,NA,NA,NA,NA,NA,NA,NA,NA,NA,NA,NA,NA,NA,NA,NA,NA,NA,NA,NA,NA,NA,NA,NA,NA,17.857,0,3.571,12.5,0,"2024a","AUAUNU",11.786
35,"Portugal",10,10,1987-07-19,198707,35313,"Social Democratic Party","PSD",60,"NA",224,1,1993,0.829,NA,51.287,0,NA,148,250,1,10,"NA",136,4.412,0,0,0,0,0,0,0,2.941,0.735,0,3.676,1.471,0,0.735,2.941,0,3.676,0,27.941,2.206,1.471,0.735,0,1.471,0,0,0.735,0,8.824,2.941,0.735,0,1.471,0,0,0,0,5.882,8.088,0,5.882,0,0,0,0.735,0,0.735,4.412,0,0,0,0,1.471,0,0.735,2.941,0,0,0,0,0,0,0,0,0,0,0,0,0,0,0,0,0,0,0,0,0,0,0,0,0,0,0,0,0,0,0,0,0,0,0,0,0,0,0,0,0,0,0,0,0,0,0,0,0,0,0,0,0,0,NA,NA,NA,NA,NA,NA,NA,NA,NA,NA,NA,NA,NA,NA,NA,NA,NA,NA,NA,NA,NA,NA,NA,NA,NA,NA,NA,NA,NA,NA,NA,NA,25.735,1.471,3.676,13.971,0,"2024a","AK1EES",33.9242666666667
35,"Portugal",10,10,1991-10-06,199110,35220,"Portuguese Communist Party","PCP",20,"NA",224,1,1997,0.829,NA,NA,NA,NA,NA,226,1,20,"NA",1898,0.158,0.58,0.105,0.316,1.054,1.001,0.316,1.897,3.109,0.369,1.528,2.318,5.111,1.001,0,2.792,0,6.481,1.475,5.321,0.211,1.159,1.528,0.211,0.105,0.316,0,3.741,0,1.423,4.478,0.105,0.632,0.738,0.105,0,3.899,7.903,8.957,9.273,0,4.531,0,0.105,0,0.105,0.105,1.528,0.896,0.263,0,4.32,0,2.529,0.105,2.792,3.003,0,0,0,0,0,0,0,0,0,0,0,0,0,0,0,0,0,0,0,0,0,0,0,0,0,0,0,0,0,0,0,0,0,0,0,0,0,0,0,0,0,0,0,0,0,0,0,0,0,0,0,0,0,0,NA,NA,NA,NA,NA,NA,NA,NA,NA,NA,NA,NA,NA,NA,NA,NA,NA,NA,NA,NA,NA,NA,NA,NA,NA,NA,NA,NA,NA,NA,NA,NA,-15.121,1.844,0.948,18.23,1.423,"2024a","4NMDHH",11.1931538461538
35,"Portugal",10,10,1991-10-06,199110,35311,"Socialist Party","PS",30,"NA",224,1,1997,0.829,NA,29.58,0,NA,71,226,1,10,"NA",3065,0.489,1.892,0.228,0,1.011,0.228,0.065,1.338,4.47,0,0,2.414,4.176,0.392,0,4.796,0,4.927,0.228,3.426,0.848,2.055,4.144,0.294,0.816,0.098,0,4.502,0,2.219,10.832,0.294,0.294,2.447,0,0,5.677,5.122,6.754,7.602,0,4.894,0,0.098,0,0.033,0,0.587,0.62,0.131,0,2.284,0,4.894,0.065,0.914,1.403,0,0,0,0,0,0,0,0,0,0,0,0,0,0,0,0,0,0,0,0,0,0,0,0,0,0,0,0,0,0,0,0,0,0,0,0,0,0,0,0,0,0,0,0,0,0,0,0,0,0,0,0,0,0,NA,NA,NA,NA,NA,NA,NA,NA,NA,NA,NA,NA,NA,NA,NA,NA,NA,NA,NA,NA,NA,NA,NA,NA,NA,NA,NA,NA,NA,NA,NA,NA,-11.778,4.731,3.295,14.356,0.522,"2024a","3VVJMR",34.691875
35,"Portugal",10,10,1991-10-06,199110,35313,"Social Democratic Party","PSD",60,"NA",224,1,1997,0.829,NA,50.993,0,NA,132,226,1,10,"NA",1003,0,3.091,0.1,0,1.296,0,0,2.991,3.988,0,0,0.997,1.496,0,0,2.393,0,4.985,0.299,3.091,1.994,2.393,3.39,0.399,0.897,0,0,4.088,0,3.39,8.873,0.199,0,1.296,0,0,7.876,6.879,5.085,10.768,0,3.39,0,1.097,0,0.598,0,1.196,1.396,0,0,1.496,0,4.586,0.199,1.196,2.592,0,0,0,0,0,0,0,0,0,0,0,0,0,0,0,0,0,0,0,0,0,0,0,0,0,0,0,0,0,0,0,0,0,0,0,0,0,0,0,0,0,0,0,0,0,0,0,0,0,0,0,0,0,0,NA,NA,NA,NA,NA,NA,NA,NA,NA,NA,NA,NA,NA,NA,NA,NA,NA,NA,NA,NA,NA,NA,NA,NA,NA,NA,NA,NA,NA,NA,NA,NA,-8.774,3.988,3.29,15.852,0.1,"2024a","1FADMG",33.9242666666667
35,"Portugal",10,10,1995-10-01,199510,35220,"Portuguese Communist Party","PCP",20,"NA",224,1,1997,0.829,NA,NA,NA,NA,NA,230,1,20,"NA",2986,0,0.636,0.067,0.435,0.67,0.469,0.1,1.407,1.808,0.067,1.172,2.378,5.559,0.971,0,3.014,0,4.253,1.072,2.981,0,0.536,3.65,0,0.067,0.569,0,6.062,0,1.273,5.894,0.167,1.674,0.904,0.435,0,3.315,7.267,7.904,12.592,0,4.923,0,0.268,0,0.502,0.167,1.608,0.603,0.737,0,4.052,0,4.22,0.201,1.34,2.009,0,0,0,0,0,0,0,0,0,0,0,0,0,0,0,0,0,0,0,0,0,0,0,0,0,0,0,0,0,0,0,0,0,0,0,0,0,0,0,0,0,0,0,0,0,0,0,0,0,0,0,0,0,0,NA,NA,NA,NA,NA,NA,NA,NA,NA,NA,NA,NA,NA,NA,NA,NA,NA,NA,NA,NA,NA,NA,NA,NA,NA,NA,NA,NA,NA,NA,NA,NA,-24.18,3.818,0.904,20.496,0.636,"2024a","YJBYNZ",11.1931538461538
35,"Portugal",10,10,1995-10-01,199510,35311,"Socialist Party","PS",30,"NA",224,1,1997,0.829,NA,44.611,0,NA,112,230,1,10,"NA",4798,0.208,2.168,1.313,0,0.875,0.167,0.396,2.626,1.855,0,0,1.251,4.002,0.417,0.021,4.231,0,10.296,1.146,2.772,0.438,1.834,5.982,0.167,0.709,0.021,0,6.107,0.104,2.001,8.92,0.271,0,1,0,0,4.627,3.731,5.148,8.67,0,4.293,0,0.188,0,0.271,0,1.647,1.959,0.229,0,2.751,0.167,2.709,0.167,0.604,1.542,0,0,0,0,0,0,0,0,0,0,0,0,0,0,0,0,0,0,0,0,0,0,0,0,0,0,0,0,0,0,0,0,0,0,0,0,0,0,0,0,0,0,0,0,0,0,0,0,0,0,0,0,0,0,NA,NA,NA,NA,NA,NA,NA,NA,NA,NA,NA,NA,NA,NA,NA,NA,NA,NA,NA,NA,NA,NA,NA,NA,NA,NA,NA,NA,NA,NA,NA,NA,-16.694,6.419,1.438,13.818,1.876,"2024a","6TKKM2",34.691875
35,"Portugal",10,10,1995-10-01,199510,35313,"Social Democratic Party","PSD",60,"NA",224,1,1997,0.829,NA,34.784,0,NA,88,230,1,10,"NA",1393,0.144,3.23,0.072,0,2.8,0.215,0.072,2.082,4.164,0,0.144,1.22,3.948,0.144,0.144,0.933,0,5.599,0.215,2.513,2.082,2.154,3.159,0,0.215,0.072,0.144,6.03,0,5.671,11.271,0.072,0,3.446,0,0,4.523,5.815,3.087,9.476,0,3.302,0,0.215,0,0.503,0.072,2.872,1.005,0,0,0.861,0,3.589,0.215,0.861,1.651,0,0,0,0,0,0,0,0,0,0,0,0,0,0,0,0,0,0,0,0,0,0,0,0,0,0,0,0,0,0,0,0,0,0,0,0,0,0,0,0,0,0,0,0,0,0,0,0,0,0,0,0,0,0,NA,NA,NA,NA,NA,NA,NA,NA,NA,NA,NA,NA,NA,NA,NA,NA,NA,NA,NA,NA,NA,NA,NA,NA,NA,NA,NA,NA,NA,NA,NA,NA,-4.164,3.23,5.528,12.563,0.359,"2024a","ZCHIGR",33.9242666666667
35,"Portugal",10,10,1999-10-10,199910,35220,"Portuguese Communist Party","PCP",20,"NA",224,1,2000,0.829,NA,NA,NA,NA,NA,230,1,20,"2024-1",3286,0,0.396,0,0.822,0.7,0.396,0.061,0.883,1.309,0.517,0.943,2.404,4.687,0.548,0,1.765,0.03,4.078,1.035,3.652,0.03,1.339,5.843,0,0.061,0.7,0,3.743,0,0.122,6.086,0.396,3.135,0.122,0.183,0,3.439,7.121,7.395,13.268,0,6.147,0,0,0,0,0.274,1.461,0.578,0.152,0,3.561,0,3.621,0.091,2.282,4.626,0,0,0,0,0,0,0,0,0,0,0,0,0,0,0,0,0,0,0,0,0,0,0,0,0,0,0,0,0,0,0,0,0,0,0,0,0,0,0,0,0,0,0,0,0,0,0,0,0,0,0,0,0,0,NA,NA,NA,NA,NA,NA,NA,NA,NA,NA,NA,NA,NA,NA,NA,NA,NA,NA,NA,NA,NA,NA,NA,NA,NA,NA,NA,NA,NA,NA,NA,NA,-29.063,6.239,0.152,20.663,0.456,"2024a","9VMWL5",11.1931538461538
35,"Portugal",10,10,1999-10-10,199910,35311,"Socialist Party","PS",30,"NA",224,1,2000,0.829,NA,44.41,0,NA,115,230,1,20,"NA",2322,0,1.077,0,0,2.455,0.129,0.215,2.455,1.464,0.043,0,0.431,2.369,0.172,0,2.412,0.043,9.432,0.043,1.766,0.474,1.163,6.503,0.172,0.861,0.129,0,4.953,0,0.818,11.671,0.172,0.258,0.775,0,0,1.464,6.848,5.34,13.351,0,3.316,0,0.129,0,0.043,0,3.316,2.756,0,0,2.11,0,1.421,0,1.981,5.469,0,0,0,0,0,0,0,0,0,0,0,0,0,0,0,0,0,0,0,0,0,0,0,0,0,0,0,0,0,0,0,0,0,0,0,0,0,0,0,0,0,0,0,0,0,0,0,0,0,0,0,0,0,0,NA,NA,NA,NA,NA,NA,NA,NA,NA,NA,NA,NA,NA,NA,NA,NA,NA,NA,NA,NA,NA,NA,NA,NA,NA,NA,NA,NA,NA,NA,NA,NA,-17.7,6.848,1.249,18.691,0.345,"2024a","XY3LQY",34.691875
35,"Portugal",10,10,1999-10-10,199910,35313,"Social Democratic Party","PSD",60,"NA",224,1,2000,0.829,NA,32.627,0,NA,81,230,1,20,"2024-1",770,0,1.169,0,0,3.506,0.26,0.26,2.857,2.857,0.13,0,0.13,2.208,0.13,0,2.338,0,6.494,0.649,6.883,2.338,3.247,1.429,0,0,0.13,0,2.078,0,0.779,9.61,0,0,4.026,0,0,3.766,6.494,5.195,12.597,0,4.026,0,0.13,0,0.649,0,2.727,0.519,0,0,1.429,0,4.675,0.13,0.779,3.377,0,0,0,0,0,0,0,0,0,0,0,0,0,0,0,0,0,0,0,0,0,0,0,0,0,0,0,0,0,0,0,0,0,0,0,0,0,0,0,0,0,0,0,0,0,0,0,0,0,0,0,0,0,0,NA,NA,NA,NA,NA,NA,NA,NA,NA,NA,NA,NA,NA,NA,NA,NA,NA,NA,NA,NA,NA,NA,NA,NA,NA,NA,NA,NA,NA,NA,NA,NA,-0.909,1.429,6.364,17.792,0.519,"2024a","SETHWT",33.9242666666667
35,"Portugal",10,10,2002-03-17,200203,35220,"Portuguese Communist Party","PCP",20,"NA",225,2,2003,0.913,NA,5.833,0,NA,10,230,1,30,"2024-1",2806,0.036,0.071,0,0.071,0.321,0.57,0.214,1.033,0.356,0.713,2.388,1.105,3.742,0.428,0,2.744,0.249,9.622,0.962,3.778,0.071,3.671,4.562,0.178,0.036,0.214,0,0.748,0,1.497,7.377,0.143,4.063,0.321,1.782,0.356,5.203,3.991,7.021,10.264,0,4.918,0,0.356,0,0.321,0.321,2.388,0.713,0.143,0.535,4.775,0,3.207,0.535,0.463,1.426,0,0,0,0,0,0,0,0,0,0,0,0,0,0,0,0,0,0,0,0,0,0,0,0,0,0,0,0,0,0,0,0,0,0,0,0,0,0,0,0,0,0,0,0,0,0,0,0,0,0,0,0,0,0,NA,NA,NA,NA,NA,NA,NA,NA,NA,NA,NA,NA,NA,NA,NA,NA,NA,NA,NA,NA,NA,NA,NA,NA,NA,NA,NA,NA,NA,NA,NA,NA,-21.276,4.882,0.392,17.284,0.784,"2024a","WQQM7T",11.1931538461538
35,"Portugal",10,10,2002-03-17,200203,35311,"Socialist Party","PS",30,"NA",225,2,2003,0.913,NA,38.551,0,NA,96,230,1,30,"NA",4567,0,0.613,0,0,2.146,0,0.022,1.664,2.825,0.044,0.088,0.307,1.489,0.109,0,2.781,0.088,12.831,0.372,1.467,0.526,2.737,5.89,0.613,0.591,0.044,0,1.795,0,4.051,12.437,0.088,0.066,0.285,0,0.066,4.686,5.978,5.168,6.963,0,7.489,0,1.467,0,0.942,0,4.116,0.898,0.044,1.051,0.569,0,2.19,0.219,0.788,1.401,0,0,0,0,0,0,0,0,0,0,0,0,0,0,0,0,0,0,0,0,0,0,0,0,0,0,0,0,0,0,0,0,0,0,0,0,0,0,0,0,0,0,0,0,0,0,0,0,0,0,0,0,0,0,NA,NA,NA,NA,NA,NA,NA,NA,NA,NA,NA,NA,NA,NA,NA,NA,NA,NA,NA,NA,NA,NA,NA,NA,NA,NA,NA,NA,NA,NA,NA,NA,-9.897,6.591,0.81,12.131,0.022,"2024a","TLFFGC",34.691875
35,"Portugal",10,10,2002-03-17,200203,35313,"Social Democratic Party","PSD",60,"NA",225,2,2003,0.913,NA,41.014,0,NA,105,230,1,30,"NA",3032,0,1.088,0,0,2.441,0,0.066,2.177,1.253,0.132,0.693,0.363,1.253,0.231,0,5.178,0,23.714,0.495,0.956,2.012,2.836,3.397,0.396,0,0.099,0,0.726,0,4.156,9.598,0,0,1.616,0,0.462,4.321,5.442,4.189,3.199,0,5.079,0,1.385,0,1.484,0,3.331,0.594,0,0.693,0.429,0,2.836,0.264,0.429,0.989,0,0,0,0,0,0,0,0,0,0,0,0,0,0,0,0,0,0,0,0,0,0,0,0,0,0,0,0,0,0,0,0,0,0,0,0,0,0,0,0,0,0,0,0,0,0,0,0,0,0,0,0,0,0,NA,NA,NA,NA,NA,NA,NA,NA,NA,NA,NA,NA,NA,NA,NA,NA,NA,NA,NA,NA,NA,NA,NA,NA,NA,NA,NA,NA,NA,NA,NA,NA,1.154,3.793,3.628,7.388,0.066,"2024a","5FGZ8D",33.9242666666667
35,"Portugal",10,10,2005-02-20,200502,35220,"Portuguese Communist Party","PCP",20,"NA",264,2,2006,NA,NA,6.514,0,NA,12,230,1,30,"NA",3136,0,0.383,0,0.287,0.287,0.989,0.223,1.531,0.351,1.371,1.563,1.18,2.934,0.829,0,2.902,0.096,9.694,1.722,1.339,0.064,4.624,5.006,0.287,0.159,0.223,0,0.191,0.351,3.635,7.366,0.159,4.305,0.159,0.351,0.606,4.911,3.699,5.899,9.279,0,5.389,0,0.574,0,0.415,0.383,1.467,1.339,0.255,0.478,5.548,0,2.966,0.957,0.032,1.244,0,0,0,0,0,0,0,0,0,0,0,0,0,0,0,0,0,0,0,0,0,0,0,0,0,0,0,0,0,0,0,0,0,0,0,0,0,0,0,0,0,0,0,0,0,0,0,0,0,0,0,0,0,0,NA,NA,NA,NA,NA,NA,NA,NA,NA,NA,NA,NA,NA,NA,NA,NA,NA,NA,NA,NA,NA,NA,NA,NA,NA,NA,NA,NA,NA,NA,NA,NA,-23.884,5.453,0.223,15.179,1.212,"2024a","CTEVTY",11.1931538461538
35,"Portugal",10,10,2005-02-20,200502,35311,"Socialist Party","PS",30,"NA",264,2,2006,NA,NA,46.396,0,NA,121,230,1,30,"2024-1",3679,0.027,0.598,0,0,2.147,0,0,3.751,2.256,0.163,0.163,0.353,1.74,0.272,0,3.398,0.027,13.346,1.033,0.652,2.202,2.637,5.328,0.843,0.652,0.027,0,0.245,0.027,2.446,10.873,0,0,2.772,0,0.353,4.213,5.953,5.545,7.013,0.652,7.285,0.082,0.652,0,0.979,0.217,3.452,0.326,0,0.979,1.332,0.027,2.175,0.408,0.217,0.163,0,0,0,0,0,0,0,0,0,0,0,0,0,0,0,0,0,0,0,0,0,0,0,0,0,0,0,0,0,0,0,0,0,0,0,0,0,0,0,0,0,0,0,0,0,0,0,0,0,0,0,0,0,0,NA,NA,NA,NA,NA,NA,NA,NA,NA,NA,NA,NA,NA,NA,NA,NA,NA,NA,NA,NA,NA,NA,NA,NA,NA,NA,NA,NA,NA,NA,NA,NA,-10.22,6.17,4.974,12.558,0,"2024a","9AOGKH",34.691875
35,"Portugal",10,10,2005-02-20,200502,35313,"Social Democratic Party","PSD",60,"NA",264,2,2006,NA,NA,29.638,0,NA,75,230,1,30,"NA",3524,0,0.653,0,0,1.135,0.028,0.057,1.617,1.447,0.142,0.596,0.511,1.39,0.17,0,2.157,0,18.133,1.249,1.192,2.526,3.263,4.228,1.192,0.199,0.085,0,0.114,0,4.852,12.089,0,0,3.093,0,0.568,13.28,3.377,3.661,2.866,0.341,3.121,0,2.015,0,0.88,0,2.327,0.823,0,0.936,1.674,0,1.39,0.057,0.057,0.511,0,0,0,0,0,0,0,0,0,0,0,0,0,0,0,0,0,0,0,0,0,0,0,0,0,0,0,0,0,0,0,0,0,0,0,0,0,0,0,0,0,0,0,0,0,0,0,0,0,0,0,0,0,0,NA,NA,NA,NA,NA,NA,NA,NA,NA,NA,NA,NA,NA,NA,NA,NA,NA,NA,NA,NA,NA,NA,NA,NA,NA,NA,NA,NA,NA,NA,NA,NA,2.015,5.42,5.619,6.527,0.085,"2024a","P4KHA4",33.9242666666667
35,"Portugal",10,10,2009-09-27,200909,35220,"Portuguese Communist Party","PCP",20,"NA",264,3,2010,0.611,NA,7.081,0,NA,13,230,1,40,"NA",1155,0.69,0.09,0,0.35,0.26,0.43,0.26,0.95,0,1.56,2.51,2.16,1.73,1.21,0,1.47,0,1.39,2.42,3.98,0,2.25,0.61,0.09,0.61,0.17,0,1.47,0.35,3.81,8.05,2.86,5.71,1.13,1.13,0,1.56,1.99,7.19,14.46,0,3.64,0,0,0,0.09,0,6.84,0.09,0.09,0,8.57,0,3.9,1.65,0.17,0.09,0,0,0,0,0,0,0,0,0,0,0,0,0,0,0,0,0,0,0,0,0,0,0,0,0,0,0,0,0,0,0,0,0,0,0,0,0,0,0,0,0,0,0,0,0,0,0,0,0,0,0,0,0,0,NA,NA,NA,NA,NA,NA,NA,NA,NA,NA,NA,NA,NA,NA,NA,NA,NA,NA,NA,NA,NA,NA,NA,NA,NA,NA,NA,NA,NA,NA,NA,NA,-21.82,3.55,1.13,21.65,0.69,"2024a","S5S5OW",11.1931538461538
35,"Portugal",10,10,2009-09-27,200909,35311,"Socialist Party","PS",30,"NA",264,3,2010,0.463,NA,37.73,0,NA,97,230,1,50,"NA",2090,0,0.766,0,0,1.962,0,0,1.005,1.148,0,0,0,1.196,0.239,0,4.545,0,3.732,0.478,1.722,0.048,5.55,3.301,0,0.526,0,0,0.191,0.431,3.062,14.45,0.048,0,0.957,0,0,4.593,6.316,7.751,11.1,1.388,8.612,0,0.239,0,0.144,0.144,8.66,0.144,0.096,0.67,0.287,0,2.536,0.287,0,1.675,0,0,0,0,0,0,0,0,0,0,0,0,0,0,0,0,0,0,0,0,0,0,0,0,0,0,0,0,0,0,0,0,0,0,0,0,0,0,0,0,0,0,0,0,0,0,0,0,0,0,0,0,0,0,NA,NA,NA,NA,NA,NA,NA,NA,NA,NA,NA,NA,NA,NA,NA,NA,NA,NA,NA,NA,NA,NA,NA,NA,NA,NA,NA,NA,NA,NA,NA,NA,-4.498,3.349,1.005,18.852,0,"2024a","EPHKVO",34.691875
35,"Portugal",10,10,2009-09-27,200909,35313,"Social Democratic Party","PSD",60,"NA",264,3,2010,0.611,NA,30.05,0,NA,81,230,1,40,"NA",887,3.38,1.24,0,0,0.56,0,0,1.58,1.35,0,0,0.9,0.68,0,0.11,4.85,0,10.82,1.69,0.79,0.68,3.16,3.16,0.56,0,0,0,0.79,0.34,2.71,6.54,0,0,5.07,0,0.23,6.88,4.4,4.74,6.31,1.92,6.99,0,0,0,1.35,0,10.26,1.24,0.45,0,0.11,0,3.38,0,0.34,0.45,0,0,0,0,0,0,0,0,0,0,0,0,0,0,0,0,0,0,0,0,0,0,0,0,0,0,0,0,0,0,0,0,0,0,0,0,0,0,0,0,0,0,0,0,0,0,0,0,0,0,0,0,0,0,NA,NA,NA,NA,NA,NA,NA,NA,NA,NA,NA,NA,NA,NA,NA,NA,NA,NA,NA,NA,NA,NA,NA,NA,NA,NA,NA,NA,NA,NA,NA,NA,6.54,3.72,5.75,11.05,0,"2024a","EFC2QI",33.9242666666667
35,"Portugal",10,10,2011-06-05,201106,35220,"Portuguese Communist Party","PCP",20,"NA",264,4,2012,0.848,0.659,7.201,1,NA,14,230,1,61,"2024-1",200,0,0,0,0,0,1.5,0,0,0,5.5,8,2,5,3.5,0,0,0,0,2,6,0,1.5,6,0.5,0,0,0,6,11,7,0.5,1,4,0.5,2,0.5,0,0,9,6.5,0,0.5,0,0,0,0,0,2.5,0,0,0,6,0,1.5,0,0,0,0,0,0,0,0,0,0,0,0,0,0,0,0,0,0,0,0,0,0,0,0,0,0,0,0,0,0,0,0,0,0,0,0,0,0,0,0,0,0,0,0,0,0,0,0,0,0,0,0,0,0,0,0,0,NA,NA,NA,NA,NA,NA,NA,NA,NA,NA,NA,NA,NA,NA,NA,NA,NA,NA,NA,NA,NA,NA,NA,NA,NA,NA,NA,NA,NA,NA,NA,NA,-15,7.5,0.5,15.5,1.5,"2024a","D4YCVC",11.1931538461538
35,"Portugal",10,10,2011-06-05,201106,35311,"Socialist Party","PS",30,"NA",264,4,2012,0.848,0.659,29.239,0,NA,74,230,1,61,"2024-1",829,0.844,0.965,0,0,0.724,0,0,1.568,2.171,0,0,0.121,3.016,0,0,2.895,0,6.393,0.603,5.549,0,2.413,2.171,0,0.241,0,0,0.362,3.619,7.72,4.222,0.483,0.483,5.79,0,0.362,4.222,8.203,4.946,9.168,0.362,6.514,0,0,0,0,0.121,8.806,0,0,0,0.121,0,3.136,0,0,1.689,0,0,0,0,0,0,0,0,0,0,0,0,0,0,0,0,0,0,0,0,0,0,0,0,0,0,0,0,0,0,0,0,0,0,0,0,0,0,0,0,0,0,0,0,0,0,0,0,0,0,0,0,0,0,NA,NA,NA,NA,NA,NA,NA,NA,NA,NA,NA,NA,NA,NA,NA,NA,NA,NA,NA,NA,NA,NA,NA,NA,NA,NA,NA,NA,NA,NA,NA,NA,0.241,2.654,5.79,14.113,0,"2024a","BM81AH",34.691875
35,"Portugal",10,10,2011-06-05,201106,35313,"Social Democratic Party","PSD",60,"NA",264,4,2012,0.848,0.659,40.306,0,NA,108,230,1,61,"2024-1",2693,0.223,0.52,0,0,1.003,0,0,1.56,0.557,0,0,0,1.857,0.037,0,3.899,0,10.732,0.52,1.82,2.785,10.917,4.567,0.149,0.149,0,0,0.743,0.149,9.989,4.122,0.037,0.223,9.061,0,0.371,2.525,2.971,3.193,5.681,2.005,6.313,0.334,0.111,0,0,0,5.421,0.371,0.111,0,0.334,0,3.453,0.706,0,0.483,0,0,0,0,0,0,0,0,0,0,0,0,0,0,0,0,0,0,0,0,0,0,0,0,0,0,0,0,0,0,0,0,0,0,0,0,0,0,0,0,0,0,0,0,0,0,0,0,0,0,0,0,0,0,NA,NA,NA,NA,NA,NA,NA,NA,NA,NA,NA,NA,NA,NA,NA,NA,NA,NA,NA,NA,NA,NA,NA,NA,NA,NA,NA,NA,NA,NA,NA,NA,12.811,4.753,11.846,8.875,0,"2024a","FK5OCD",33.9242666666667
35,"Portugal",10,10,2015-10-04,201510,35060,"Portugal Ahead","PàF",60,"NA",264,5,2018,0.847,0.659,40.034,0,NA,107,230,8,131,"2024-1",1982,0,0.908,0,0,1.413,0,0.05,0.757,1.766,0,0,0,2.321,0,0.303,3.128,0,10.949,1.261,0.454,0.959,7.013,2.371,0,0.303,0.252,0,0.605,0.959,7.114,9.788,0.05,0,3.481,0,0.555,6.458,4.087,4.945,9.082,2.22,5.096,0.252,0.757,0,0.05,0,3.481,1.463,0.454,0,0.706,0,2.472,0.303,0,1.413,0,0,0,0,0,0,0,0,0,0,0,0,0,0,0,0,0,0,0,0,0,0,0,0,0,0,0,0,0,0,0,0,0,0,0,0,0,0,0,0,0,0,0,0,0,0,0,0,0,0,0,0,0,0,0,0,0,0,2.321,0,0,0,0.454,0,0,0,0,0,0,0.555,0.757,0,0,0,3.481,0,1.463,0,0,0.454,0,0,0,0,2.472,0,0.605,2.422,4.44,14.026,0.05,"2024a","O544XA",40.034
35,"Portugal",10,10,2015-10-04,201510,35220,"Portuguese Communist Party","PCP",20,"NA",264,5,2018,0.847,0.659,7.558,1,NA,15,230,1,131,"2024-1",1407,0,0.071,0,0.711,0.711,0.426,0.071,0.569,0.426,1.137,7.392,0.355,2.63,1.35,0,1.848,0.071,3.554,1.99,3.412,0,2.559,2.701,0,0.995,1.706,0,2.061,4.904,4.122,7.818,2.701,4.335,0.355,0,0,2.132,3.554,5.188,11.301,0,3.198,0,1.919,0,0,0,4.193,0.213,0.426,0,5.402,0,1.421,0,0,0.071,0,0,0,0,0,0,0,0,0,0,0,0,0,0,0,0,0,0,0,0,0,0,0,0,0,0,0,0,0,0,0,0,0,0,0,0,0,0,0,0,0,0,0,0,0,0,0,0,0,0,0,0,0,0,0.142,0.569,0.284,0.071,2.274,0,0.213,0.142,3.412,0,0,0,0,0,0,0,1.919,0,0,0,4.193,0,0.213,0,0,0.426,0,0,0,0,1.421,0,-20.682,5.402,0.355,16.489,0.498,"2024a","N8Z18N",11.1931538461538
35,"Portugal",10,10,2015-10-04,201510,35311,"Socialist Party","PS",30,"NA",264,5,2018,0.847,0.659,33.568,0,NA,86,230,1,131,"2024-1",2828,0.919,1.45,0,0,1.485,0,0.177,0.672,3.112,0,0.177,0.141,1.273,0.035,0,3.147,0,5.552,0.813,1.273,0.141,4.314,3.748,0.389,0.672,0.495,0,0.318,5.127,3.996,10.679,0.035,0.389,0.177,0,1.521,6.86,6.117,7.603,7.32,0.46,5.269,0,2.263,0.53,0.46,0,5.728,0.389,0.106,0,1.627,0,2.44,0.248,0,0.354,0,0,0,0,0,0,0,0,0,0,0,0,0,0,0,0,0,0,0,0,0,0,0,0,0,0,0,0,0,0,0,0,0,0,0,0,0,0,0,0,0,0,0,0,0,0,0,0,0,0,0,0,0,0,0,0,0.035,0.106,0.955,0.071,0.283,0.035,1.273,0,0,0,0,0,0,1.521,2.263,0,0,0.53,5.728,0.849,0.389,0,0,0.106,0,0,0,0,2.44,0,-4.526,4.173,0.318,14.922,0.177,"2024a","ON8HZZ",34.691875
35,"Portugal",10,10,2019-10-06,201910,35220,"Portuguese Communist Party","PCP",20,"NA",351,5,2020,0.881,0.859,5.283,1,NA,10,230,1,151,"2024-1",1045,0.574,0.096,0,0.67,0.67,0.478,0.096,0.861,0.191,0.287,3.254,0.383,2.871,0.67,0,0.766,0.096,3.541,0.67,3.828,0.096,1.34,2.201,0.096,0,0.574,0,0.478,0.574,3.158,7.847,1.627,2.967,2.297,0.766,1.435,1.722,2.871,7.177,16.268,0,4.689,0,2.201,0.191,0.191,0,3.158,0,0.191,0,13.206,0,2.392,0,0,0.287,0,0,0,0,0,0,0,0,0,0,0,0,0,0,0,0,0,0,0,0,0,0,0,0,0,0,0,0,0,0,0,0,0,0,0,0,0,0,0,0,0,0,0,0,0,0,0,0,0,0,0,0,0,0,0.574,0.096,0,0.383,2.775,0,0,0.096,3.828,0,0,0,0,0,0,1.435,2.201,0,0,0.191,3.158,0.287,0,0,0,0.191,0,0,0,0,2.392,0,-31.77,3.923,2.392,23.445,0.574,"2024a","DQKKUA",11.1931538461538
35,"Portugal",10,10,2019-10-06,201910,35311,"Socialist Party","PS",30,"NA",351,5,2020,0.881,0.859,38.195,0,NA,108,230,1,151,"2024-1",2369,0.591,0.253,0,0,1.857,0,0,1.477,0.507,0,0.042,0.549,4.263,0.084,0,1.562,0,8.105,0.844,0.464,0.127,1.942,1.604,0.38,0.042,0.042,0.211,0.295,0.338,2.617,12.495,0.042,0.042,1.773,0,10.511,5.825,3.208,7.725,8.231,0.675,5.825,0,1.688,0.886,1.013,0,3.081,0.253,0.929,0,4.432,0,3.081,0.084,0,0,0,0,0,0,0,0,0,0,0,0,0,0,0,0,0,0,0,0,0,0,0,0,0,0,0,0,0,0,0,0,0,0,0,0,0,0,0,0,0,0,0,0,0,0,0,0,0,0,0,0,0,0,0,0,0,0,0,0.549,4.01,0,0,0.253,0.464,0,0,0,0,0,0,10.511,1.688,0,0,0.886,3.081,0.042,0.253,0,0,0.929,0,0,0,0,3.081,0,-12.621,2.026,1.9,15.956,0,"2024a","R7TL2I",34.691875
35,"Portugal",10,10,2019-10-06,201910,35313,"Social Democratic Party","PSD",60,"NA",351,5,2020,0.881,0.859,29.18,0,NA,79,230,1,151,"2024-1",1827,1.259,0.274,0,0,1.587,0,0,0.602,0.985,0,0,0.164,5.09,0.109,0,1.587,0,7.882,0.821,2.463,0.055,4.817,1.04,0.164,0.274,0,0,0.274,0.055,2.518,12.37,0.274,0,2.244,0,6.842,5.036,4.543,8.374,6.897,1.423,6.897,0,2.354,0.109,0.109,0,3.777,0,0.766,0.055,2.737,0,2.627,0.164,0,0.383,0,0,0,0,0,0,0,0,0,0,0,0,0,0,0,0,0,0,0,0,0,0,0,0,0,0,0,0,0,0,0,0,0,0,0,0,0,0,0,0,0,0,0,0,0,0,0,0,0,0,0,0,0,0,0,0,0,0.164,5.09,0,0,0,2.463,0,0,0,0,0,0,6.842,2.354,0,0,0.109,3.777,0.274,0,0,0.164,0.602,0,0.055,0,0,2.627,0,-4.598,1.478,2.299,15.271,0,"2024a","KPFQAX",33.9242666666667
41,"Germany",10,10,1961-09-17,196109,41320,"Social Democratic Party of Germany","SPD",30,"NA",803,0,1987,NA,NA,36.219,0,NA,190,499,1,10,"NA",172,0,6.977,1.744,0,4.07,1.744,0,4.651,1.163,0,0,1.163,5.233,3.488,0,1.163,0,2.907,0,5.814,1.744,3.488,5.233,0,0,0,0,0,0,2.326,6.977,0,0,5.814,0,0,1.744,1.744,4.651,11.047,0,2.907,0,0,0,1.163,0,0,4.07,0,0,2.907,0,2.907,0.581,0,0.581,0,0,0,0,0,0,0,0,0,0,0,0,0,0,0,0,0,0,0,0,0,0,0,0,0,0,0,0,0,0,0,0,0,0,0,0,0,0,0,0,0,0,0,0,0,0,0,0,0,0,0,0,0,0,NA,NA,NA,NA,NA,NA,NA,NA,NA,NA,NA,NA,NA,NA,NA,NA,NA,NA,NA,NA,NA,NA,NA,NA,NA,NA,NA,NA,NA,NA,NA,NA,-2.907,5.233,7.558,15.698,3.488,"2024a","H68TRQ",35.479
41,"Germany",10,10,1961-09-17,196109,41521,"Christian Democratic Union/Christian Social Union","CDU/CSU",50,"NA",802,0,1987,NA,NA,45.318,0,NA,242,499,1,10,"NA",43,0,4.651,2.326,0,4.651,2.326,0,2.326,2.326,0,0,2.326,0,0,0,0,0,0,0,2.326,6.977,2.326,4.651,0,0,0,0,0,0,0,16.279,0,0,2.326,0,0,6.977,4.651,2.326,9.302,0,6.977,0,0,0,0,0,2.326,4.651,0,0,0,0,2.326,0,0,4.651,0,0,0,0,0,0,0,0,0,0,0,0,0,0,0,0,0,0,0,0,0,0,0,0,0,0,0,0,0,0,0,0,0,0,0,0,0,0,0,0,0,0,0,0,0,0,0,0,0,0,0,0,0,0,NA,NA,NA,NA,NA,NA,NA,NA,NA,NA,NA,NA,NA,NA,NA,NA,NA,NA,NA,NA,NA,NA,NA,NA,NA,NA,NA,NA,NA,NA,NA,NA,2.326,4.651,9.302,11.628,4.651,"2024a","QWYWVL",40.9701176470588
41,"Germany",10,10,1965-09-19,196509,41320,"Social Democratic Party of Germany","SPD",30,"NA",802,0,1987,NA,NA,39.28,0,NA,202,496,1,10,"NA",439,0.228,4.1,1.367,0,1.367,0.456,0.228,2.278,5.011,0,0,0.911,2.05,3.417,0,1.822,0.228,7.289,0,1.595,0.456,1.822,1.367,0.228,0.228,0,0.683,0.683,0,4.784,19.362,0,0,1.139,0,0.228,0.911,3.417,0.911,7.289,0,3.645,0,0.228,0.228,0.228,0,1.139,0.911,0,0,2.278,0,13.895,0,0,1.595,0,0,0,0,0,0,0,0,0,0,0,0,0,0,0,0,0,0,0,0,0,0,0,0,0,0,0,0,0,0,0,0,0,0,0,0,0,0,0,0,0,0,0,0,0,0,0,0,0,0,0,0,0,0,NA,NA,NA,NA,NA,NA,NA,NA,NA,NA,NA,NA,NA,NA,NA,NA,NA,NA,NA,NA,NA,NA,NA,NA,NA,NA,NA,NA,NA,NA,NA,NA,-5.923,1.595,1.595,8.2,2.05,"2024a","SPVN7N",35.479
41,"Germany",10,10,1965-09-19,196509,41521,"Christian Democratic Union/Christian Social Union","CDU/CSU",50,"NA",802,0,1987,NA,NA,47.59,0,NA,245,496,1,10,"NA",125,0,12.8,1.6,0,2.4,0,3.2,0.8,4,0,0,0.8,0,0.8,0,0,0,0.8,0,11.2,6.4,0.8,1.6,0,0,0,0.8,4,0,1.6,11.2,0,0,2.4,0,0,3.2,0,2.4,11.2,0,10.4,0,0,0,1.6,0,0,0.8,0,0,2.4,0.8,0,0,0,0,0,0,0,0,0,0,0,0,0,0,0,0,0,0,0,0,0,0,0,0,0,0,0,0,0,0,0,0,0,0,0,0,0,0,0,0,0,0,0,0,0,0,0,0,0,0,0,0,0,0,0,0,0,0,NA,NA,NA,NA,NA,NA,NA,NA,NA,NA,NA,NA,NA,NA,NA,NA,NA,NA,NA,NA,NA,NA,NA,NA,NA,NA,NA,NA,NA,NA,NA,NA,-1.6,1.6,8.8,13.6,4.8,"2024a","3TPK91",40.9701176470588
41,"Germany",10,10,1969-09-28,196909,41320,"Social Democratic Party of Germany","SPD",30,"NA",803,0,1987,NA,NA,42.667,0,NA,224,496,1,10,"NA",115,0,9.565,0.87,0,2.609,2.609,0.87,0.87,4.348,0,0,0.87,0.87,6.087,0,0,0,4.348,0,1.739,1.739,0,5.217,0,0,0,0,0.87,0,5.217,13.043,0,0,4.348,0,0,0,2.609,6.087,13.043,0,3.478,0,0,0,0,0,2.609,0,0,0,3.478,0,2.609,0,0,0,0,0,0,0,0,0,0,0,0,0,0,0,0,0,0,0,0,0,0,0,0,0,0,0,0,0,0,0,0,0,0,0,0,0,0,0,0,0,0,0,0,0,0,0,0,0,0,0,0,0,0,0,0,0,NA,NA,NA,NA,NA,NA,NA,NA,NA,NA,NA,NA,NA,NA,NA,NA,NA,NA,NA,NA,NA,NA,NA,NA,NA,NA,NA,NA,NA,NA,NA,NA,-10.435,5.217,6.087,19.13,4.348,"2024a","JFJ79E",35.479
41,"Germany",10,10,1969-09-28,196909,41521,"Christian Democratic Union/Christian Social Union","CDU/CSU",50,"NA",802,0,1987,NA,NA,46.093,0,NA,242,496,1,10,"NA",118,0.847,2.542,3.39,0,5.085,0.847,0.847,0.847,6.78,0,0,0,2.542,0.847,0,0,0,12.712,0,0.847,1.695,2.542,1.695,0,0,0,0,2.542,0,0.847,17.797,0,0,0,0,0,2.542,0.847,2.542,8.475,1.695,2.542,0,0,0,0.847,0,2.542,0.847,0,0,4.237,0,3.39,0.847,0,3.39,0,0,0,0,0,0,0,0,0,0,0,0,0,0,0,0,0,0,0,0,0,0,0,0,0,0,0,0,0,0,0,0,0,0,0,0,0,0,0,0,0,0,0,0,0,0,0,0,0,0,0,0,0,0,NA,NA,NA,NA,NA,NA,NA,NA,NA,NA,NA,NA,NA,NA,NA,NA,NA,NA,NA,NA,NA,NA,NA,NA,NA,NA,NA,NA,NA,NA,NA,NA,-5.085,1.695,1.695,11.017,5.085,"2024a","93MU89",40.9701176470588
41,"Germany",10,10,1972-11-19,197211,41320,"Social Democratic Party of Germany","SPD",30,"NA",802,0,1987,NA,NA,45.85,0,NA,230,496,1,10,"NA",180,0,2.222,0,0,1.111,0.556,1.111,0.556,2.222,0,0,0.556,1.111,3.889,0,0.556,5.556,0,0,0.556,0,0.556,6.111,0,0,1.111,0,0,0,2.222,9.444,0,0.556,0,0,0,5,6.667,6.111,11.111,0,7.778,0,0,0,0,0.556,12.222,0.556,0,0,3.889,2.778,0,0,0,3.333,0,0,0,0,0,0,0,0,0,0,0,0,0,0,0,0,0,0,0,0,0,0,0,0,0,0,0,0,0,0,0,0,0,0,0,0,0,0,0,0,0,0,0,0,0,0,0,0,0,0,0,0,0,0,NA,NA,NA,NA,NA,NA,NA,NA,NA,NA,NA,NA,NA,NA,NA,NA,NA,NA,NA,NA,NA,NA,NA,NA,NA,NA,NA,NA,NA,NA,NA,NA,-14.444,6.111,0,17.222,1.667,"2024a","BXKX5S",35.479
41,"Germany",10,10,1972-11-19,197211,41521,"Christian Democratic Union/Christian Social Union","CDU/CSU",50,"NA",802,0,1987,NA,NA,44.864,0,NA,225,496,1,10,"NA",175,0,7.429,0,0,2.857,0,1.714,1.714,6.286,0,0,4,1.143,5.143,0,0,0,6.857,0,2.286,0.571,0,5.714,0,0,0,0,2.286,0,2.286,7.429,0,0,5.714,0,0.571,5.143,0,5.714,6.857,0,6.286,0,1.143,0,1.714,0,4.571,1.143,0,0,0.571,0,1.714,0,0,1.143,0,0,0,0,0,0,0,0,0,0,0,0,0,0,0,0,0,0,0,0,0,0,0,0,0,0,0,0,0,0,0,0,0,0,0,0,0,0,0,0,0,0,0,0,0,0,0,0,0,0,0,0,0,0,NA,NA,NA,NA,NA,NA,NA,NA,NA,NA,NA,NA,NA,NA,NA,NA,NA,NA,NA,NA,NA,NA,NA,NA,NA,NA,NA,NA,NA,NA,NA,NA,5.143,5.714,6.286,12.571,1.714,"2024a","TXFVHW",40.9701176470588
41,"Germany",10,10,1976-10-03,197610,41320,"Social Democratic Party of Germany","SPD",30,"NA",803,0,1987,NA,NA,42.565,0,NA,214,496,1,10,"NA",202,0,12.376,0,0,1.485,1.485,1.485,1.485,6.436,0,0,0.495,4.455,3.465,0,0,0,6.436,0,1.98,1.485,0.495,0.99,0,0,0,0,1.98,0,6.436,9.901,0,0,1.485,0,0,1.98,1.98,3.465,15.842,0.99,7.921,0,0,0,0,0,0.495,1.485,0,0,0.99,0,0,0,0,0.495,0,0,0,0,0,0,0,0,0,0,0,0,0,0,0,0,0,0,0,0,0,0,0,0,0,0,0,0,0,0,0,0,0,0,0,0,0,0,0,0,0,0,0,0,0,0,0,0,0,0,0,0,0,0,NA,NA,NA,NA,NA,NA,NA,NA,NA,NA,NA,NA,NA,NA,NA,NA,NA,NA,NA,NA,NA,NA,NA,NA,NA,NA,NA,NA,NA,NA,NA,NA,-20.792,0.99,2.97,19.307,2.97,"2024a","BPAZ1W",35.479
41,"Germany",10,10,1976-10-03,197610,41521,"Christian Democratic Union/Christian Social Union","CDU/CSU",50,"NA",802,0,1987,NA,NA,48.635,0,NA,243,496,1,10,"NA",179,0,5.028,0.559,0,3.352,0,1.676,1.676,3.911,0,0,6.704,1.676,3.352,0,1.117,0,2.235,0,3.911,1.676,1.676,3.352,0,0,0,0.559,2.235,0,3.911,7.821,0,0,5.587,0,0,2.235,1.676,6.145,5.587,0.559,4.469,0,2.235,0,0.559,0,2.235,3.352,0.559,0,2.793,0,1.676,0,0,3.911,0,0,0,0,0,0,0,0,0,0,0,0,0,0,0,0,0,0,0,0,0,0,0,0,0,0,0,0,0,0,0,0,0,0,0,0,0,0,0,0,0,0,0,0,0,0,0,0,0,0,0,0,0,0,NA,NA,NA,NA,NA,NA,NA,NA,NA,NA,NA,NA,NA,NA,NA,NA,NA,NA,NA,NA,NA,NA,NA,NA,NA,NA,NA,NA,NA,NA,NA,NA,14.525,3.352,7.263,11.732,2.235,"2024a","4D4KBG",40.9701176470588
41,"Germany",10,10,1980-10-05,198010,41320,"Social Democratic Party of Germany","SPD",30,"NA",802,0,1987,NA,NA,42.86,0,NA,218,497,1,10,"NA",285,0,4.561,0.702,0,1.053,4.561,2.105,3.86,4.211,0,0,1.754,3.158,3.158,0,0,0,1.754,0,0.351,0.351,1.053,2.105,0,0,0,0.702,0.702,0.351,2.105,13.333,0,0,1.404,0,0,1.404,3.86,5.263,11.93,0.702,3.158,0,0,0,1.404,0,1.053,2.456,0,0,4.912,0,0,1.053,2.105,7.368,0,0,0,0,0,0,0,0,0,0,0,0,0,0,0,0,0,0,0,0,0,0,0,0,0,0,0,0,0,0,0,0,0,0,0,0,0,0,0,0,0,0,0,0,0,0,0,0,0,0,0,0,0,0,NA,NA,NA,NA,NA,NA,NA,NA,NA,NA,NA,NA,NA,NA,NA,NA,NA,NA,NA,NA,NA,NA,NA,NA,NA,NA,NA,NA,NA,NA,NA,NA,-20.351,2.105,1.754,17.193,7.368,"2024a","5XB5XT",35.479
41,"Germany",10,10,1980-10-05,198010,41521,"Christian Democratic Union/Christian Social Union","CDU/CSU",50,"NA",803,0,1987,NA,NA,44.539,0,NA,226,497,1,10,"NA",264,0,3.788,3.788,0,4.167,0.758,2.273,2.652,2.652,0.379,0,6.439,1.894,0.758,0,0.379,0,2.273,0,3.788,2.652,1.894,1.136,0,0,0,0,1.136,0,3.03,8.333,0,0,7.197,0,0,0.758,4.167,4.545,7.197,0,2.652,0,0,0,7.576,0,1.894,4.167,0,0,0.758,0,2.273,0,0.758,1.894,0,0,0,0,0,0,0,0,0,0,0,0,0,0,0,0,0,0,0,0,0,0,0,0,0,0,0,0,0,0,0,0,0,0,0,0,0,0,0,0,0,0,0,0,0,0,0,0,0,0,0,0,0,0,NA,NA,NA,NA,NA,NA,NA,NA,NA,NA,NA,NA,NA,NA,NA,NA,NA,NA,NA,NA,NA,NA,NA,NA,NA,NA,NA,NA,NA,NA,NA,NA,21.212,1.136,9.848,11.742,6.818,"2024a","CJWNI5",40.9701176470588
41,"Germany",10,10,1983-03-06,198303,41320,"Social Democratic Party of Germany","SPD",30,"NA",803,0,1987,NA,NA,38.176,0,NA,193,498,1,10,"NA",237,0,2.532,0,0,0.422,4.641,3.797,1.266,2.532,0,0,2.11,0.844,4.641,0,0.844,0,4.641,0,1.688,1.266,3.376,0.844,0,0.422,0.422,0.422,1.266,0.422,2.954,12.658,0,0,0.422,0,0,9.283,1.688,6.751,4.219,0.422,2.11,0,0,0,0.422,0,0,4.219,0,0,8.439,0,1.266,0.844,4.641,1.266,0,0,0,0,0,0,0,0,0,0,0,0,0,0,0,0,0,0,0,0,0,0,0,0,0,0,0,0,0,0,0,0,0,0,0,0,0,0,0,0,0,0,0,0,0,0,0,0,0,0,0,0,0,0,NA,NA,NA,NA,NA,NA,NA,NA,NA,NA,NA,NA,NA,NA,NA,NA,NA,NA,NA,NA,NA,NA,NA,NA,NA,NA,NA,NA,NA,NA,NA,NA,-7.173,0.844,1.688,10.97,8.439,"2024a","A2TS8U",35.479
41,"Germany",10,10,1983-03-06,198303,41521,"Christian Democratic Union/Christian Social Union","CDU/CSU",50,"NA",802,0,1987,NA,NA,48.788,0,NA,244,498,1,10,"NA",137,0,6.569,2.19,0,5.109,1.46,2.19,3.65,2.19,0,0,3.65,0.73,2.92,0,1.46,0,2.92,0,5.109,4.38,4.38,0.73,0,0,0,0,1.46,0,4.38,4.38,0,0,12.409,0,0,4.38,0,4.38,5.839,1.46,0,0,0,0,0.73,0,0.73,5.109,0.73,0,1.46,0,0.73,0,0,2.19,0,0,0,0,0,0,0,0,0,0,0,0,0,0,0,0,0,0,0,0,0,0,0,0,0,0,0,0,0,0,0,0,0,0,0,0,0,0,0,0,0,0,0,0,0,0,0,0,0,0,0,0,0,0,NA,NA,NA,NA,NA,NA,NA,NA,NA,NA,NA,NA,NA,NA,NA,NA,NA,NA,NA,NA,NA,NA,NA,NA,NA,NA,NA,NA,NA,NA,NA,NA,29.927,0.73,16.788,10.219,5.839,"2024a","7NDSB8",40.9701176470588
41,"Germany",10,10,1987-01-25,198701,41320,"Social Democratic Party of Germany","SPD",30,"NA",803,0,1987,NA,NA,37.039,0,NA,186,497,1,10,"NA",281,0,3.915,0,0,2.847,6.406,2.491,1.068,5.338,0,0,2.847,1.779,2.491,0,0,0,1.423,0,0,0.356,2.135,1.779,0,0.356,0,0,0.356,0.712,3.915,10.32,0,0,3.559,0,0,8.185,2.135,9.253,9.253,0,2.135,0,0,0,1.779,0,1.423,0,0,0,6.406,0,2.135,0,1.068,2.135,0,0,0,0,0,0,0,0,0,0,0,0,0,0,0,0,0,0,0,0,0,0,0,0,0,0,0,0,0,0,0,0,0,0,0,0,0,0,0,0,0,0,0,0,0,0,0,0,0,0,0,0,0,0,NA,NA,NA,NA,NA,NA,NA,NA,NA,NA,NA,NA,NA,NA,NA,NA,NA,NA,NA,NA,NA,NA,NA,NA,NA,NA,NA,NA,NA,NA,NA,NA,-13.879,1.779,3.915,18.505,8.897,"2024a","UEFOJO",35.479
41,"Germany",10,10,1987-01-25,198701,41521,"Christian Democratic Union/Christian Social Union","CDU/CSU",50,"NA",802,0,1987,NA,NA,44.264,0,NA,223,497,1,10,"NA",273,0.366,3.663,0,0,4.396,1.465,0.366,2.564,10.989,0,0,2.564,0.733,3.297,0,0.366,0,2.564,0,0.733,0,1.099,1.099,0,0,0,0,0.366,0,2.198,8.791,0,0,4.029,0,0,9.158,1.099,4.029,8.059,0,1.465,0,1.465,0,1.465,0,3.297,5.495,0,0,2.198,0.366,6.593,0,1.465,2.198,0,0,0,0,0,0,0,0,0,0,0,0,0,0,0,0,0,0,0,0,0,0,0,0,0,0,0,0,0,0,0,0,0,0,0,0,0,0,0,0,0,0,0,0,0,0,0,0,0,0,0,0,0,0,NA,NA,NA,NA,NA,NA,NA,NA,NA,NA,NA,NA,NA,NA,NA,NA,NA,NA,NA,NA,NA,NA,NA,NA,NA,NA,NA,NA,NA,NA,NA,NA,9.89,1.099,4.029,12.088,1.832,"2024a","GQIP8U",40.9701176470588
41,"Germany",10,10,1990-12-02,199012,41320,"Social Democratic Party of Germany","SPD",30,"NA",108,999,1990,0.999,NA,33.46,0,NA,239,662,1,10,"NA",263,0,0,0,0,0.38,6.844,0.38,4.183,1.901,0,0,0.38,2.662,0,0,0.38,0,2.662,0.38,2.281,0,2.662,4.943,0,0.38,0,0,2.281,0,0,6.844,0,0,0,0,0,22.814,0.38,5.703,4.943,0,0.76,0,0,0.38,0,0,0,0.38,0.38,0,12.548,0,2.281,0,2.662,7.224,0,0,0,0,0,0,0,0,0,0,0,0,0,0,0,0,0,0,0,0,0,0,0,0,0,0,0,0,0,0,0,0,0,0,0,0,0,0,0,0,0,0,0,0,0,0,0,0,0,0,0,0,0,0,NA,NA,NA,NA,NA,NA,NA,NA,NA,NA,NA,NA,NA,NA,NA,NA,NA,NA,NA,NA,NA,NA,NA,NA,NA,NA,NA,NA,NA,NA,NA,NA,-31.179,4.943,0,10.646,7.224,"2024a","BJDL8N",35.479
41,"Germany",10,10,1990-12-02,199012,41521,"Christian Democratic Union/Christian Social Union","CDU/CSU",50,"NA",108,999,1990,0.999,NA,43.821,0,NA,319,662,1,10,"NA",152,0,0.658,0,0,0.658,1.316,1.316,7.895,5.263,0,0,0.658,1.316,2.632,0,0,0,0,1.316,0.658,1.316,0.658,3.947,0,0,0,0,0,0,0,13.158,0,0,0,0,0,13.158,1.974,0.658,11.184,0,1.974,0,1.316,0,6.579,0,3.947,1.974,0,0,1.316,0,3.947,1.316,0,7.895,0,0,0,0,0,0,0,0,0,0,0,0,0,0,0,0,0,0,0,0,0,0,0,0,0,0,0,0,0,0,0,0,0,0,0,0,0,0,0,0,0,0,0,0,0,0,0,0,0,0,0,0,0,0,NA,NA,NA,NA,NA,NA,NA,NA,NA,NA,NA,NA,NA,NA,NA,NA,NA,NA,NA,NA,NA,NA,NA,NA,NA,NA,NA,NA,NA,NA,NA,NA,-9.868,3.947,1.316,11.842,2.632,"2024a","QYU47L",40.9701176470588
41,"Germany",10,10,1994-10-16,199410,41320,"Social Democratic Party of Germany","SPD",30,"NA",108,999,1994,0.999,NA,36.387,0,NA,252,672,1,10,"NA",303,0,0.66,0,0,0.66,0.66,0.33,3.63,2.97,0,0,0.66,1.65,0.33,0,0.66,0,3.3,0,1.98,0,2.64,4.62,0,0,0,0.33,3.96,0,0,9.901,0,0,0.66,0,0,15.512,2.64,6.601,11.221,0,0.99,0,0.33,0,0.33,0.33,3.63,0,0.33,0,6.601,0,2.64,0.33,0.33,8.581,0,0,0,0,0,0,0,0,0,0,0,0,0,0,0,0,0,0,0,0,0,0,0,0,0,0,0,0,0,0,0,0,0,0,0,0,0,0,0,0,0,0,0,0,0,0,0,0,0,0,0,0,0,0,NA,NA,NA,NA,NA,NA,NA,NA,NA,NA,NA,NA,NA,NA,NA,NA,NA,NA,NA,NA,NA,NA,NA,NA,NA,NA,NA,NA,NA,NA,NA,NA,-18.152,4.62,0.66,17.822,0.99,"2024a","VCU6UU",35.479
41,"Germany",10,10,1994-10-16,199410,41521,"Christian Democratic Union/Christian Social Union","CDU/CSU",50,"NA",108,999,1994,0.999,NA,41.44,0,NA,294,672,1,10,"NA",276,0,1.087,0,0,1.812,0,0,2.536,5.072,0,0,0,0,0.362,0,0,0,2.899,0,0.725,1.449,7.609,5.797,0,0,0,0,2.899,0,1.087,9.42,0,0,0.725,0,0,7.246,0,1.087,1.812,1.087,1.087,0.362,1.449,0,6.884,0,15.217,3.986,0,0,3.261,0,5.435,0.725,0.725,6.159,0,0,0,0,0,0,0,0,0,0,0,0,0,0,0,0,0,0,0,0,0,0,0,0,0,0,0,0,0,0,0,0,0,0,0,0,0,0,0,0,0,0,0,0,0,0,0,0,0,0,0,0,0,0,NA,NA,NA,NA,NA,NA,NA,NA,NA,NA,NA,NA,NA,NA,NA,NA,NA,NA,NA,NA,NA,NA,NA,NA,NA,NA,NA,NA,NA,NA,NA,NA,26.812,5.797,2.174,2.899,0,"2024a","JEK4K5",40.9701176470588
41,"Germany",10,10,1998-09-27,199809,41320,"Social Democratic Party of Germany","SPD",30,"NA",269,3,2010,0.92,NA,40.929,0,NA,298,669,1,81,"2024-1",998,1.804,0,0,0,1.202,0.501,0.701,1.603,1.603,0,0,1.102,1.403,0,0,0.601,0,5.01,0,2.204,1.202,4.91,2.906,1.202,1.102,0,0.1,5.511,0.401,3.206,6.413,0,0,1.804,0,1.503,3.006,3.206,5.711,7.214,2.705,3.407,0,1.303,0,2.104,0,4.309,3.106,0.501,0.301,8.717,0.301,1.102,0.501,1.303,3.206,0,0,0,0,0,0,0,0,0,0,0,0,0,0,0,0,0,0,0,0,0,0,0,0,0,0,0,0,0,0,0,0,0,0,0,0,0,0,0,0,0,0,0,0,0,0,0,0,0,0,0,0,0,0,NA,NA,NA,NA,NA,NA,NA,NA,NA,NA,NA,NA,NA,NA,NA,NA,NA,NA,NA,NA,NA,NA,NA,NA,NA,NA,NA,NA,NA,NA,NA,NA,-1.603,4.108,3.006,12.926,1.202,"2024a","PLASWQ",35.479
41,"Germany",10,10,1998-09-27,199809,41521,"Christian Democratic Union/Christian Social Union","CDU/CSU",50,"NA",269,3,2010,0.92,NA,35.145,0,NA,245,669,1,81,"2024-1",567,0.882,0.353,0,0,4.586,0,0.353,1.058,2.116,0,0.529,0.705,1.235,0.353,0,4.409,0,5.291,0,0.705,3.351,3.88,0.705,0.353,0.353,0.353,0,4.233,0,7.407,6.702,0,0,1.587,0,0.529,2.293,0.705,1.058,4.586,1.94,1.058,0,3.88,0,3.88,0,9.877,4.762,1.411,3.175,4.938,0.705,3.175,0,0,0.529,0,0,0,0,0,0,0,0,0,0,0,0,0,0,0,0,0,0,0,0,0,0,0,0,0,0,0,0,0,0,0,0,0,0,0,0,0,0,0,0,0,0,0,0,0,0,0,0,0,0,0,0,0,0,NA,NA,NA,NA,NA,NA,NA,NA,NA,NA,NA,NA,NA,NA,NA,NA,NA,NA,NA,NA,NA,NA,NA,NA,NA,NA,NA,NA,NA,NA,NA,NA,24.868,1.058,4.938,5.644,0.353,"2024a","N65GYI",40.9701176470588
41,"Germany",10,10,2002-09-22,200209,41320,"Social Democratic Party of Germany","SPD",30,"NA",269,3,2010,0.92,NA,38.521,0,NA,251,603,1,81,"2024-1",1610,1.18,0.124,0,0,2.298,0.435,0.932,3.292,2.112,0,0.124,1.429,1.553,0.124,0,1.18,0.124,8.882,0.683,6.273,0.124,2.484,3.54,1.056,0.745,0.124,0.497,3.106,0.186,0.745,10.062,0.124,0.124,1.304,0,1.118,1.615,2.547,4.286,4.783,0.683,4.41,0,1.739,0.559,1.801,0.373,4.286,5.466,0.311,0.621,4.037,0.248,1.118,0.435,1.118,3.478,0,0,0,0,0,0,0,0,0,0,0,0,0,0,0,0,0,0,0,0,0,0,0,0,0,0,0,0,0,0,0,0,0,0,0,0,0,0,0,0,0,0,0,0,0,0,0,0,0,0,0,0,0,0,NA,NA,NA,NA,NA,NA,NA,NA,NA,NA,NA,NA,NA,NA,NA,NA,NA,NA,NA,NA,NA,NA,NA,NA,NA,NA,NA,NA,NA,NA,NA,NA,4.099,4.72,1.429,9.068,1.366,"2024a","5W6N4H",35.479
41,"Germany",10,10,2002-09-22,200209,41521,"Christian Democratic Union/Christian Social Union","CDU/CSU",50,"NA",269,3,2010,0.92,NA,38.5,0,NA,248,603,1,81,"2024-1",1315,1.673,1.369,0,0,4.791,0.076,0.152,1.825,1.217,0,0.684,0.989,0.837,0.076,0,3.118,0.076,8.137,0,6.312,1.445,3.65,3.042,0.608,0.152,0,0.076,1.825,0,0.989,6.92,0,0.076,1.673,0,0.228,3.422,1.065,3.118,4.563,1.749,2.89,0,4.106,0,3.954,0.456,7.681,2.205,0.38,1.673,3.878,0.304,3.422,0.38,1.065,1.673,0,0,0,0,0,0,0,0,0,0,0,0,0,0,0,0,0,0,0,0,0,0,0,0,0,0,0,0,0,0,0,0,0,0,0,0,0,0,0,0,0,0,0,0,0,0,0,0,0,0,0,0,0,0,NA,NA,NA,NA,NA,NA,NA,NA,NA,NA,NA,NA,NA,NA,NA,NA,NA,NA,NA,NA,NA,NA,NA,NA,NA,NA,NA,NA,NA,NA,NA,NA,20.76,3.65,3.118,7.681,0.228,"2024a","RCO9LX",40.9701176470588
41,"Germany",10,10,2005-09-18,200509,41320,"Social Democratic Party of Germany","SPD",30,"NA",805,2,2008,NA,NA,34.247,0,NA,222,614,1,30,"2024-1",882,0.227,0,0,0,0.34,0.567,2.268,2.721,2.381,0,0.454,1.02,2.268,0,0,0.794,0.34,5.102,0.227,8.05,0.907,1.814,3.855,1.361,1.587,0,0,3.741,0,3.401,7.71,0.113,0,2.948,0,0,4.308,2.948,11.111,2.381,0.34,4.082,0,1.474,0.34,1.927,0.34,2.041,2.608,0.113,0.34,6.009,0.34,1.02,0,1.134,2.948,0,0,0,0,0,0,0,0,0,0,0,0,0,0,0,0,0,0,0,0,0,0,0,0,0,0,0,0,0,0,0,0,0,0,0,0,0,0,0,0,0,0,0,0,0,0,0,0,0,0,0,0,0,0,NA,NA,NA,NA,NA,NA,NA,NA,NA,NA,NA,NA,NA,NA,NA,NA,NA,NA,NA,NA,NA,NA,NA,NA,NA,NA,NA,NA,NA,NA,NA,NA,-2.154,5.329,3.855,13.492,2.834,"2024a","QS8NZZ",35.479
41,"Germany",10,10,2005-09-18,200509,41521,"Christian Democratic Union/Christian Social Union","CDU/CSU",50,"NA",805,2,2008,NA,NA,35.17,0,NA,226,614,1,30,"2024-1",777,0.515,0.772,0,0,1.802,0.129,0.129,2.445,2.445,0,2.445,0.644,0.515,0,0,1.158,0.515,13.771,0,9.91,5.792,2.96,3.475,0.257,0.644,0,0,6.049,0,1.931,5.534,0,0,5.277,0,0.129,2.96,1.03,3.475,1.802,0.257,0.901,0,1.802,0,5.534,0.129,2.445,2.188,0.129,0.772,3.346,0.644,1.287,0.129,0.772,1.158,0,0,0,0,0,0,0,0,0,0,0,0,0,0,0,0,0,0,0,0,0,0,0,0,0,0,0,0,0,0,0,0,0,0,0,0,0,0,0,0,0,0,0,0,0,0,0,0,0,0,0,0,0,0,NA,NA,NA,NA,NA,NA,NA,NA,NA,NA,NA,NA,NA,NA,NA,NA,NA,NA,NA,NA,NA,NA,NA,NA,NA,NA,NA,NA,NA,NA,NA,NA,25.611,3.732,11.068,5.277,0.257,"2024a","5RNOTM",40.9701176470588
41,"Germany",10,10,2009-09-27,200909,41320,"Social Democratic Party of Germany","SPD",30,"NA",805,2,2009,NA,NA,23.035,0,NA,146,622,1,30,"2024-1",2208,0.362,0.408,0.045,0,0.408,1.042,0.77,4.212,3.306,0,0.136,2.853,3.442,0.453,0,0.362,0.226,3.034,0.045,2.989,0.77,0.589,9.239,0.725,0.589,0,0.136,4.937,0.181,0.634,7.156,0.272,0.543,0.543,0,0.181,5.254,2.627,13.27,2.717,0.045,5.072,0,0.226,0.453,1.178,0.136,3.487,2.491,1.178,0,6.431,0,0.317,0.136,2.219,2.174,0,0,0,0,0,0,0,0,0,0,0,0,0,0,0,0,0,0,0,0,0,0,0,0,0,0,0,0,0,0,0,0,0,0,0,0,0,0,0,0,0,0,0,0,0,0,0,0,0,0,0,0,0,0,NA,NA,NA,NA,NA,NA,NA,NA,NA,NA,NA,NA,NA,NA,NA,NA,NA,NA,NA,NA,NA,NA,NA,NA,NA,NA,NA,NA,NA,NA,NA,NA,-18.297,10.236,1.313,15.987,1.857,"2024a","4BCI6N",35.479
41,"Germany",10,10,2009-09-27,200909,41521,"Christian Democratic Union/Christian Social Union","CDU/CSU",50,"NA",805,2,2009,NA,NA,33.8,0,NA,239,622,1,30,"2024-1",2006,0,0.598,0,0,1.844,0,0.698,4.138,3.091,0.05,1.097,1.944,1.097,0.249,0,1.545,0.05,4.985,0,1.844,3.141,1.346,6.979,0.1,0.15,0,0.299,5.135,0,0.897,9.97,0.05,0.15,2.443,0,0.05,5.833,3.44,4.935,1.795,0.05,3.041,0,2.293,0,4.636,0.15,4.686,3.34,1.645,0.1,1.346,0.15,2.891,0.648,2.991,2.094,0,0,0,0,0,0,0,0,0,0,0,0,0,0,0,0,0,0,0,0,0,0,0,0,0,0,0,0,0,0,0,0,0,0,0,0,0,0,0,0,0,0,0,0,0,0,0,0,0,0,0,0,0,0,NA,NA,NA,NA,NA,NA,NA,NA,NA,NA,NA,NA,NA,NA,NA,NA,NA,NA,NA,NA,NA,NA,NA,NA,NA,NA,NA,NA,NA,NA,NA,NA,8.724,7.129,5.583,6.73,0.698,"2024a","3TAX9N",40.9701176470588
41,"Germany",10,10,2013-09-22,201309,41320,"Social Democratic Party of Germany","SPD",30,"NA",304,4,2013,0.917,0.848,25.7,0,NA,193,631,1,71,"2024-1",2898,0.863,0.104,0,0.138,0.207,0.621,0.863,2.864,2.622,0.035,0.414,2.588,4.451,0.173,0.207,2.519,0.725,1.035,0.414,2.692,0.794,2.968,7.867,0.104,0.242,0.035,0,0.863,0.483,1.173,7.453,1.035,0.656,1.07,0,1.035,4.348,1.863,9.351,10.041,0.242,4.796,0,1.001,0.104,0.345,0.966,2.312,3.244,1.173,0.242,7.729,0,0.518,0.069,0.414,1.932,0,0,0,0,0,0,0,0,0,0,0,0,0,0,0,0,0,0,0,0,0,0,0,0,0,0,0,0,0,0,0,0,0,0,0,0,0,0,0,0,0,0,0,0,0,0,0,0,0,0,0,0,0,0,NA,NA,NA,NA,NA,NA,NA,NA,NA,NA,NA,NA,NA,NA,NA,NA,NA,NA,NA,NA,NA,NA,NA,NA,NA,NA,NA,NA,NA,NA,NA,NA,-23.568,9.006,1.863,19.393,1.484,"2024a","LLIKND",35.479
41,"Germany",10,10,2013-09-22,201309,41521,"Christian Democratic Union/Christian Social Union","CDU/CSU",50,"NA",304,4,2013,0.917,0.848,41.5,0,NA,311,631,1,71,"2024-1",2574,1.554,0.155,0,0.039,1.554,0.389,0.272,3.225,2.02,0,0.66,2.02,2.564,0.155,0.039,2.409,0.155,2.991,0,1.36,1.981,4.429,4.623,0.35,0.777,0,0.583,0.622,0.544,0.622,12.005,0.233,0.155,1.865,0,1.904,4.856,3.924,2.681,4.817,0.738,5.284,0.194,2.642,0,2.486,0.078,5.206,2.953,0.816,1.36,3.458,0,2.642,0.311,1.282,2.02,0,0,0,0,0,0,0,0,0,0,0,0,0,0,0,0,0,0,0,0,0,0,0,0,0,0,0,0,0,0,0,0,0,0,0,0,0,0,0,0,0,0,0,0,0,0,0,0,0,0,0,0,0,0,NA,NA,NA,NA,NA,NA,NA,NA,NA,NA,NA,NA,NA,NA,NA,NA,NA,NA,NA,NA,NA,NA,NA,NA,NA,NA,NA,NA,NA,NA,NA,NA,2.564,5.206,3.846,7.498,0.66,"2024a","9ZTKDE",40.9701176470588
41,"Germany",10,10,2017-09-24,201709,41320,"Social Democratic Party of Germany","SPD",30,"NA",336,5,2017,0.739,0.672,20.508,0,NA,153,709,1,121,"2024-1",2643,0.605,0.038,0,0,0.681,1.059,1.627,5.032,4.465,0.189,0,2.232,3.405,0.303,0,0.832,0.605,0.795,0.341,1.249,0.189,2.762,3.594,0.038,1.854,0.038,0,0,0.227,2.119,7.264,5.411,0.114,0.341,0,2.913,2.951,3.14,9.308,7.227,0,5.562,0,1.476,0.908,0.605,1.249,5.713,2.459,1.4,0.151,6.356,0,0.681,0,0,0.492,0,0,0,0,0,0,0,0,0,0,0,0,0,0,0,0,0,0,0,0,0,0,0,0,0,0,0,0,0,0,0,0,0,0,0,0,0,0,0,0,0,0,0,0,0,0,0,0,0,0,0,0,0,0,0,0,0.832,1.4,3.14,0,0.038,0.227,1.173,0,0.076,0,0,0,0,2.913,0.908,0.568,0,0.908,5.713,0.151,2.459,0,0.265,1.097,0.038,0.076,0.076,0,0.681,0,-21.453,9.043,0.53,16.534,2.686,"2024a","PGF2C7",35.479
41,"Germany",10,10,2017-09-24,201709,41521,"Christian Democratic Union/Christian Social Union","CDU/CSU",50,"NA",336,5,2017,0.739,0.672,32.925,0,NA,246,709,1,121,"2024-1",1342,0.224,0.224,0,0,2.534,0,0.373,5.142,1.639,0.298,0,1.565,0.745,0.149,0,2.161,0.373,1.863,0,2.683,0.894,4.247,5.216,0.224,0.745,0.224,0.149,0,1.49,3.279,9.762,1.639,0,1.416,0,3.875,3.428,2.534,3.651,6.185,0.075,2.608,0,6.632,0.373,2.534,0.671,3.726,2.608,2.459,1.639,4.098,0,1.937,0.298,0.075,1.341,0,0,0,0,0,0,0,0,0,0,0,0,0,0,0,0,0,0,0,0,0,0,0,0,0,0,0,0,0,0,0,0,0,0,0,0,0,0,0,0,0,0,0,0,0,0,0,0,0,0,0,0,0,0,0,0,0.745,0.82,0.745,0,0,0,2.459,0,0.224,0,0,0,0,3.875,5.142,1.49,0,0.373,3.726,0.075,2.608,0,0.969,1.49,0,1.639,0,0,1.937,0,2.757,7.079,2.31,9.836,0.373,"2024a","JVU1IJ",40.9701176470588
41,"Germany",10,10,2021-09-26,202109,41320,"Social Democratic Party of Germany","SPD",30,"NA",354,5,2021,0.945,0.94,25.7,0,NA,206,736,1,160,"2024-1",1682,1.249,0.059,0,0.238,0.951,1.011,1.07,4.221,4.162,0.297,0,3.448,3.864,0,0,1.486,0.119,1.07,0.238,1.189,0.119,1.605,4.221,0.357,0.297,0.119,0,0.297,0.951,0.416,6.897,0.773,0.476,0,0,5.351,3.448,2.259,10.285,12.128,0,3.21,0,0.595,1.13,0.713,1.011,4.281,3.21,1.011,0,9.096,0,0.476,0,0.119,0.476,0,0,0,0,0,0,0,0,0,0,0,0,0,0,0,0,0,0,0,0,0,0,0,0,0,0,0,0,0,0,0,0,0,0,0,0,0,0,0,0,0,0,0,0,0,0,0,0,0,0,0,0,0,0,0.238,0,1.843,1.605,3.805,0,0,0.059,1.189,0,0,0,0,0,0,5.351,0.595,0,0.476,0.654,4.281,0.238,3.21,0,0.238,0.773,0,0,0,0,0.476,0,-24.673,5.351,0.119,22.414,2.081,"2024a","QRXS5B",35.479
41,"Germany",10,10,2021-09-26,202109,41521,"Christian Democratic Union/Christian Social Union","CDU/CSU",50,"NA",354,5,2021,0.945,0.94,24.1,0,NA,197,736,1,160,"2024-1",2775,0.072,0.252,0,0,3.279,0.18,0.288,4.685,5.369,0.288,0.252,2.126,2.559,0.036,0,1.982,0.505,6.054,0.036,0.577,1.73,4.468,4.973,0.108,0.541,0.036,0.324,0.468,0.072,1.586,11.099,0,0,1.333,0,4.144,4.252,1.117,3.495,7.207,0.396,1.802,0,2.09,0.685,1.874,0.072,8.901,1.694,0.505,0.468,3.495,0.072,1.91,0.108,0.18,0.252,0,0,0,0,0,0,0,0,0,0,0,0,0,0,0,0,0,0,0,0,0,0,0,0,0,0,0,0,0,0,0,0,0,0,0,0,0,0,0,0,0,0,0,0,0,0,0,0,0,0,0,0,0,0,0,0,1.225,0.901,2.559,0,0,0,0.36,0,0,0,0,0.216,0,4.144,1.081,1.009,0,0.685,8.901,0.072,1.694,0,0.108,0.396,0,0.144,0.324,0,1.91,0,3.495,5.081,3.063,10.703,0.468,"2024a","J4RQVJ",40.9701176470588
42,"Austria",10,0,1962-11-18,196211,42320,"Austrian Social Democratic Party","SPÖ",30,"NA",104,0,1980,NA,NA,44,0,NA,76,165,1,10,"NA",147,0,0,0,0,0,2,0,2,0.7,0,0,2.7,5.4,3.4,0,0,0,2,0.7,0,1.4,0,0.7,2,0,0,0,3.4,0,2.7,11.6,7.5,0.7,4.8,0,0,0,0.7,13.6,4.1,0,4.1,0,1.4,0,0,0,0.7,2,0,0,1.4,0,6.1,0,1.4,10.9,0,0,0,0,0,0,0,0,0,0,0,0,0,0,0,0,0,0,0,0,0,0,0,0,0,0,0,0,0,0,0,0,0,0,0,0,0,0,0,0,0,0,0,0,0,0,0,0,0,0,0,0,0,0,NA,NA,NA,NA,NA,NA,NA,NA,NA,NA,NA,NA,NA,NA,NA,NA,NA,NA,NA,NA,NA,NA,NA,NA,NA,NA,NA,NA,NA,NA,NA,NA,-13.5,10.2,6.2,17.7,2,"2024a","J6Y48M",39.0089444444444
42,"Austria",10,0,1962-11-18,196211,42420,"Austrian Freedom Party","FPÖ",70,"NA",104,0,1980,NA,NA,7.044,0,NA,8,165,1,10,"NA",57,0,3.5,7,0,0,0,5.3,10.5,5.3,0,0,5.3,33.3,3.5,0,0,0,0,0,0,0,0,0,0,0,0,0,0,0,0,1.8,0,0,0,0,0,0,1.8,1.8,1.8,0,0,0,17.5,0,0,0,0,0,0,0,0,0,0,0,0,1.8,0,0,0,0,0,0,0,0,0,0,0,0,0,0,0,0,0,0,0,0,0,0,0,0,0,0,0,0,0,0,0,0,0,0,0,0,0,0,0,0,0,0,0,0,0,0,0,0,0,0,0,0,0,0,NA,NA,NA,NA,NA,NA,NA,NA,NA,NA,NA,NA,NA,NA,NA,NA,NA,NA,NA,NA,NA,NA,NA,NA,NA,NA,NA,NA,NA,NA,NA,NA,-24.6,0,0,3.6,12.3,"2024a","6JDSCV",13.2621666666667
42,"Austria",10,0,1962-11-18,196211,42520,"Austrian People’s Party","ÖVP",50,"NA",104,0,1980,NA,NA,45.432,0,NA,81,165,1,10,"NA",143,0,0.7,1.4,0,1.4,0,1.4,4.2,2.1,0,0,4.2,7.7,5.6,0,0.7,0,0.7,0,0,5.6,12.6,0,3.5,0,0,0,1.4,0,0,5.6,0,0.7,2.8,0,0,0,9.8,7.7,3.5,0,2.8,0,1.4,0,0.7,0,0,0.7,0,0,0,0,9.1,0.7,0,1.4,0,0,0,0,0,0,0,0,0,0,0,0,0,0,0,0,0,0,0,0,0,0,0,0,0,0,0,0,0,0,0,0,0,0,0,0,0,0,0,0,0,0,0,0,0,0,0,0,0,0,0,0,0,0,NA,NA,NA,NA,NA,NA,NA,NA,NA,NA,NA,NA,NA,NA,NA,NA,NA,NA,NA,NA,NA,NA,NA,NA,NA,NA,NA,NA,NA,NA,NA,NA,11.2,3.5,8.4,11.2,2.8,"2024a","MTXA65",36.7453333333333
42,"Austria",10,0,1966-03-06,196603,42320,"Austrian Social Democratic Party","SPÖ",30,"NA",104,0,1980,NA,NA,42.565,0,NA,74,165,1,10,"NA",286,0,0,1.3,0,2,1,0,2.6,0.6,0,0,2.3,7.2,1.6,0,0.6,0,1.3,1,0,2.3,1.3,0,3.9,0,0,0,2.3,0,1.6,14.7,0.3,2,0.6,0,0,0.6,6.5,4.9,4.3,0,8.8,0,0.3,0,0,0,7.2,0,0,0,3.3,0,3.3,0.3,1.3,8.5,0,0,0,0,0,0,0,0,0,0,0,0,0,0,0,0,0,0,0,0,0,0,0,0,0,0,0,0,0,0,0,0,0,0,0,0,0,0,0,0,0,0,0,0,0,0,0,0,0,0,0,0,0,0,NA,NA,NA,NA,NA,NA,NA,NA,NA,NA,NA,NA,NA,NA,NA,NA,NA,NA,NA,NA,NA,NA,NA,NA,NA,NA,NA,NA,NA,NA,NA,NA,-15.8,4.2,2.9,9.2,2.3,"2024a","TZV31B",39.0089444444444
42,"Austria",10,0,1966-03-06,196603,42420,"Austrian Freedom Party","FPÖ",70,"NA",998,998,NA,NA,NA,5.353,0,NA,6,165,3,10,"NA",166.5,0,2.5,3.85,0,0,0,2.65,15.75,3.4,0,0,3.75,21,3,0,0.35,0,0.9,0,0,1.45,0.2,0,0,0,0,0,0.75,0,0,0.9,0,0,0.9,0,0,0,1.8,6.9,0.9,0,9.6,0,8.75,0,0,0,0.35,2.55,0.75,0,0,0,2,1.8,0.75,2.7,0,0,0,0,0,0,0,0,0,0,0,0,0,0,0,0,0,0,0,0,0,0,0,0,0,0,0,0,0,0,0,0,0,0,0,0,0,0,0,0,0,0,0,0,0,0,0,0,0,0,0,0,0,0,NA,NA,NA,NA,NA,NA,NA,NA,NA,NA,NA,NA,NA,NA,NA,NA,NA,NA,NA,NA,NA,NA,NA,NA,NA,NA,NA,NA,NA,NA,NA,NA,-28.95,0,2.35,7.8,6.5,"2024a","TXZPZO",13.2621666666667
42,"Austria",10,0,1966-03-06,196603,42520,"Austrian People’s Party","ÖVP",50,"NA",104,0,1980,NA,NA,48.349,0,NA,85,165,1,10,"NA",200,0,0,0.3,0,1.6,0,0,0,2.7,0,0,0.8,4.3,1.9,0,0.5,0,1.9,0,0,2.4,1.6,0,1.1,0,0,0,0.8,0,46.5,5.6,0.5,0.3,6.9,0,0,0,3.5,8.8,1.1,0,2.4,0,0,0,0.3,0,0,0,0,0,0,0,2.4,0,0.8,1.1,0,0,0,0,0,0,0,0,0,0,0,0,0,0,0,0,0,0,0,0,0,0,0,0,0,0,0,0,0,0,0,0,0,0,0,0,0,0,0,0,0,0,0,0,0,0,0,0,0,0,0,0,0,0,NA,NA,NA,NA,NA,NA,NA,NA,NA,NA,NA,NA,NA,NA,NA,NA,NA,NA,NA,NA,NA,NA,NA,NA,NA,NA,NA,NA,NA,NA,NA,NA,5.8,1.6,9.3,9.9,0.3,"2024a","Q2U78K",36.7453333333333
42,"Austria",10,0,1970-03-01,197003,42320,"Austrian Social Democratic Party","SPÖ",30,"NA",104,0,1980,NA,NA,48.42,0,NA,81,165,1,10,"NA",35,22.9,0,0,0,2.9,0,2.9,11.4,0,0,0,0,20,0,0,0,0,0,0,0,0,0,14.3,8.6,0,0,0,0,0,0,14.3,0,0,0,0,0,0,0,0,0,0,0,0,0,0,0,0,0,0,0,0,0,0,0,0,0,2.9,0,0,0,0,0,0,0,0,0,0,0,0,0,0,0,0,0,0,0,0,0,0,0,0,0,0,0,0,0,0,0,0,0,0,0,0,0,0,0,0,0,0,0,0,0,0,0,0,0,0,0,0,0,0,NA,NA,NA,NA,NA,NA,NA,NA,NA,NA,NA,NA,NA,NA,NA,NA,NA,NA,NA,NA,NA,NA,NA,NA,NA,NA,NA,NA,NA,NA,NA,NA,-54.3,22.9,0,0,2.9,"2024a","YYZTOU",39.0089444444444
42,"Austria",10,0,1970-03-01,197003,42420,"Austrian Freedom Party","FPÖ",70,"NA",104,0,1980,NA,NA,5.522,0,NA,5,165,1,10,"NA",276,0,1.5,0.7,0,0,0,0,21,1.5,0,0,2.2,8.7,2.5,0,0.7,0,1.8,0,0,2.9,0.4,0,0,0,0,0,1.5,0,0,0,0,0,1.8,0,0,0,1.8,12,0,0,19.2,0,0,0,0,0,0.7,5.1,1.5,0,0,0,4,3.6,1.5,3.6,0,0,0,0,0,0,0,0,0,0,0,0,0,0,0,0,0,0,0,0,0,0,0,0,0,0,0,0,0,0,0,0,0,0,0,0,0,0,0,0,0,0,0,0,0,0,0,0,0,0,0,0,0,0,NA,NA,NA,NA,NA,NA,NA,NA,NA,NA,NA,NA,NA,NA,NA,NA,NA,NA,NA,NA,NA,NA,NA,NA,NA,NA,NA,NA,NA,NA,NA,NA,-33.3,0,4.7,12,0.7,"2024a","LSCGII",13.2621666666667
42,"Austria",10,0,1970-03-01,197003,42520,"Austrian People’s Party","ÖVP",50,"NA",104,0,1980,NA,NA,44.694,0,NA,79,165,1,10,"NA",626,0,2.1,0.8,0,3.2,0,0.2,1.6,0,0,0,2.1,4.3,0,0,0.3,0,0.2,0,1,3.2,4.8,0,1.1,0,0.2,0,1,0,3.8,17.9,0,0.5,1.4,0,0,1.9,6.1,6.6,3.7,0,14.9,0,0,0,0.2,0,4.6,1.9,0.8,0,2.7,0,3.7,0.2,0.8,2.6,0,0,0,0,0,0,0,0,0,0,0,0,0,0,0,0,0,0,0,0,0,0,0,0,0,0,0,0,0,0,0,0,0,0,0,0,0,0,0,0,0,0,0,0,0,0,0,0,0,0,0,0,0,0,NA,NA,NA,NA,NA,NA,NA,NA,NA,NA,NA,NA,NA,NA,NA,NA,NA,NA,NA,NA,NA,NA,NA,NA,NA,NA,NA,NA,NA,NA,NA,NA,-6.8,1.1,4.6,10.3,1,"2024a","WI5AVT",36.7453333333333
42,"Austria",10,0,1971-10-10,197110,42320,"Austrian Social Democratic Party","SPÖ",30,"NA",104,0,1980,NA,NA,50.037,0,NA,93,183,1,10,"NA",196,5.1,0,0,0,2,0.5,0,1,1.5,0,0,3.6,10.2,1.5,0,2.6,0,0,1,0,0,0,0,1,0,0,0,0.5,0,2.6,13.3,0,0.5,7.6,0,0,5.6,2.6,6.1,12.2,0,2.6,0,0,0,0,0,0.5,0,0.5,0,1,0,7.1,0,0.5,6.6,0,0,0,0,0,0,0,0,0,0,0,0,0,0,0,0,0,0,0,0,0,0,0,0,0,0,0,0,0,0,0,0,0,0,0,0,0,0,0,0,0,0,0,0,0,0,0,0,0,0,0,0,0,0,NA,NA,NA,NA,NA,NA,NA,NA,NA,NA,NA,NA,NA,NA,NA,NA,NA,NA,NA,NA,NA,NA,NA,NA,NA,NA,NA,NA,NA,NA,NA,NA,-13.8,1,7.6,18.3,0.5,"2024a","LY1VFJ",39.0089444444444
42,"Austria",10,0,1971-10-10,197110,42420,"Austrian Freedom Party","FPÖ",70,"NA",104,0,1980,NA,NA,5.453,0,NA,10,183,1,10,"NA",267,0,0.4,0,0,0.4,0,0,6.4,2.3,0,0.8,2.6,4.1,2.3,0,1.1,0,1.5,0,0,9.7,5.6,1.1,6.7,0,0,1.5,1.9,0,1.5,5.6,0,3,2.3,0,0,1.9,0.4,5.6,5.6,0,0.4,0,0,0,0.4,0,0,3,0.4,0,7.1,0,11.2,0,0.8,2.6,0,0,0,0,0,0,0,0,0,0,0,0,0,0,0,0,0,0,0,0,0,0,0,0,0,0,0,0,0,0,0,0,0,0,0,0,0,0,0,0,0,0,0,0,0,0,0,0,0,0,0,0,0,0,NA,NA,NA,NA,NA,NA,NA,NA,NA,NA,NA,NA,NA,NA,NA,NA,NA,NA,NA,NA,NA,NA,NA,NA,NA,NA,NA,NA,NA,NA,NA,NA,-6.6,7.8,12,11.2,0,"2024a","GYYMJB",13.2621666666667
42,"Austria",10,0,1971-10-10,197110,42520,"Austrian People’s Party","ÖVP",50,"NA",104,0,1980,NA,NA,43.114,0,NA,80,183,1,10,"NA",213,2.3,0,0.9,0,0.9,0,0.5,0.9,0.5,0,0,3.3,5.6,1.4,0,0,0,0,0,0,5.6,3.8,0,0,0,0,0,0.5,0,1.9,7.5,0,0,4.7,0,0,0,9.9,3.8,3.3,13.1,0,5.2,0,0,1.4,0,0.9,0.5,0,0,0,0,6.1,0.9,0.9,13.6,0,0,0,0,0,0,0,0,0,0,0,0,0,0,0,0,0,0,0,0,0,0,0,0,0,0,0,0,0,0,0,0,0,0,0,0,0,0,0,0,0,0,0,0,0,0,0,0,0,0,0,0,0,0,NA,NA,NA,NA,NA,NA,NA,NA,NA,NA,NA,NA,NA,NA,NA,NA,NA,NA,NA,NA,NA,NA,NA,NA,NA,NA,NA,NA,NA,NA,NA,NA,25.3,0,10.3,7.1,1.4,"2024a","7MKP5X",36.7453333333333
42,"Austria",10,0,1975-10-05,197510,42320,"Austrian Social Democratic Party","SPÖ",30,"NA",104,0,1980,NA,NA,50.422,0,NA,93,183,1,10,"NA",293,5.8,0.7,2.4,0,1,0,1,5.5,1,0,0,0.7,4.8,3.8,0,0.3,0,0,0,0,1,0,0.7,5.5,0,0,0,3.8,0,0.3,15.7,0.3,0,1,0,0,6.1,3.4,12,7.2,0,3.1,0,0,0,0,0,2.4,0.7,0,0,1.4,0,3.4,0.7,0.3,4.1,0,0,0,0,0,0,0,0,0,0,0,0,0,0,0,0,0,0,0,0,0,0,0,0,0,0,0,0,0,0,0,0,0,0,0,0,0,0,0,0,0,0,0,0,0,0,0,0,0,0,0,0,0,0,NA,NA,NA,NA,NA,NA,NA,NA,NA,NA,NA,NA,NA,NA,NA,NA,NA,NA,NA,NA,NA,NA,NA,NA,NA,NA,NA,NA,NA,NA,NA,NA,-18.9,6.5,2,19.2,3.4,"2024a","YJ7WJL",39.0089444444444
42,"Austria",10,0,1975-10-05,197510,42420,"Austrian Freedom Party","FPÖ",70,"NA",104,0,1980,NA,NA,5.407,0,NA,10,183,1,10,"NA",109,0,0,0,0,0,0,0,0,0.9,0,0,0.9,15.6,0.9,0,0,0,0,0,0,3.7,3.7,0.9,0,0,0,0,3.7,0,0,2.8,0,0,5.5,0,0,8.3,2.8,4.6,20.2,0,0,0,0,0,0.9,0,8.3,0.9,0,0,0,0,0.9,0,1.8,12.8,0,0,0,0,0,0,0,0,0,0,0,0,0,0,0,0,0,0,0,0,0,0,0,0,0,0,0,0,0,0,0,0,0,0,0,0,0,0,0,0,0,0,0,0,0,0,0,0,0,0,0,0,0,0,NA,NA,NA,NA,NA,NA,NA,NA,NA,NA,NA,NA,NA,NA,NA,NA,NA,NA,NA,NA,NA,NA,NA,NA,NA,NA,NA,NA,NA,NA,NA,NA,-11.9,0.9,9.2,24.8,0,"2024a","TNA1S2",13.2621666666667
42,"Austria",10,0,1975-10-05,197510,42520,"Austrian People’s Party","ÖVP",50,"NA",104,0,1980,NA,NA,42.946,0,NA,80,183,1,10,"NA",316,1.9,2.8,0.6,0,0.6,0,1.3,4.1,1,0,0,1.3,9.5,2.8,0,1.3,0,2.8,0,0,6,4.8,0,1.3,0,0,0,5.1,0,0.3,5.1,0,0,9.2,0,0,1,4.1,3.5,6,0,6.3,0,1.3,0,0,0,2.2,4.4,0,0,1,0,1.3,0,0.6,6.6,0,0,0,0,0,0,0,0,0,0,0,0,0,0,0,0,0,0,0,0,0,0,0,0,0,0,0,0,0,0,0,0,0,0,0,0,0,0,0,0,0,0,0,0,0,0,0,0,0,0,0,0,0,0,NA,NA,NA,NA,NA,NA,NA,NA,NA,NA,NA,NA,NA,NA,NA,NA,NA,NA,NA,NA,NA,NA,NA,NA,NA,NA,NA,NA,NA,NA,NA,NA,3.1,1.3,15.2,9.5,1.9,"2024a","SCS63D",36.7453333333333
42,"Austria",10,0,1979-05-06,197905,42320,"Austrian Social Democratic Party","SPÖ",30,"NA",104,0,1980,NA,NA,51.028,0,NA,95,183,1,10,"NA",541,0,1.5,0,0,1.5,0,0.5,3.7,0,0,0,3.3,3.9,0.5,0,0.4,0,0,0,0,0.9,2,0,2.6,0,0,0,2.8,0,1.7,15.5,0,0.7,1.7,0,0,4.8,0.7,5.4,7.6,0.4,5.6,0,5.2,0,1.1,0,5.6,0,1.3,0,3.3,0,2.2,0.2,0.7,12.8,0,0,0,0,0,0,0,0,0,0,0,0,0,0,0,0,0,0,0,0,0,0,0,0,0,0,0,0,0,0,0,0,0,0,0,0,0,0,0,0,0,0,0,0,0,0,0,0,0,0,0,0,0,0,NA,NA,NA,NA,NA,NA,NA,NA,NA,NA,NA,NA,NA,NA,NA,NA,NA,NA,NA,NA,NA,NA,NA,NA,NA,NA,NA,NA,NA,NA,NA,NA,-5.7,2.6,2.6,13,0.5,"2024a","1L2K9J",39.0089444444444
42,"Austria",10,0,1979-05-06,197905,42420,"Austrian Freedom Party","FPÖ",70,"NA",104,0,1980,NA,NA,6.063,0,NA,11,183,1,10,"NA",175,0,0,0.6,0,1.7,0,0.6,8.6,0.6,0,0,5.1,13.7,4,0,0.6,0,3.4,0,0,5.7,2.9,0,1.1,0,0,0,1.7,0,0,5.1,0,0,1.7,0,0,9.1,1.1,6.9,5.1,0,4,0,0,0,1.1,0,2.9,5.1,0,0,0.6,0,2.3,0,1.7,2.9,0,0,0,0,0,0,0,0,0,0,0,0,0,0,0,0,0,0,0,0,0,0,0,0,0,0,0,0,0,0,0,0,0,0,0,0,0,0,0,0,0,0,0,0,0,0,0,0,0,0,0,0,0,0,NA,NA,NA,NA,NA,NA,NA,NA,NA,NA,NA,NA,NA,NA,NA,NA,NA,NA,NA,NA,NA,NA,NA,NA,NA,NA,NA,NA,NA,NA,NA,NA,-3.5,1.1,7.4,12,1.2,"2024a","H1NYLH",13.2621666666667
42,"Austria",10,0,1979-05-06,197905,42520,"Austrian People’s Party","ÖVP",50,"NA",104,0,1980,NA,NA,41.904,0,NA,77,183,1,10,"NA",140,0,0,0,0,0,0,0,0,0,0,0,2.1,12.1,0,0,0.7,0,0,0,0,8.6,4.3,0,0,0,0,0,9.3,0,5,1.4,0,0,1.4,0,0,2.9,1.4,5.7,12.1,0,9.3,0,0,0,0,0,0,1.4,0,0,1.4,0,7.9,0,0.7,12.1,0,0,0,0,0,0,0,0,0,0,0,0,0,0,0,0,0,0,0,0,0,0,0,0,0,0,0,0,0,0,0,0,0,0,0,0,0,0,0,0,0,0,0,0,0,0,0,0,0,0,0,0,0,0,NA,NA,NA,NA,NA,NA,NA,NA,NA,NA,NA,NA,NA,NA,NA,NA,NA,NA,NA,NA,NA,NA,NA,NA,NA,NA,NA,NA,NA,NA,NA,NA,-17.1,0,10,17.8,0,"2024a","DRZY3F",36.7453333333333
42,"Austria",10,0,1983-04-24,198304,42320,"Austrian Social Democratic Party","SPÖ",30,"NA",202,1,1991,0.816,NA,47.647,0,NA,90,183,1,10,"NA",692,6.5,0,0,0.2,0.6,1.6,2,1.5,0,0,0,1.3,3.8,0.2,0,0.3,0,1,1.6,3.8,0.2,1.2,3.8,0,0,0,0,4.6,4.5,0.9,4.8,0.6,0,2.3,0,0,9.3,3.3,7.7,11,0,9,0,0,0,0.7,0.7,0.7,2.9,0,0,1.6,0,2,0,0.9,3.5,0,0,0,0,0,0,0,0,0,0,0,0,0,0,0,0,0,0,0,0,0,0,0,0,0,0,0,0,0,0,0,0,0,0,0,0,0,0,0,0,0,0,0,0,0,0,0,0,0,0,0,0,0,0,NA,NA,NA,NA,NA,NA,NA,NA,NA,NA,NA,NA,NA,NA,NA,NA,NA,NA,NA,NA,NA,NA,NA,NA,NA,NA,NA,NA,NA,NA,NA,NA,-21.2,4.4,2.5,18.7,3.6,"2024a","DZEX62",39.0089444444444
42,"Austria",10,0,1983-04-24,198304,42420,"Austrian Freedom Party","FPÖ",70,"NA",202,1,1991,0.816,NA,4.982,0,NA,12,183,1,10,"NA",430,0,0.7,0,0,3.5,0,0.2,2.1,1.2,0,0,3.7,3.5,1.6,0,1.2,0,7.9,4.2,0.7,6.7,5.1,2.3,0,0,0,0,1.2,0,2.6,3,0,0,0.9,0,0,7,3.7,3.7,4.4,0.2,6.7,0,0.7,0,3.3,0,6.7,2.6,0,0,1.4,0,4.2,0.7,0.2,2.1,0,0,0,0,0,0,0,0,0,0,0,0,0,0,0,0,0,0,0,0,0,0,0,0,0,0,0,0,0,0,0,0,0,0,0,0,0,0,0,0,0,0,0,0,0,0,0,0,0,0,0,0,0,0,NA,NA,NA,NA,NA,NA,NA,NA,NA,NA,NA,NA,NA,NA,NA,NA,NA,NA,NA,NA,NA,NA,NA,NA,NA,NA,NA,NA,NA,NA,NA,NA,15.1,2.3,7.6,8.1,0.2,"2024a","TTT1NF",13.2621666666667
42,"Austria",10,0,1983-04-24,198304,42520,"Austrian People’s Party","ÖVP",50,"NA",202,1,1991,0.816,NA,43.223,0,NA,81,183,1,10,"NA",182,5,0,0,0,0,0.6,1.1,1.1,0,0,0,1.1,7.7,0,0,2.2,0,16.5,4.4,2.2,6,4.4,3.9,0,0,0,0,0,0.6,4.4,4.9,0,0,2.2,0,0,6.6,1.1,4.9,1.7,1.1,2.2,0,0,0,0.6,0,3.3,0.6,0,0,2.2,0,3.3,0,0,4.9,0,0,0,0,0,0,0,0,0,0,0,0,0,0,0,0,0,0,0,0,0,0,0,0,0,0,0,0,0,0,0,0,0,0,0,0,0,0,0,0,0,0,0,0,0,0,0,0,0,0,0,0,0,0,NA,NA,NA,NA,NA,NA,NA,NA,NA,NA,NA,NA,NA,NA,NA,NA,NA,NA,NA,NA,NA,NA,NA,NA,NA,NA,NA,NA,NA,NA,NA,NA,1,3.9,8.2,6.6,1.7,"2024a","2Z5TMM",36.7453333333333
42,"Austria",10,0,1986-11-23,198611,42320,"Austrian Social Democratic Party","SPÖ",30,"NA",202,1,1991,0.816,NA,43.115,0,NA,80,183,1,10,"NA",374,7,0.3,0,0,1.3,0.3,0.8,4,0,0,0,1.6,5.1,0,0,0.3,0.3,4.3,0.5,2.9,1.6,0.8,0.3,0,0,0,0,3.2,3.5,2.1,8.3,0,3.7,1.6,0,0,9.9,4.8,6.2,7.8,0,2.7,0,0.3,0,3.2,1.1,2.7,2.7,0,0,1.1,0,1.9,0.5,1.1,0.5,0,0,0,0,0,0,0,0,0,0,0,0,0,0,0,0,0,0,0,0,0,0,0,0,0,0,0,0,0,0,0,0,0,0,0,0,0,0,0,0,0,0,0,0,0,0,0,0,0,0,0,0,0,0,NA,NA,NA,NA,NA,NA,NA,NA,NA,NA,NA,NA,NA,NA,NA,NA,NA,NA,NA,NA,NA,NA,NA,NA,NA,NA,NA,NA,NA,NA,NA,NA,-7.1,0.3,3.2,14,1.1,"2024a","U5TBS5",39.0089444444444
42,"Austria",10,0,1986-11-23,198611,42420,"Austrian Freedom Party","FPÖ",70,"NA",202,1,1991,0.816,NA,9.732,0,NA,18,183,1,10,"NA",174,0,0,0,0,1.7,1.2,1.7,2.9,2.3,0,0,0.6,12.6,0,0,0.6,0,7.5,9.8,0,13.2,1.7,0,0,0,0,0,1.7,0,0,2.3,0,0,0,0,0,10.9,0,3.5,3.5,0,0.6,0,0,0,2.9,0,1.7,0,0,0,5.2,0,4,0,3.5,4.6,0,0,0,0,0,0,0,0,0,0,0,0,0,0,0,0,0,0,0,0,0,0,0,0,0,0,0,0,0,0,0,0,0,0,0,0,0,0,0,0,0,0,0,0,0,0,0,0,0,0,0,0,0,0,NA,NA,NA,NA,NA,NA,NA,NA,NA,NA,NA,NA,NA,NA,NA,NA,NA,NA,NA,NA,NA,NA,NA,NA,NA,NA,NA,NA,NA,NA,NA,NA,-5.9,0,13.2,7,2.9,"2024a","PU7Z3H",13.2621666666667
42,"Austria",10,0,1986-11-23,198611,42520,"Austrian People’s Party","ÖVP",50,"NA",202,1,1991,0.816,NA,41.294,0,NA,77,183,1,10,"NA",120,10,0,0,0,0,0,0,0,0,0,0,5,7.5,0,0,0,0,9.2,0.8,5.8,19.2,0,1.7,0,0,0,0,3.3,0,0.8,5.8,0,0,5,0,0,6.7,0,5,0,0,0,0,0,0,3.3,0,0,0,0,0,0,0,7.5,0,0,3.3,0,0,0,0,0,0,0,0,0,0,0,0,0,0,0,0,0,0,0,0,0,0,0,0,0,0,0,0,0,0,0,0,0,0,0,0,0,0,0,0,0,0,0,0,0,0,0,0,0,0,0,0,0,0,NA,NA,NA,NA,NA,NA,NA,NA,NA,NA,NA,NA,NA,NA,NA,NA,NA,NA,NA,NA,NA,NA,NA,NA,NA,NA,NA,NA,NA,NA,NA,NA,29.1,1.7,24.2,5,0,"2024a","KPAYC1",36.7453333333333
42,"Austria",10,0,1990-10-07,199010,42320,"Austrian Social Democratic Party","SPÖ",30,"NA",202,1,1991,0.816,NA,42.781,0,NA,80,183,1,10,"NA",708,2.5,0,0,0,1,0.3,0.6,6.2,0.7,0.4,0,3.1,2.4,0,0,0,0,8.6,1.1,3,1,1,0.9,0,0,0,0.1,1.7,1.4,0.3,4.1,0.4,0.6,0.4,0,0,17.8,5.2,6.9,6.5,0,4.5,0,0,0,1.7,0.1,4,1.6,0.4,0,2.1,0,2.1,0.4,0.7,4.1,0,0,0,0,0,0,0,0,0,0,0,0,0,0,0,0,0,0,0,0,0,0,0,0,0,0,0,0,0,0,0,0,0,0,0,0,0,0,0,0,0,0,0,0,0,0,0,0,0,0,0,0,0,0,NA,NA,NA,NA,NA,NA,NA,NA,NA,NA,NA,NA,NA,NA,NA,NA,NA,NA,NA,NA,NA,NA,NA,NA,NA,NA,NA,NA,NA,NA,NA,NA,-7.6,1.3,1.4,13.4,0.9,"2024a","4MD3N4",39.0089444444444
42,"Austria",10,0,1990-10-07,199010,42420,"Austrian Freedom Party","FPÖ",70,"NA",202,1,1991,0.816,NA,16.635,0,NA,33,183,1,10,"NA",690,1.6,0,0,0,5.4,0.2,0.2,2.3,0.4,0,0,1.7,7.1,0.7,0.2,1.2,0,11.9,6.1,6.2,7.3,2.8,3,0.9,0,0,0,2,0,0,4.8,0.3,0,0.3,0,0,6.2,0,1.3,1.6,2.8,2.3,0,1.6,0,0.7,0,2.6,0.9,0,0.2,0.2,1.3,6.4,0,1,4.6,0,0,0,0,0,0,0,0,0,0,0,0,0,0,0,0,0,0,0,0,0,0,0,0,0,0,0,0,0,0,0,0,0,0,0,0,0,0,0,0,0,0,0,0,0,0,0,0,0,0,0,0,0,0,NA,NA,NA,NA,NA,NA,NA,NA,NA,NA,NA,NA,NA,NA,NA,NA,NA,NA,NA,NA,NA,NA,NA,NA,NA,NA,NA,NA,NA,NA,NA,NA,14.9,4.2,7.6,2.9,0.4,"2024a","OIECG8",13.2621666666667
42,"Austria",10,0,1990-10-07,199010,42520,"Austrian People’s Party","ÖVP",50,"NA",202,1,1991,0.816,NA,32.064,0,NA,60,183,1,10,"NA",450,2.7,1.1,0,0,1.3,0,0.7,4.9,1.8,0,0,0.2,3.6,0.7,0,1.8,0.2,4.7,1.6,5.1,9.1,1.6,1.1,0,0,0,0,3.3,0,0.7,6,0,0,0.7,0,0,14.2,0.9,3.1,4.4,0,5.8,0,0.7,0,2.9,0,1.6,3.8,0.4,0,2.4,0.4,2.2,0.2,0.9,3.3,0,0,0,0,0,0,0,0,0,0,0,0,0,0,0,0,0,0,0,0,0,0,0,0,0,0,0,0,0,0,0,0,0,0,0,0,0,0,0,0,0,0,0,0,0,0,0,0,0,0,0,0,0,0,NA,NA,NA,NA,NA,NA,NA,NA,NA,NA,NA,NA,NA,NA,NA,NA,NA,NA,NA,NA,NA,NA,NA,NA,NA,NA,NA,NA,NA,NA,NA,NA,4.8,1.1,9.8,7.5,0.7,"2024a","64418F",36.7453333333333
42,"Austria",10,0,1994-10-09,199410,42320,"Austrian Social Democratic Party","SPÖ",30,"NA",203,999,1998,0.765,NA,34.918,0,NA,65,183,1,10,"NA",606,0.165,0,0,0,2.145,0,0.495,4.29,0.99,0,0,2.145,2.805,0,0,0.825,0,7.096,0.495,3.63,0.165,0.825,0.99,0,0.165,0.165,0.825,5.281,0,2.31,7.096,0,0.33,0.495,0,0,7.756,4.455,6.601,6.766,0,10.726,0,0.66,0.165,1.65,0.99,4.455,0.825,0.165,0,2.31,0,1.65,0,3.63,3.465,0,0,0,0,0,0,0,0,0,0,0,0,0,0,0,0,0,0,0,0,0,0,0,0,0,0,0,0,0,0,0,0,0,0,0,0,0,0,0,0,0,0,0,0,0,0,0,0,0,0,0,0,0,0,NA,NA,NA,NA,NA,NA,NA,NA,NA,NA,NA,NA,NA,NA,NA,NA,NA,NA,NA,NA,NA,NA,NA,NA,NA,NA,NA,NA,NA,NA,NA,NA,-11.056,0.99,0.66,13.366,0.495,"2024a","K3EC19",39.0089444444444
42,"Austria",10,0,1994-10-09,199410,42420,"Austrian Freedom Party","FPÖ",70,"NA",203,999,1998,0.765,NA,22.497,0,NA,42,183,1,10,"NA",791,2.023,0,0,0,0.885,0,0,0.379,0.126,0.126,1.391,13.78,5.436,1.517,0,0.632,0,2.149,21.113,22.25,4.425,1.011,0.126,0,0,0,0,0.759,0,0.253,0.253,0.126,0,0.506,0,0,2.655,0.379,3.287,0,1.264,0.379,0,1.896,0,3.919,0,2.655,0.632,0,0.632,0.506,0,0.126,0.506,0.253,1.643,0,0,0,0,0,0,0,0,0,0,0,0,0,0,0,0,0,0,0,0,0,0,0,0,0,0,0,0,0,0,0,0,0,0,0,0,0,0,0,0,0,0,0,0,0,0,0,0,0,0,0,0,0,0,NA,NA,NA,NA,NA,NA,NA,NA,NA,NA,NA,NA,NA,NA,NA,NA,NA,NA,NA,NA,NA,NA,NA,NA,NA,NA,NA,NA,NA,NA,NA,NA,47.788,0.253,4.93,3.287,0,"2024a","6VDQKX",13.2621666666667
42,"Austria",10,0,1994-10-09,199410,42520,"Austrian People’s Party","ÖVP",50,"NA",203,999,1998,0.765,NA,27.667,0,NA,52,183,1,10,"NA",1098,4.736,0,0,0,1.184,0,0.82,5.647,2.186,0.091,0,3.279,1.184,0,0,2.55,0.182,3.552,1.639,3.461,9.381,3.734,1.913,0.455,0.091,0.182,0.911,5.647,0,1.457,5.464,0,0,2.641,0,0,7.468,0.638,1.184,2.823,0.729,3.097,0,2.732,0.091,2.459,0,7.923,2.368,1.457,0,0.091,0,2.004,0.091,1.457,1.002,0,0,0,0,0,0,0,0,0,0,0,0,0,0,0,0,0,0,0,0,0,0,0,0,0,0,0,0,0,0,0,0,0,0,0,0,0,0,0,0,0,0,0,0,0,0,0,0,0,0,0,0,0,0,NA,NA,NA,NA,NA,NA,NA,NA,NA,NA,NA,NA,NA,NA,NA,NA,NA,NA,NA,NA,NA,NA,NA,NA,NA,NA,NA,NA,NA,NA,NA,NA,24.59,2.368,12.022,4.007,0.82,"2024a","VZ3N73",36.7453333333333
42,"Austria",10,10,1995-12-17,199512,42320,"Austrian Social Democratic Party","SPÖ",30,"NA",203,999,1998,0.765,NA,38.059,0,NA,71,183,1,10,"NA",259,0.772,0,0,0,0,0,1.931,4.247,4.247,1.544,0,3.475,1.158,0,0,0,0,9.266,1.931,16.988,1.931,0,0.386,0,0,0,0,2.317,0,1.544,4.633,0,0,1.931,0,0,1.931,0,17.761,3.861,1.931,2.317,0,1.931,0,1.544,0,2.703,5.019,0,0,2.703,0,0,0,0,0,0,0,0,0,0,0,0,0,0,0,0,0,0,0,0,0,0,0,0,0,0,0,0,0,0,0,0,0,0,0,0,0,0,0,0,0,0,0,0,0,0,0,0,0,0,0,0,0,0,0,0,0,0,0,NA,NA,NA,NA,NA,NA,NA,NA,NA,NA,NA,NA,NA,NA,NA,NA,NA,NA,NA,NA,NA,NA,NA,NA,NA,NA,NA,NA,NA,NA,NA,NA,20.849,0.386,3.861,21.622,1.931,"2024a","3UBVG8",39.0089444444444
42,"Austria",10,10,1995-12-17,199512,42420,"Freedom Movement","",70,"NA",203,999,1998,0.765,NA,21.885,0,NA,40,183,1,10,"NA",149,0,0,0,0,1.342,0,0,0,0,0,0.671,7.383,2.013,8.054,0,0,0,16.779,6.04,4.698,9.396,8.725,0,0,0,0,0,2.013,0,2.013,0.671,0,0,3.356,0,0,2.685,0,6.04,1.342,2.685,0,0,4.698,0,2.685,0,5.369,0.671,0,0,0,0,0.671,0,0,0,0,0,0,0,0,0,0,0,0,0,0,0,0,0,0,0,0,0,0,0,0,0,0,0,0,0,0,0,0,0,0,0,0,0,0,0,0,0,0,0,0,0,0,0,0,0,0,0,0,0,0,0,0,0,NA,NA,NA,NA,NA,NA,NA,NA,NA,NA,NA,NA,NA,NA,NA,NA,NA,NA,NA,NA,NA,NA,NA,NA,NA,NA,NA,NA,NA,NA,NA,NA,55.705,0,12.752,7.383,0,"2024a","LEUZW1",13.2621666666667
42,"Austria",10,10,1995-12-17,199512,42520,"Austrian People’s Party","ÖVP",50,"NA",203,999,1998,0.765,NA,28.291,0,NA,53,183,1,10,"NA",240,0,0,0,0,0,0,0,1.25,0.417,0,0,0,0,0,0,0.417,0,15.417,1.25,7.5,14.167,10.833,1.25,0,0,0,0,6.667,0,9.583,6.667,0,0,12.083,0,0,0.833,0,0.833,6.25,2.5,0,0,0,0,0.417,0,0,1.667,0,0,0,0,0,0,0,0,0,0,0,0,0,0,0,0,0,0,0,0,0,0,0,0,0,0,0,0,0,0,0,0,0,0,0,0,0,0,0,0,0,0,0,0,0,0,0,0,0,0,0,0,0,0,0,0,0,0,0,0,0,0,NA,NA,NA,NA,NA,NA,NA,NA,NA,NA,NA,NA,NA,NA,NA,NA,NA,NA,NA,NA,NA,NA,NA,NA,NA,NA,NA,NA,NA,NA,NA,NA,40.417,1.25,26.25,7.083,0,"2024a","N8OJL3",36.7453333333333
42,"Austria",10,10,1999-10-03,199910,42320,"Austrian Social Democratic Party","SPÖ",30,"NA",287,3,2011,0.81,NA,33.2,0,NA,65,183,1,111,"2024-1",899,0.667,0,0,0,1.112,0.111,0.222,2.781,4.561,2.225,0,1.78,3.337,0.222,0,0,0,5.673,0,1.335,2.447,1.78,2.113,0,0.111,0,0,0,0,0.445,12.013,1.557,0.222,1.224,0,0,3.56,3.56,11.123,4.449,0,5.228,0,1.001,0,0,1.446,4.783,1.557,0,0,10.567,0,0.445,1.001,0,5.339,0,0,0,0,0,0,0,0,0,0,0,0,0,0,0,0,0,0,0,0,0,0,0,0,0,0,0,0,0,0,0,0,0,0,0,0,0,0,0,0,0,0,0,0,0,0,0,0,0,0,0,0,0,0,NA,NA,NA,NA,NA,NA,NA,NA,NA,NA,NA,NA,NA,NA,NA,NA,NA,NA,NA,NA,NA,NA,NA,NA,NA,NA,NA,NA,NA,NA,NA,NA,-13.348,3.671,3.671,15.573,0.334,"2024a","1ZGNMC",39.0089444444444
42,"Austria",10,10,1999-10-03,199910,42420,"Austrian Freedom Party","FPÖ",70,"NA",108,999,2001,0.999,NA,26.91,0,NA,52,183,1,20,"2024-1",832,0.12,0.12,0.12,0,2.404,0.12,0.361,1.202,2.404,1.082,1.803,12.26,5.168,0.962,1.322,2.284,0,5.288,0,0.12,3.726,0.841,2.524,0,0,0.12,0,0.361,0,0,4.087,0,0,0.601,0,0,6.01,5.168,1.803,2.284,0.841,4.688,0,6.01,0,8.534,0.24,3.365,2.163,3.005,0.361,0.721,0.12,3.365,0.24,0.481,1.202,0,0,0,0,0,0,0,0,0,0,0,0,0,0,0,0,0,0,0,0,0,0,0,0,0,0,0,0,0,0,0,0,0,0,0,0,0,0,0,0,0,0,0,0,0,0,0,0,0,0,0,0,0,0,NA,NA,NA,NA,NA,NA,NA,NA,NA,NA,NA,NA,NA,NA,NA,NA,NA,NA,NA,NA,NA,NA,NA,NA,NA,NA,NA,NA,NA,NA,NA,NA,24.639,2.524,4.327,4.087,0.601,"2024a","JOGX3I",13.2621666666667
42,"Austria",10,10,1999-10-03,199910,42520,"Austrian People’s Party","ÖVP",50,"NA",287,3,2011,0.81,NA,26.91,0,NA,52,183,1,111,"2024-1",2741,0,0,0,0,2.225,0,1.204,5.181,3.867,0.073,0.073,0.474,3.138,0,0,0.109,0,2.919,0,0.474,7.297,0.328,0.949,0,0.109,0,0,0.073,0.036,0.292,11.383,2.517,0,0.401,0,0.328,1.605,0.839,4.05,4.925,0.255,11.164,0,1.35,0,0.73,0.109,9.449,7.443,0.146,0.401,4.962,0,1.24,4.159,0,3.721,0,0,0,0,0,0,0,0,0,0,0,0,0,0,0,0,0,0,0,0,0,0,0,0,0,0,0,0,0,0,0,0,0,0,0,0,0,0,0,0,0,0,0,0,0,0,0,0,0,0,0,0,0,0,NA,NA,NA,NA,NA,NA,NA,NA,NA,NA,NA,NA,NA,NA,NA,NA,NA,NA,NA,NA,NA,NA,NA,NA,NA,NA,NA,NA,NA,NA,NA,NA,-3.612,3.466,7.698,8.975,1.204,"2024a","OP3KZY",36.7453333333333
42,"Austria",10,10,2002-11-24,200211,42320,"Austrian Social Democratic Party","SPÖ",30,"NA",287,3,2011,0.81,NA,36.51,0,NA,69,183,1,111,"2024-1",1151,1.043,0,0,0,0.695,0.174,0.174,4.865,2.259,0.261,0,0.434,5.56,0,0,0,0,3.475,0,4.344,1.564,2.085,1.043,0,0,0,0,0.348,0,0.869,9.644,2.606,0.434,1.216,0,0.087,4.257,3.823,11.468,7.124,0,6.169,0,0.695,0,0,0.521,3.128,0.956,2.259,0,8.167,0,1.303,3.301,0,3.649,0,0,0,0,0,0,0,0,0,0,0,0,0,0,0,0,0,0,0,0,0,0,0,0,0,0,0,0,0,0,0,0,0,0,0,0,0,0,0,0,0,0,0,0,0,0,0,0,0,0,0,0,0,0,NA,NA,NA,NA,NA,NA,NA,NA,NA,NA,NA,NA,NA,NA,NA,NA,NA,NA,NA,NA,NA,NA,NA,NA,NA,NA,NA,NA,NA,NA,NA,NA,-21.199,3.649,2.78,18.593,0.348,"2024a","81MLFM",39.0089444444444
42,"Austria",10,10,2002-11-24,200211,42420,"Austrian Freedom Party","FPÖ",70,"NA",287,3,2011,0.808,NA,10.01,0,NA,18,183,1,50,"2024-1",2668,0.037,0,0,0,2.361,0,0.075,5.06,1.912,0.037,0,0.112,6.109,0,0,0,0,5.547,0.375,0.037,2.774,3.073,3.298,0,0,0,0,0.037,0.037,0.075,8.621,2.399,0,1.499,0,0.075,3.148,2.886,6.672,6.672,0.45,7.309,0.187,0.337,0,0.225,0,7.796,0.787,0.262,1.949,6.559,0,1.312,2.399,0.712,6.784,0,0,0,0,0,0,0,0,0,0,0,0,0,0,0,0,0,0,0,0,0,0,0,0,0,0,0,0,0,0,0,0,0,0,0,0,0,0,0,0,0,0,0,0,0,0,0,0,0,0,0,0,0,0,NA,NA,NA,NA,NA,NA,NA,NA,NA,NA,NA,NA,NA,NA,NA,NA,NA,NA,NA,NA,NA,NA,NA,NA,NA,NA,NA,NA,NA,NA,NA,NA,-18.028,5.697,4.273,13.343,0.075,"2024a","COUP7G",13.2621666666667
42,"Austria",10,10,2002-11-24,200211,42520,"Austrian People’s Party","ÖVP",50,"NA",287,3,2011,0.81,NA,42.3,0,NA,79,183,1,111,"2024-1",2165,0.092,0,0,0,1.617,0,0.277,5.958,5.866,0.046,0.092,1.062,5.035,0,0,1.062,0,4.988,0,0.231,4.249,1.155,2.032,0,0.185,0,0,0,0,0.092,10.254,2.587,0.092,0.924,0,1.432,3.51,5.266,4.711,6.651,0.046,5.266,0.046,0.37,0,0.185,0,3.926,2.679,0.231,1.109,4.249,0,2.309,5.404,0.693,4.018,0,0,0,0,0,0,0,0,0,0,0,0,0,0,0,0,0,0,0,0,0,0,0,0,0,0,0,0,0,0,0,0,0,0,0,0,0,0,0,0,0,0,0,0,0,0,0,0,0,0,0,0,0,0,NA,NA,NA,NA,NA,NA,NA,NA,NA,NA,NA,NA,NA,NA,NA,NA,NA,NA,NA,NA,NA,NA,NA,NA,NA,NA,NA,NA,NA,NA,NA,NA,-15.704,4.619,5.173,11.363,0.277,"2024a","D286N6",36.7453333333333
42,"Austria",10,10,2006-10-01,200610,42320,"Austrian Social Democratic Party","SPÖ",30,"NA",287,3,2011,0.808,NA,35.34,0,NA,68,183,1,50,"2024-1",721,0.971,0,0,0,1.11,0.139,0.277,3.329,4.022,0.693,0.139,0.832,3.467,1.387,0,0.277,0,1.803,0.277,0.971,1.248,1.248,3.606,0,0,0,0,0.416,0,1.248,6.796,2.219,0.693,0,0,0.832,4.022,4.438,14.424,5.27,0.139,7.212,0,1.803,0,0.139,1.387,5.27,2.635,1.942,1.248,5.687,0,0.416,2.913,0,3.051,0,0,0,0,0,0,0,0,0,0,0,0,0,0,0,0,0,0,0,0,0,0,0,0,0,0,0,0,0,0,0,0,0,0,0,0,0,0,0,0,0,0,0,0,0,0,0,0,0,0,0,0,0,0,NA,NA,NA,NA,NA,NA,NA,NA,NA,NA,NA,NA,NA,NA,NA,NA,NA,NA,NA,NA,NA,NA,NA,NA,NA,NA,NA,NA,NA,NA,NA,NA,-15.118,5.825,1.248,19.695,0.416,"2024a","Z2HFF4",39.0089444444444
42,"Austria",10,10,2006-10-01,200610,42420,"Austrian Freedom Party","FPÖ",70,"NA",287,3,2011,0.808,NA,11.04,0,NA,21,183,1,50,"2024-1",325,0,0,0,0,2.769,0,0.308,3.692,2.462,4,2.154,0,0.923,0,0,0,0,3.692,0,0,0,7.077,0,0,0,0,0,0.308,0,0.308,0.615,2.462,2.154,0,0,0.923,15.077,2.154,4.308,7.385,0.923,5.231,0,0,0,0.308,0,5.846,5.846,0,10.154,4.923,0,0.923,2.769,0,0.308,0,0,0,0,0,0,0,0,0,0,0,0,0,0,0,0,0,0,0,0,0,0,0,0,0,0,0,0,0,0,0,0,0,0,0,0,0,0,0,0,0,0,0,0,0,0,0,0,0,0,0,0,0,0,NA,NA,NA,NA,NA,NA,NA,NA,NA,NA,NA,NA,NA,NA,NA,NA,NA,NA,NA,NA,NA,NA,NA,NA,NA,NA,NA,NA,NA,NA,NA,NA,-4.308,2.462,0,11.692,0.308,"2024a","WSOM9C",13.2621666666667
42,"Austria",10,10,2006-10-01,200610,42520,"Austrian People’s Party","ÖVP",50,"NA",287,3,2011,0.808,NA,34.33,0,NA,66,183,1,50,"2024-1",2060,0.437,0,0,0,0.922,0.194,0.291,5.971,5.194,0.291,0,0.485,2.476,0.097,0,0.825,0.243,3.786,0,3.738,1.456,1.505,1.748,0,0.097,0,0,0,0,1.019,7.33,0.874,0.291,0,0,0.097,5.583,5.583,9.854,3.786,0.049,5.534,0,5.68,0,0.971,0.194,4.854,3.204,0.194,2.233,4.757,0,1.505,3.981,0,2.67,0,0,0,0,0,0,0,0,0,0,0,0,0,0,0,0,0,0,0,0,0,0,0,0,0,0,0,0,0,0,0,0,0,0,0,0,0,0,0,0,0,0,0,0,0,0,0,0,0,0,0,0,0,0,NA,NA,NA,NA,NA,NA,NA,NA,NA,NA,NA,NA,NA,NA,NA,NA,NA,NA,NA,NA,NA,NA,NA,NA,NA,NA,NA,NA,NA,NA,NA,NA,-2.961,2.621,1.456,13.641,0.485,"2024a","TE4BFX",36.7453333333333
42,"Austria",10,10,2008-09-28,200809,42320,"Austrian Social Democratic Party","SPÖ",30,"NA",287,3,2011,0.808,NA,29.26,0,NA,57,183,1,50,"2024-1",1203,1.164,0,0,0,0.582,0.582,0.416,4.655,4.073,0.416,0.416,1.081,6.068,0.416,0,0.249,0.083,2.161,0.166,1.579,1.081,2.161,2.161,0.083,0.166,0.083,0,0.748,0.249,0.914,5.819,1.912,0.249,0,0,1.081,4.156,5.985,16.625,5.653,0,4.821,0,1.912,0,0,1.663,4.239,2.244,0.665,0.914,6.484,0,0.665,1.081,0.333,1.746,0,0,0,0,0,0,0,0,0,0,0,0,0,0,0,0,0,0,0,0,0,0,0,0,0,0,0,0,0,0,0,0,0,0,0,0,0,0,0,0,0,0,0,0,0,0,0,0,0,0,0,0,0,0,NA,NA,NA,NA,NA,NA,NA,NA,NA,NA,NA,NA,NA,NA,NA,NA,NA,NA,NA,NA,NA,NA,NA,NA,NA,NA,NA,NA,NA,NA,NA,NA,-17.872,4.156,1.081,22.278,0.998,"2024a","5SJEE8",39.0089444444444
42,"Austria",10,10,2008-09-28,200809,42420,"Austrian Freedom Party","FPÖ",70,"NA",287,3,2011,0.808,NA,17.54,0,NA,34,183,1,50,"2024-1",462,0.216,0,0,0,1.732,0.216,0.216,0.866,0.866,2.381,3.463,3.463,1.948,0,0,0,0,4.545,0,0,1.515,2.381,1.299,0.433,0,0,0,0.649,0.433,0.216,1.948,3.896,0,0,0,0,4.329,3.03,10.823,7.143,0.216,3.463,0,1.299,0.433,1.082,0.649,5.844,6.277,1.082,5.844,5.628,0,2.597,0.649,0.216,6.71,0,0,0,0,0,0,0,0,0,0,0,0,0,0,0,0,0,0,0,0,0,0,0,0,0,0,0,0,0,0,0,0,0,0,0,0,0,0,0,0,0,0,0,0,0,0,0,0,0,0,0,0,0,0,NA,NA,NA,NA,NA,NA,NA,NA,NA,NA,NA,NA,NA,NA,NA,NA,NA,NA,NA,NA,NA,NA,NA,NA,NA,NA,NA,NA,NA,NA,NA,NA,-1.299,5.628,1.515,17.965,0.433,"2024a","LTC9SN",13.2621666666667
42,"Austria",10,10,2008-09-28,200809,42520,"Austrian People’s Party","ÖVP",50,"NA",287,3,2011,0.808,NA,25.98,0,NA,51,183,1,50,"2024-1",610,1.311,0,0,0,0.984,0,0,2.623,6.557,0,0.328,0.984,4.098,0,0.164,0.328,0,2.295,0,4.754,1.148,2.131,0.984,0,0,0,0,0.656,0,1.148,2.459,0,0,0,0,0.656,0.492,0.164,14.262,11.639,0,3.279,0,4.098,0,0.492,0,10,4.59,0.656,2.951,7.705,0,0.328,2.787,0,2.951,0,0,0,0,0,0,0,0,0,0,0,0,0,0,0,0,0,0,0,0,0,0,0,0,0,0,0,0,0,0,0,0,0,0,0,0,0,0,0,0,0,0,0,0,0,0,0,0,0,0,0,0,0,0,NA,NA,NA,NA,NA,NA,NA,NA,NA,NA,NA,NA,NA,NA,NA,NA,NA,NA,NA,NA,NA,NA,NA,NA,NA,NA,NA,NA,NA,NA,NA,NA,-1.148,0.984,1.148,25.902,0,"2024a","A8TRJ1",36.7453333333333
42,"Austria",10,10,2013-09-29,201309,42320,"Austrian Social Democratic Party","SPÖ",30,"NA",334,5,2017,0.822,0.788,26.819,0,NA,52,183,1,121,"2024-1",725,1.241,0,0,0,1.103,0.414,0.69,1.931,0.828,0,0.276,1.103,1.517,0,0,0.414,0,1.241,1.241,0.69,0.414,1.931,5.655,0,0,0.138,0,0,0.552,1.931,9.655,0.276,1.931,0.138,0,0.276,1.655,6.759,12.276,12.552,0,10.897,0,0.966,0.276,0.276,1.931,1.103,0.276,0.828,0,10.483,0,0.414,0.552,0,3.172,0,0,0,0,0,0,0,0,0,0,0,0,0,0,0,0,0,0,0,0,0,0,0,0,0,0,0,0,0,0,0,0,0,0,0,0,0,0,0,0,0,0,0,0,0,0,0,0,0,0,0,0,0,0,0,0,0.276,0.828,1.379,0,0,0.138,0.552,0,0.138,0,0,0,0,0.276,0.966,0,0,0.276,1.103,0,0.276,0,0.276,0.552,0,0,0,0,0.414,0,-38.483,5.931,0.552,24.828,1.103,"2024a","O9TK8M",39.0089444444444
42,"Austria",10,10,2013-09-29,201309,42420,"Austrian Freedom Party","FPÖ",70,"NA",334,5,2017,0.822,0.788,20.506,0,NA,40,183,1,121,"2024-1",115,0,0,0,0,0,0,0,0.87,0,3.478,4.348,0.87,7.826,0,0.87,0,0,1.739,0.87,12.174,0,2.609,2.609,0,0,0,0,0,0,0,0,0.87,0,0.87,0,0,0,0,6.087,10.435,4.348,3.478,0,12.174,0,4.348,0,5.217,0,0,6.957,4.348,0,0,0.87,0,1.739,0,0,0,0,0,0,0,0,0,0,0,0,0,0,0,0,0,0,0,0,0,0,0,0,0,0,0,0,0,0,0,0,0,0,0,0,0,0,0,0,0,0,0,0,0,0,0,0,0,0,0,0,0,0,0,0,0.87,0,0,0,0,7.826,12.174,0,0,0,0,0,0,0,4.348,7.826,0,0,5.217,0,0,0,0,0,0,5.217,1.739,0,0,0,12.174,3.478,0.87,16.522,0,"2024a","OJMMFC",13.2621666666667
42,"Austria",10,10,2013-09-29,201309,42520,"Austrian People’s Party","ÖVP",50,"NA",334,5,2017,0.822,0.788,23.991,0,NA,47,183,1,121,"2024-1",1162,0.43,0.086,0,0,2.496,0,0.516,3.442,2.582,0,0.172,3.873,4.045,0,0,0.086,0.086,3.873,1.635,1.549,2.668,4.045,4.217,0,0.086,0,0.086,0.43,0,1.205,6.799,1.119,0.516,1.205,0,3.184,3.442,4.389,5.938,6.282,0.516,5.938,0.43,1.291,0.172,1.377,0,4.303,1.979,0.775,0.43,4.819,0.172,2.668,0.688,0.172,3.787,0,0,0,0,0,0,0,0,0,0,0,0,0,0,0,0,0,0,0,0,0,0,0,0,0,0,0,0,0,0,0,0,0,0,0,0,0,0,0,0,0,0,0,0,0,0,0,0,0,0,0,0,0,0,0,0,2.496,1.377,1.807,0,0.344,1.893,1.549,0,0,0,0,0,0,3.184,1.291,0,0,0.172,4.303,0,1.979,0,0,0.775,0,0,0.43,0,2.668,0,-5.508,5.336,3.873,12.22,0.516,"2024a","EE1YIE",36.7453333333333
42,"Austria",10,10,2017-10-15,201710,42320,"Austrian Social Democratic Party","SPÖ",30,"NA",334,5,2018,0.822,0.788,26.859,0,NA,52,183,1,131,"2024-1",2724,0.073,0,0,0,0.587,0,0.073,1.872,1.725,0,0,0.624,1.432,0,0,0.514,0,7.562,0.771,0.551,0.147,4.479,5.103,0,0.11,1.872,0.11,0.844,0.33,3.781,9.655,1.468,0.33,0,0,2.974,1.799,2.239,12.812,8.627,0.11,7.305,0,1.799,0,0.147,1.175,4.405,1.028,0.037,1.505,7.819,0.257,0.257,0.587,0.441,0.661,0,0,0,0,0,0,0,0,0,0,0,0,0,0,0,0,0,0,0,0,0,0,0,0,0,0,0,0,0,0,0,0,0,0,0,0,0,0,0,0,0,0,0,0,0,0,0,0,0,0,0,0,0,0,0,0,0.22,0.404,0.991,0,0,0.441,0.514,0.037,0,0,0,0,0,2.974,1.028,0.771,0,0,4.405,0,1.028,0,0,0.037,0,0,1.505,0,0.257,0,-21.916,6.571,0.147,21.439,0.073,"2024a","IASBJH",39.0089444444444
42,"Austria",10,10,2017-10-15,201710,42420,"Austrian Freedom Party","FPÖ",70,"NA",334,5,2018,0.822,0.788,25.966,0,NA,51,183,1,131,"2024-1",452,0,0,0,0,4.867,0,0,0,0,0.664,3.319,4.425,5.973,0.221,0,1.106,0.221,3.54,1.549,0,0.221,2.876,1.106,0,0,0,0,0,0.221,0.442,4.867,1.991,0.442,1.106,0,1.327,5.973,2.655,5.752,5.531,2.434,4.425,1.549,5.752,0,4.867,0,6.416,0.442,0,3.319,4.867,0.442,3.097,0.442,0,1.549,0,0,0,0,0,0,0,0,0,0,0,0,0,0,0,0,0,0,0,0,0,0,0,0,0,0,0,0,0,0,0,0,0,0,0,0,0,0,0,0,0,0,0,0,0,0,0,0,0,0,0,0,0,0,0,0,3.982,0.442,1.991,0,0,3.982,0,0,0,0,0,0,0,1.327,1.549,4.204,0,0,6.416,0,0.442,0,0,0,0,1.327,1.991,0,3.097,0,9.292,3.097,1.327,11.283,0,"2024a","R6GJHJ",13.2621666666667
42,"Austria",10,10,2017-10-15,201710,42520,"Austrian People’s Party","ÖVP",50,"NA",334,5,2018,0.822,0.788,31.47,0,NA,62,183,1,131,"2024-1",2795,0.286,0,0,0,1.467,0.107,0.107,1.896,0.394,0.143,1.181,3.614,3.005,0.072,0.143,0.894,0.036,7.549,0.537,0,4.615,5.975,1.717,0,0.107,0.072,0.572,0,0.179,2.254,7.013,0.107,0,2.576,0,2.111,2.075,3.363,4.723,6.261,4.723,7.549,0.68,3.113,0.25,1.002,0.143,5.832,1.61,0.179,3.578,4.186,0.322,0.894,0.322,0.072,0.394,0,0,0,0,0,0,0,0,0,0,0,0,0,0,0,0,0,0,0,0,0,0,0,0,0,0,0,0,0,0,0,0,0,0,0,0,0,0,0,0,0,0,0,0,0,0,0,0,0,0,0,0,0,0,0,0,3.077,0.537,1.717,0.107,0.107,1.181,0,0,0,0,0,0,0,2.111,0.894,2.218,0,0.25,5.832,0.107,1.61,0,0.179,0,0,0.823,2.755,0,0.894,0,10.161,1.825,7.191,10.984,0.215,"2024a","ICHL8Q",36.7453333333333
42,"Austria",10,10,2019-09-29,201909,42320,"Austrian Social Democratic Party","SPÖ",30,"NA",334,5,2020,0.972,0.932,21.181,0,NA,40,183,1,151,"2024-1",1910,0.89,0,0,0,0.157,0,0.262,1.309,0.366,0,0,2.042,3.089,0,0,0.942,0,0.314,3.194,0.628,0,0.419,4.974,0,0.052,1.623,0,0.052,0.209,0.733,4.555,0.89,0.524,0.105,0,5.55,4.503,3.665,15.079,13.874,0,8.377,0,1.152,0.105,0.366,0.681,1.937,1.361,0.733,0.419,12.67,0,1.309,0.052,0,0.838,0,0,0,0,0,0,0,0,0,0,0,0,0,0,0,0,0,0,0,0,0,0,0,0,0,0,0,0,0,0,0,0,0,0,0,0,0,0,0,0,0,0,0,0,0,0,0,0,0,0,0,0,0,0,0,0,1.047,0.995,3.089,0,0,0,0.628,0,0,0,0,0,0,5.55,0.785,0.366,0.105,0,1.937,0,1.309,0.052,0.052,0.681,0,0.052,0.366,0,1.309,0,-39.424,5.864,0.105,28.953,0.262,"2024a","LUMGT5",39.0089444444444
42,"Austria",10,10,2019-09-29,201909,42420,"Austrian Freedom Party","FPÖ",70,"NA",334,5,2020,0.972,0.932,16.174,0,NA,31,183,1,151,"2024-1",222,2.252,0,0,0,0.45,0,0,0.45,0,0,6.306,0,8.559,0,0,0,0,7.207,0,0.45,0,1.351,4.955,0,0.45,0,0,0,0,0.45,6.306,0.45,0.901,0.45,0,2.703,10.811,0,2.252,5.405,2.252,0.45,0,12.613,0,0.45,0,9.91,1.351,0,2.252,5.405,2.252,0,0,0,0.901,0,0,0,0,0,0,0,0,0,0,0,0,0,0,0,0,0,0,0,0,0,0,0,0,0,0,0,0,0,0,0,0,0,0,0,0,0,0,0,0,0,0,0,0,0,0,0,0,0,0,0,0,0,0,0,0,0,0,2.252,1.351,0,6.306,0,0.45,0,0,0,0,0,2.703,0,12.613,0,0,9.91,0,1.351,0,0,0,0,1.802,0.45,0,0,0,2.703,5.405,0.45,7.658,0,"2024a","YJXJ4K",13.2621666666667
42,"Austria",10,10,2019-09-29,201909,42520,"Austrian People’s Party","ÖVP",50,"NA",334,5,2020,0.972,0.932,37.457,0,NA,71,183,1,151,"2024-1",719,0,0,0,0,2.782,0,0,3.199,3.477,0,3.477,1.113,4.172,0,0,0.834,0,2.782,0,0,0.556,3.755,2.364,0,0,2.503,0,0.139,0,0.974,6.259,0,0,1.113,0,1.808,2.921,3.06,5.563,7.371,1.53,4.451,0,4.172,0.278,1.808,0,11.266,2.782,0,5.702,4.729,0.695,1.53,0.417,0,0.417,0,0,0,0,0,0,0,0,0,0,0,0,0,0,0,0,0,0,0,0,0,0,0,0,0,0,0,0,0,0,0,0,0,0,0,0,0,0,0,0,0,0,0,0,0,0,0,0,0,0,0,0,0,0,0,0,0.278,0.834,3.755,0,0,0.417,0,0,0,0,0,0,0,1.808,2.643,1.53,0,0.278,11.266,0,2.782,0,0,0,0,0,5.702,0,1.53,0,2.086,2.364,1.669,12.935,0,"2024a","YUO9YK",36.7453333333333
43,"Switzerland",10,0,1963-10-27,196310,43320,"Social Democratic Party of Switzerland","SPS/PSS",30,"NA",229,1,1991,0.412,NA,26.424,0,NA,53,200,1,10,"NA",162,1.235,0,0,0,0,8.025,1.852,2.469,1.235,4.321,0,4.938,8.642,1.235,0,0.617,0,0,0,4.938,0.617,4.321,0,0,0,0,0,3.086,0,0,5.556,4.321,0,0,0,0,1.235,1.852,8.025,13.58,0.617,4.321,0,0.617,0,1.235,0,0,0,0,0,0.617,0,0,0,0,10.494,0,0,0,0,0,0,0,0,0,0,0,0,0,0,0,0,0,0,0,0,0,0,0,0,0,0,0,0,0,0,0,0,0,0,0,0,0,0,0,0,0,0,0,0,0,0,0,0,0,0,0,0,0,0,NA,NA,NA,NA,NA,NA,NA,NA,NA,NA,NA,NA,NA,NA,NA,NA,NA,NA,NA,NA,NA,NA,NA,NA,NA,NA,NA,NA,NA,NA,NA,NA,-25.309,4.321,0.617,21.605,9.877,"2024a","Y46HCB",21.5422
43,"Switzerland",10,0,1963-10-27,196310,43420,"Radical Democratic Party","FDP/PRD",40,"NA",229,1,1991,0.412,NA,23.756,0,NA,51,200,1,10,"NA",101,0,0,0,0,0.99,0,0,14.851,0.99,5.941,0,7.921,0,2.97,0,1.98,0,2.97,0,0,2.97,5.941,0,0,0.99,0.99,0,0.99,0.99,0,9.901,0,0,3.96,0,0,0.99,0.99,1.98,5.941,0,4.95,0,3.96,0,2.97,0,0,5.941,0,0,1.98,0,3.96,0,0,0.99,0,0,0,0,0,0,0,0,0,0,0,0,0,0,0,0,0,0,0,0,0,0,0,0,0,0,0,0,0,0,0,0,0,0,0,0,0,0,0,0,0,0,0,0,0,0,0,0,0,0,0,0,0,0,NA,NA,NA,NA,NA,NA,NA,NA,NA,NA,NA,NA,NA,NA,NA,NA,NA,NA,NA,NA,NA,NA,NA,NA,NA,NA,NA,NA,NA,NA,NA,NA,8.911,0,6.931,7.921,0,"2024a","VRHP38",20.1113333333333
43,"Switzerland",10,0,1963-10-27,196310,43520,"Conservative Christian Social Party","",50,"NA",229,1,1991,0.412,NA,23.235,0,NA,48,200,1,10,"NA",259,5.405,0,0,0,1.158,0,0,1.158,4.247,1.544,0,3.475,4.247,0.386,0.772,4.633,0.386,0,0,7.722,4.247,3.861,0.772,0,0,0,0,0,0,1.158,3.089,0,0,0.772,0,0,1.544,0.772,9.266,3.475,0,1.931,0,3.089,0,15.058,0,0.386,6.178,0,0,0.772,0,2.703,0.386,0,5.405,0,0,0,0,0,0,0,0,0,0,0,0,0,0,0,0,0,0,0,0,0,0,0,0,0,0,0,0,0,0,0,0,0,0,0,0,0,0,0,0,0,0,0,0,0,0,0,0,0,0,0,0,0,0,NA,NA,NA,NA,NA,NA,NA,NA,NA,NA,NA,NA,NA,NA,NA,NA,NA,NA,NA,NA,NA,NA,NA,NA,NA,NA,NA,NA,NA,NA,NA,NA,33.977,0.772,5.019,12.741,0,"2024a","49ZA7Y",17.5894
43,"Switzerland",10,0,1963-10-27,196310,43810,"Farmers’, Traders’ and Citizens’ Party","BGB/PAB",70,"NA",230,1,1996,0.645,NA,11.269,0,NA,22,200,1,10,"NA",77,0,0,0,0,3.896,0,0,0,0,2.597,0,0,0,5.195,0,1.299,0,0,0,1.299,5.195,0,1.299,2.597,1.299,0,0,1.299,0,0,1.299,0,0,10.39,0,0,3.896,0,1.299,12.987,0,2.597,0,2.597,0,7.792,0,0,6.494,0,0,3.896,0,6.494,10.39,0,3.896,0,0,0,0,0,0,0,0,0,0,0,0,0,0,0,0,0,0,0,0,0,0,0,0,0,0,0,0,0,0,0,0,0,0,0,0,0,0,0,0,0,0,0,0,0,0,0,0,0,0,0,0,0,0,NA,NA,NA,NA,NA,NA,NA,NA,NA,NA,NA,NA,NA,NA,NA,NA,NA,NA,NA,NA,NA,NA,NA,NA,NA,NA,NA,NA,NA,NA,NA,NA,19.481,3.896,15.584,14.286,0,"2024a","EK7SOC",17.5465333333333
43,"Switzerland",10,0,1967-10-29,196710,43320,"Social Democratic Party of Switzerland","SPS/PSS",30,"NA",229,1,1991,0.412,NA,23.344,0,NA,51,200,1,10,"NA",198,0,0,0,0,0.505,4.04,0,7.576,2.525,0,0,1.01,2.02,0,0,0,0.505,0,0,5.556,0,1.01,3.03,3.535,0,0,2.02,0,3.03,1.01,8.586,10.606,0,0.505,0,0,2.525,2.02,10.606,3.535,0,9.091,0,0,2.525,1.01,0,0,2.02,0,0,2.525,2.02,0,0,0,5.051,0,0,0,0,0,0,0,0,0,0,0,0,0,0,0,0,0,0,0,0,0,0,0,0,0,0,0,0,0,0,0,0,0,0,0,0,0,0,0,0,0,0,0,0,0,0,0,0,0,0,0,0,0,0,NA,NA,NA,NA,NA,NA,NA,NA,NA,NA,NA,NA,NA,NA,NA,NA,NA,NA,NA,NA,NA,NA,NA,NA,NA,NA,NA,NA,NA,NA,NA,NA,-32.323,17.172,0.505,14.141,4.04,"2024a","KFWPF7",21.5422
43,"Switzerland",10,0,1967-10-29,196710,43420,"Radical Democratic Party","FDP/PRD",40,"NA",229,1,1991,0.412,NA,22.967,0,NA,49,200,1,10,"NA",342,0,0,0,0,0.585,0,0,3.801,1.462,2.924,0.877,5.263,5.556,2.047,0,5.848,0.585,0.877,0,8.187,2.924,5.263,1.754,0.877,0,0,0.585,0,0.292,1.17,18.129,0.585,0,3.801,0,0,1.462,0.292,2.924,6.14,0.292,4.971,0,0.292,0,0.877,0,0.292,2.339,0,0.585,0,0,1.754,0,0,4.386,0,0,0,0,0,0,0,0,0,0,0,0,0,0,0,0,0,0,0,0,0,0,0,0,0,0,0,0,0,0,0,0,0,0,0,0,0,0,0,0,0,0,0,0,0,0,0,0,0,0,0,0,0,0,NA,NA,NA,NA,NA,NA,NA,NA,NA,NA,NA,NA,NA,NA,NA,NA,NA,NA,NA,NA,NA,NA,NA,NA,NA,NA,NA,NA,NA,NA,NA,NA,9.064,3.216,6.725,9.064,0,"2024a","M8U8HP",20.1113333333333
43,"Switzerland",10,0,1967-10-29,196710,43520,"Conservative Christian Social Party","",50,"NA",229,1,1991,0.412,NA,21.878,0,NA,45,200,1,10,"NA",102,0,0,0,0,0,0,0.98,4.902,1.961,4.902,0,0,10.784,3.922,0.98,2.941,0,2.941,0,16.667,2.941,3.922,0,0,0,0,0,0,0,0.98,0.98,0,0,9.804,0,0,0,0,3.922,7.843,0,6.863,0,0,0,0.98,0,0,0,0,0,0.98,0,3.922,0.98,0,4.902,0,0,0,0,0,0,0,0,0,0,0,0,0,0,0,0,0,0,0,0,0,0,0,0,0,0,0,0,0,0,0,0,0,0,0,0,0,0,0,0,0,0,0,0,0,0,0,0,0,0,0,0,0,0,NA,NA,NA,NA,NA,NA,NA,NA,NA,NA,NA,NA,NA,NA,NA,NA,NA,NA,NA,NA,NA,NA,NA,NA,NA,NA,NA,NA,NA,NA,NA,NA,5.882,0,12.745,11.765,0.98,"2024a","6NKUTV",17.5894
43,"Switzerland",10,0,1967-10-29,196710,43810,"Farmers’, Traders’ and Citizens’ Party","BGB/PAB",70,"NA",229,1,1991,0.412,NA,10.942,0,NA,21,200,1,10,"NA",129,0,0,0,0,3.101,0,0.775,3.101,0,3.876,1.55,8.527,3.876,3.101,0,3.876,0.775,0,0,3.876,4.651,0,3.876,2.326,0,0.775,0,0.775,0,0.775,7.752,1.55,0,0,0,0,3.101,3.101,4.651,1.55,0.775,2.326,0,1.55,0,3.101,0,0,0.775,0,0,3.101,0,6.977,3.101,0,6.977,0,0,0,0,0,0,0,0,0,0,0,0,0,0,0,0,0,0,0,0,0,0,0,0,0,0,0,0,0,0,0,0,0,0,0,0,0,0,0,0,0,0,0,0,0,0,0,0,0,0,0,0,0,0,NA,NA,NA,NA,NA,NA,NA,NA,NA,NA,NA,NA,NA,NA,NA,NA,NA,NA,NA,NA,NA,NA,NA,NA,NA,NA,NA,NA,NA,NA,NA,NA,6.202,7.752,4.651,6.202,0.775,"2024a","JU1OYJ",17.5465333333333
43,"Switzerland",10,0,1971-10-31,197110,43320,"Social Democratic Party of Switzerland","SPS/PSS",30,"NA",229,1,1991,0.412,NA,22.882,0,NA,46,200,1,10,"NA",494,0.607,0,0,0,0.607,2.024,1.012,1.822,0.405,0.405,0,7.085,9.109,1.012,0.202,1.822,0.81,0,1.417,4.251,0,1.215,2.429,0.202,0,0,0.405,0.202,0.607,0,2.429,6.478,0,1.417,0,0,6.073,3.846,11.943,4.656,0.202,7.287,0,0.202,1.012,1.619,0,0,0.81,0.607,0,3.239,0,1.822,0,0,8.704,0,0,0,0,0,0,0,0,0,0,0,0,0,0,0,0,0,0,0,0,0,0,0,0,0,0,0,0,0,0,0,0,0,0,0,0,0,0,0,0,0,0,0,0,0,0,0,0,0,0,0,0,0,0,NA,NA,NA,NA,NA,NA,NA,NA,NA,NA,NA,NA,NA,NA,NA,NA,NA,NA,NA,NA,NA,NA,NA,NA,NA,NA,NA,NA,NA,NA,NA,NA,-19.433,9.109,1.417,16.599,3.036,"2024a","LGBZPX",21.5422
43,"Switzerland",10,0,1971-10-31,197110,43420,"Radical Democratic Party","FDP/PRD",40,"NA",229,1,1991,0.412,NA,21.683,0,NA,49,200,1,10,"NA",451,0.887,0,0,0,0,0,0,0.222,0,0,0,2.217,0.887,0.665,0,0.887,0.443,0,0,0.443,0.887,11.752,1.109,0.665,0.222,0.443,0,0.222,0.222,1.109,12.417,0,0,3.326,0,0,19.734,3.548,5.987,6.652,1.552,7.317,0,0,0,2.217,0,0.443,1.552,0,0,0.222,0,6.208,0,0,5.543,0,0,0,0,0,0,0,0,0,0,0,0,0,0,0,0,0,0,0,0,0,0,0,0,0,0,0,0,0,0,0,0,0,0,0,0,0,0,0,0,0,0,0,0,0,0,0,0,0,0,0,0,0,0,NA,NA,NA,NA,NA,NA,NA,NA,NA,NA,NA,NA,NA,NA,NA,NA,NA,NA,NA,NA,NA,NA,NA,NA,NA,NA,NA,NA,NA,NA,NA,NA,7.539,1.774,4.213,12.639,0,"2024a","NZK3CI",20.1113333333333
43,"Switzerland",10,0,1971-10-31,197110,43520,"Christian Democratic People’s Party of Switzerland","CVP/PDC",50,"NA",229,1,1991,0.412,NA,20.659,0,NA,44,200,1,10,"NA",1066,0,0,0,0,2.439,0.281,0.844,2.72,1.032,1.032,0,7.223,4.784,2.533,0.657,5.066,1.126,2.158,0,3.189,2.064,3.471,1.22,1.126,1.126,0.188,0.281,0.188,1.501,0.938,7.411,0.938,0,1.689,0,0,5.722,2.064,5.159,4.503,0.938,8.443,0,0.375,0,2.533,0,0.938,1.876,1.126,0,2.533,0,1.876,0.188,0.563,3.94,0,0,0,0,0,0,0,0,0,0,0,0,0,0,0,0,0,0,0,0,0,0,0,0,0,0,0,0,0,0,0,0,0,0,0,0,0,0,0,0,0,0,0,0,0,0,0,0,0,0,0,0,0,0,NA,NA,NA,NA,NA,NA,NA,NA,NA,NA,NA,NA,NA,NA,NA,NA,NA,NA,NA,NA,NA,NA,NA,NA,NA,NA,NA,NA,NA,NA,NA,NA,1.97,3.283,3.752,9.662,1.126,"2024a","4VE4W2",17.5894
43,"Switzerland",10,0,1971-10-31,197110,43810,"Swiss People’s Party","SVP/UDC",70,"NA",229,1,1991,0.412,NA,11.036,0,NA,23,200,1,10,"NA",75,1.333,0,0,0,5.333,4,0,5.333,0,6.667,0,1.333,2.667,0,0,2.667,0,0,0,2.667,5.333,0,2.667,0,6.667,0,0,5.333,0,0,8,2.667,0,0,0,0,6.667,4,5.333,4,0,2.667,0,0,0,2.667,0,0,1.333,0,0,0,0,6.667,0,0,4,0,0,0,0,0,0,0,0,0,0,0,0,0,0,0,0,0,0,0,0,0,0,0,0,0,0,0,0,0,0,0,0,0,0,0,0,0,0,0,0,0,0,0,0,0,0,0,0,0,0,0,0,0,0,NA,NA,NA,NA,NA,NA,NA,NA,NA,NA,NA,NA,NA,NA,NA,NA,NA,NA,NA,NA,NA,NA,NA,NA,NA,NA,NA,NA,NA,NA,NA,NA,-5.333,5.333,5.333,9.333,4,"2024a","VB9RCZ",17.5465333333333
43,"Switzerland",10,0,1975-10-26,197510,43320,"Social Democratic Party of Switzerland","SPS/PSS",30,"NA",229,1,1991,0.412,NA,24.873,0,NA,55,200,1,10,"NA",231,0,0,0,0,2.597,0.866,0.433,3.463,0.433,0.433,0,5.628,9.524,0.433,0,0.866,0,0.433,1.299,3.463,0,0,6.926,0.866,0.433,0.866,0,1.299,2.165,1.732,2.165,7.792,0.866,4.762,0,0,3.03,0,10.823,10.39,0,2.597,0,0.866,0,0,0.433,0.433,1.732,0,0,4.329,0,0.866,0,0,4.762,0,0,0,0,0,0,0,0,0,0,0,0,0,0,0,0,0,0,0,0,0,0,0,0,0,0,0,0,0,0,0,0,0,0,0,0,0,0,0,0,0,0,0,0,0,0,0,0,0,0,0,0,0,0,NA,NA,NA,NA,NA,NA,NA,NA,NA,NA,NA,NA,NA,NA,NA,NA,NA,NA,NA,NA,NA,NA,NA,NA,NA,NA,NA,NA,NA,NA,NA,NA,-29.004,15.584,4.762,21.212,1.299,"2024a","1P4ZD1",21.5422
43,"Switzerland",10,0,1975-10-26,197510,43420,"Radical Democratic Party","FDP/PRD",40,"NA",229,1,1991,0.412,NA,22.208,0,NA,47,200,1,10,"NA",597,0.503,0,0,0,7.035,0,0.503,5.025,0.503,1.675,0,8.04,4.02,1.843,0.168,2.01,1.34,1.508,0,0.838,4.188,4.69,1.675,0,0.503,0.335,0.168,1.005,0.67,1.508,8.375,1.005,0,3.183,0,0,6.7,4.02,2.513,3.183,0.503,3.518,0.168,0,0,0.503,0.335,0.168,4.188,1.005,0.168,1.843,0.168,3.518,1.005,0.67,3.518,0,0,0,0,0,0,0,0,0,0,0,0,0,0,0,0,0,0,0,0,0,0,0,0,0,0,0,0,0,0,0,0,0,0,0,0,0,0,0,0,0,0,0,0,0,0,0,0,0,0,0,0,0,0,NA,NA,NA,NA,NA,NA,NA,NA,NA,NA,NA,NA,NA,NA,NA,NA,NA,NA,NA,NA,NA,NA,NA,NA,NA,NA,NA,NA,NA,NA,NA,NA,14.238,2.68,7.37,5.695,0.503,"2024a","WUY5JK",20.1113333333333
43,"Switzerland",10,0,1975-10-26,197510,43520,"Christian Democratic People’s Party of Switzerland","CVP/PDC",50,"NA",229,1,1991,0.412,NA,21.088,0,NA,46,200,1,10,"NA",803,0,0,0,0,0.747,0,0.996,1.619,0.623,0.996,0,5.729,2.989,2.989,0.125,5.978,0.872,5.355,0,4.981,2.242,4.981,1.37,1.494,0.623,0.249,0,0,0.125,0,5.23,1.37,0,3.238,0,0,8.842,2.615,4.11,3.861,0.498,6.974,0,0,0,1.743,0.747,0.747,0.747,0.623,0.996,3.487,0,3.985,0,0.623,4.483,0,0,0,0,0,0,0,0,0,0,0,0,0,0,0,0,0,0,0,0,0,0,0,0,0,0,0,0,0,0,0,0,0,0,0,0,0,0,0,0,0,0,0,0,0,0,0,0,0,0,0,0,0,0,NA,NA,NA,NA,NA,NA,NA,NA,NA,NA,NA,NA,NA,NA,NA,NA,NA,NA,NA,NA,NA,NA,NA,NA,NA,NA,NA,NA,NA,NA,NA,NA,4.234,4.234,5.479,7.97,0.996,"2024a","RK45B5",17.5894
43,"Switzerland",10,0,1975-10-26,197510,43810,"Swiss People’s Party","SVP/UDC",70,"NA",229,1,1991,0.412,NA,9.944,0,NA,21,200,1,10,"NA",49,0,0,0,0,0,0,0,2.041,0,2.041,0,2.041,4.082,4.082,0,0,4.082,12.245,0,30.612,4.082,0,0,0,0,0,0,6.122,2.041,2.041,10.204,0,0,0,0,0,2.041,0,4.082,0,0,0,0,2.041,0,0,0,0,0,0,0,4.082,0,0,0,0,2.041,0,0,0,0,0,0,0,0,0,0,0,0,0,0,0,0,0,0,0,0,0,0,0,0,0,0,0,0,0,0,0,0,0,0,0,0,0,0,0,0,0,0,0,0,0,0,0,0,0,0,0,0,0,0,NA,NA,NA,NA,NA,NA,NA,NA,NA,NA,NA,NA,NA,NA,NA,NA,NA,NA,NA,NA,NA,NA,NA,NA,NA,NA,NA,NA,NA,NA,NA,NA,32.653,0,4.082,4.082,0,"2024a","BRIUMI",17.5465333333333
43,"Switzerland",10,0,1979-10-21,197910,43320,"Social Democratic Party of Switzerland","SPS/PSS",30,"NA",229,1,1991,0.412,NA,24.438,0,NA,51,200,1,10,"NA",863,0.463,0,0,0,0.116,1.622,1.39,4.403,0.695,0.348,0,8.111,6.605,0.927,0,1.275,0,0.232,1.854,7.068,0.232,0.695,6.837,0,2.202,0,0,1.854,1.275,0.116,0.695,6.373,0,2.433,0,0,8.459,0.116,10.545,4.519,0,1.275,0,0.348,0,0.695,0.348,0.927,0.232,0,0,7.416,0,1.159,0.116,0.348,5.678,0,0,0,0,0,0,0,0,0,0,0,0,0,0,0,0,0,0,0,0,0,0,0,0,0,0,0,0,0,0,0,0,0,0,0,0,0,0,0,0,0,0,0,0,0,0,0,0,0,0,0,0,0,0,NA,NA,NA,NA,NA,NA,NA,NA,NA,NA,NA,NA,NA,NA,NA,NA,NA,NA,NA,NA,NA,NA,NA,NA,NA,NA,NA,NA,NA,NA,NA,NA,-18.656,13.21,2.665,15.064,3.013,"2024a","6EE99B",21.5422
43,"Switzerland",10,0,1979-10-21,197910,43420,"Radical Democratic Party","FDP/PRD",40,"NA",229,1,1991,0.412,NA,24.069,0,NA,51,200,1,10,"NA",785,0.127,0.892,0,0,5.732,0.127,0.127,1.783,0.51,1.783,0,4.204,2.803,3.057,0,4.713,0.255,0.127,0,0.51,5.223,4.841,5.987,1.019,2.675,1.146,0.382,0.127,0.892,0.892,5.35,0.255,0,1.401,0,0,5.35,3.185,3.822,4.459,2.038,2.548,0,0.637,0,0.51,0.127,1.019,3.185,0.382,0.127,2.038,0,7.261,1.401,0.892,4.076,0,0,0,0,0,0,0,0,0,0,0,0,0,0,0,0,0,0,0,0,0,0,0,0,0,0,0,0,0,0,0,0,0,0,0,0,0,0,0,0,0,0,0,0,0,0,0,0,0,0,0,0,0,0,NA,NA,NA,NA,NA,NA,NA,NA,NA,NA,NA,NA,NA,NA,NA,NA,NA,NA,NA,NA,NA,NA,NA,NA,NA,NA,NA,NA,NA,NA,NA,NA,10.446,7.261,6.624,8.28,0.255,"2024a","411RFN",20.1113333333333
43,"Switzerland",10,0,1979-10-21,197910,43520,"Christian Democratic People’s Party of Switzerland","CVP/PDC",50,"NA",229,1,1991,0.412,NA,21.507,0,NA,44,200,1,10,"NA",746,0.402,0,0,0,0.804,0.134,1.072,6.568,0.67,0.67,0,4.29,4.558,1.475,0,2.279,0.536,1.072,0,3.753,2.011,2.279,6.032,0,1.072,0,0.402,0.134,0.536,1.877,3.351,1.877,0,4.826,0,0,7.105,1.877,3.887,7.775,0.67,4.29,0,0,0,7.909,0,0.67,2.681,0,0.402,1.877,0,2.681,0.402,1.475,3.619,0,0,0,0,0,0,0,0,0,0,0,0,0,0,0,0,0,0,0,0,0,0,0,0,0,0,0,0,0,0,0,0,0,0,0,0,0,0,0,0,0,0,0,0,0,0,0,0,0,0,0,0,0,0,NA,NA,NA,NA,NA,NA,NA,NA,NA,NA,NA,NA,NA,NA,NA,NA,NA,NA,NA,NA,NA,NA,NA,NA,NA,NA,NA,NA,NA,NA,NA,NA,-2.413,7.909,6.836,11.662,1.206,"2024a","S55CEX",17.5894
43,"Switzerland",10,0,1979-10-21,197910,43810,"Swiss People’s Party","SVP/UDC",70,"NA",229,1,1991,0.412,NA,11.603,0,NA,23,200,1,10,"NA",306,0,0,0,0,5.229,0,0,1.634,0,0.654,0,3.595,3.268,3.595,0,3.595,1.307,1.634,0.327,0.98,2.288,4.902,3.268,0.654,0.98,0.654,0,2.941,0,0.327,1.961,1.634,0,2.288,0,0,10.784,1.634,3.595,1.307,0.327,6.863,0,0.327,0,1.634,0,0,0,0.327,0,2.288,0,8.17,0,4.575,10.458,0,0,0,0,0,0,0,0,0,0,0,0,0,0,0,0,0,0,0,0,0,0,0,0,0,0,0,0,0,0,0,0,0,0,0,0,0,0,0,0,0,0,0,0,0,0,0,0,0,0,0,0,0,0,NA,NA,NA,NA,NA,NA,NA,NA,NA,NA,NA,NA,NA,NA,NA,NA,NA,NA,NA,NA,NA,NA,NA,NA,NA,NA,NA,NA,NA,NA,NA,NA,3.595,5.556,4.575,4.902,0,"2024a","1582F3",17.5465333333333
43,"Switzerland",10,0,1983-10-23,198310,43320,"Social Democratic Party of Switzerland","SPS/PSS",30,"NA",229,1,1991,0.412,NA,22.854,0,NA,47,200,1,10,"NA",288,0,0,0,0,0.347,3.472,1.389,6.944,0.347,0.694,0,2.778,6.597,0,0,0.694,0,0.347,0,3.472,0,2.431,3.125,0,1.736,0,0,4.167,0.347,0,2.778,11.111,0,1.389,0,0,18.403,0,5.208,6.597,0,1.042,0,0,0,0.347,0.694,0.347,0,0,0,4.861,0,0.347,0,0,7.986,0,0,0,0,0,0,0,0,0,0,0,0,0,0,0,0,0,0,0,0,0,0,0,0,0,0,0,0,0,0,0,0,0,0,0,0,0,0,0,0,0,0,0,0,0,0,0,0,0,0,0,0,0,0,NA,NA,NA,NA,NA,NA,NA,NA,NA,NA,NA,NA,NA,NA,NA,NA,NA,NA,NA,NA,NA,NA,NA,NA,NA,NA,NA,NA,NA,NA,NA,NA,-34.028,14.236,1.389,11.806,4.861,"2024a","K7N8NU",21.5422
43,"Switzerland",10,0,1983-10-23,198310,43420,"Radical Democratic Party","FDP/PRD",40,"NA",229,1,1991,0.412,NA,23.361,0,NA,54,200,1,10,"NA",215,0,0,0,0,0,0,0,0,0,0,0,42.791,6.512,3.256,0,2.326,0,0.93,0,0,7.442,0,5.116,0,0,0,0,0,0,0.465,4.186,0,0,0.93,0,0,0.93,2.326,6.977,0.93,0,0,0,0,0,7.442,0,0,1.395,1.395,0,4.651,0,0,0,0,0,0,0,0,0,0,0,0,0,0,0,0,0,0,0,0,0,0,0,0,0,0,0,0,0,0,0,0,0,0,0,0,0,0,0,0,0,0,0,0,0,0,0,0,0,0,0,0,0,0,0,0,0,0,0,NA,NA,NA,NA,NA,NA,NA,NA,NA,NA,NA,NA,NA,NA,NA,NA,NA,NA,NA,NA,NA,NA,NA,NA,NA,NA,NA,NA,NA,NA,NA,NA,46.047,5.116,8.372,7.907,0,"2024a","IVDIR4",20.1113333333333
43,"Switzerland",10,0,1983-10-23,198310,43520,"Christian Democratic People’s Party of Switzerland","CVP/PDC",50,"NA",229,1,1991,0.412,NA,20.405,0,NA,41,200,1,10,"NA",211,0,0,0,0,2.37,1.422,1.896,4.265,0,1.896,0,5.213,2.37,0,0,4.265,0,1.422,0,2.844,1.422,3.318,2.37,0.948,0,0,0.474,0,1.422,1.896,2.844,0.948,0,3.791,0,0,9.479,2.844,6.635,7.109,1.422,2.844,0,0.948,0,4.265,0,1.422,1.422,1.422,0,2.844,0,3.318,0,0.474,6.161,0,0,0,0,0,0,0,0,0,0,0,0,0,0,0,0,0,0,0,0,0,0,0,0,0,0,0,0,0,0,0,0,0,0,0,0,0,0,0,0,0,0,0,0,0,0,0,0,0,0,0,0,0,0,NA,NA,NA,NA,NA,NA,NA,NA,NA,NA,NA,NA,NA,NA,NA,NA,NA,NA,NA,NA,NA,NA,NA,NA,NA,NA,NA,NA,NA,NA,NA,NA,1.896,4.265,5.213,13.744,3.318,"2024a","H7HWT3",17.5894
43,"Switzerland",10,0,1983-10-23,198310,43810,"Swiss People’s Party","SVP/UDC",70,"NA",229,1,1991,0.412,NA,11.083,0,NA,23,200,1,10,"NA",607,0,0,0,0,2.471,0.165,0.165,4.119,0,0.659,0,5.437,3.624,0.165,0,3.13,0.824,1.153,0,1.318,3.624,2.142,4.283,0,0.494,0.824,1.647,3.789,0,0.165,4.613,1.977,0,4.942,0,0,6.919,5.601,1.812,2.142,1.812,5.107,0,0,0,1.153,0,1.153,0.494,0.659,0.824,1.153,0,4.778,0,4.613,10.049,0,0,0,0,0,0,0,0,0,0,0,0,0,0,0,0,0,0,0,0,0,0,0,0,0,0,0,0,0,0,0,0,0,0,0,0,0,0,0,0,0,0,0,0,0,0,0,0,0,0,0,0,0,0,NA,NA,NA,NA,NA,NA,NA,NA,NA,NA,NA,NA,NA,NA,NA,NA,NA,NA,NA,NA,NA,NA,NA,NA,NA,NA,NA,NA,NA,NA,NA,NA,2.801,6.26,8.567,3.954,0.329,"2024a","KVDFDT",17.5465333333333
43,"Switzerland",10,0,1987-10-18,198710,43320,"Social Democratic Party of Switzerland","SPS/PSS",30,"NA",229,1,1991,0.412,NA,18.417,0,NA,41,200,1,10,"NA",864,0.579,0,0,0,0.116,3.704,0.116,5.787,0,0.694,0,5.44,5.903,0.694,1.157,0.463,0.463,0.231,2.199,5.903,1.042,1.389,7.06,0.347,0,0.231,0,2.662,0.231,0.694,1.736,3.356,0.347,1.505,0,0,13.773,0,6.366,3.819,0.347,1.273,0,0,0,1.968,0,3.819,1.042,0,0,0.926,0,2.315,0,0,10.301,0,0,0,0,0,0,0,0,0,0,0,0,0,0,0,0,0,0,0,0,0,0,0,0,0,0,0,0,0,0,0,0,0,0,0,0,0,0,0,0,0,0,0,0,0,0,0,0,0,0,0,0,0,0,NA,NA,NA,NA,NA,NA,NA,NA,NA,NA,NA,NA,NA,NA,NA,NA,NA,NA,NA,NA,NA,NA,NA,NA,NA,NA,NA,NA,NA,NA,NA,NA,-9.606,10.764,2.546,10.185,3.819,"2024a","EZI3KO",21.5422
43,"Switzerland",10,0,1987-10-18,198710,43420,"Radical Democratic Party","FDP/PRD",40,"NA",229,1,1991,0.412,NA,22.933,0,NA,51,200,1,10,"NA",1578,0.57,0.063,0,0,4.816,0.063,0.38,3.295,0.76,1.521,0,8.999,4.563,1.521,0.19,3.232,0.19,1.458,0.063,0.634,6.464,2.155,4.309,0.127,1.901,0.634,1.458,0.063,0.38,1.014,8.555,1.648,0,2.345,0,0,9.506,3.105,3.169,1.648,0.253,3.866,0.127,0.127,0,2.091,0.063,0.887,1.394,0.507,0,1.774,0.063,1.458,0.19,1.521,4.88,0,0,0,0,0,0,0,0,0,0,0,0,0,0,0,0,0,0,0,0,0,0,0,0,0,0,0,0,0,0,0,0,0,0,0,0,0,0,0,0,0,0,0,0,0,0,0,0,0,0,0,0,0,0,NA,NA,NA,NA,NA,NA,NA,NA,NA,NA,NA,NA,NA,NA,NA,NA,NA,NA,NA,NA,NA,NA,NA,NA,NA,NA,NA,NA,NA,NA,NA,NA,10.837,6.084,8.809,4.816,0.444,"2024a","FGKOZP",20.1113333333333
43,"Switzerland",10,0,1987-10-18,198710,43520,"Christian Democratic People’s Party of Switzerland","CVP/PDC",50,"NA",229,1,1991,0.412,NA,20.025,0,NA,42,200,1,10,"NA",676,0,0,0,0,0.444,0,0.592,3.994,2.071,0.888,0,1.627,1.036,0.74,0.148,1.627,0.296,1.479,0,2.071,2.515,4.882,1.331,0.148,0.592,1.331,0.296,0,1.775,0.74,8.432,5.03,0,1.183,0,0,18.639,1.775,3.846,2.071,0.592,5.621,0,0.148,0,3.254,0,3.254,2.367,0.148,0,2.959,0,4.438,0,0.74,4.882,0,0,0,0,0,0,0,0,0,0,0,0,0,0,0,0,0,0,0,0,0,0,0,0,0,0,0,0,0,0,0,0,0,0,0,0,0,0,0,0,0,0,0,0,0,0,0,0,0,0,0,0,0,0,NA,NA,NA,NA,NA,NA,NA,NA,NA,NA,NA,NA,NA,NA,NA,NA,NA,NA,NA,NA,NA,NA,NA,NA,NA,NA,NA,NA,NA,NA,NA,NA,-0.74,6.509,3.698,5.917,0.592,"2024a","9YVAM4",17.5894
43,"Switzerland",10,0,1987-10-18,198710,43810,"Swiss People’s Party","SVP/UDC",70,"NA",229,1,1991,0.412,NA,11.024,0,NA,25,200,1,10,"NA",725,0,0,0,0,2.759,0,0.69,3.862,0.276,0.552,0,3.31,2.897,0.138,0,2.897,0.69,1.379,0,0.138,3.31,1.655,4.828,0.69,0.552,0.69,1.379,4.69,0,0.414,8.966,2.621,0,2.345,0,0,12.276,5.655,1.931,3.034,0.828,5.241,0,0.276,0,1.793,0,0.966,0.276,0.69,0,0.138,0,3.724,0,4.69,6.759,0,0,0,0,0,0,0,0,0,0,0,0,0,0,0,0,0,0,0,0,0,0,0,0,0,0,0,0,0,0,0,0,0,0,0,0,0,0,0,0,0,0,0,0,0,0,0,0,0,0,0,0,0,0,NA,NA,NA,NA,NA,NA,NA,NA,NA,NA,NA,NA,NA,NA,NA,NA,NA,NA,NA,NA,NA,NA,NA,NA,NA,NA,NA,NA,NA,NA,NA,NA,-5.517,8.138,5.655,4.966,0.69,"2024a","4DDGJ7",17.5465333333333
43,"Switzerland",10,0,1991-10-20,199110,43320,"Social Democratic Party of Switzerland","SPS/PSS",30,"NA",230,1,1996,0.645,NA,18.491,0,NA,41,200,1,10,"NA",163,15.951,0,0,0,0,2.454,0,1.84,5.521,0,0,0,13.497,0,0,0.613,0,0,0,2.454,0,1.227,4.908,0,0,0,0,3.067,1.227,0,3.681,0,0,0.613,0,0,4.294,0,15.951,6.135,0,0.613,0,0,0,0,0,1.227,0,0,0,0.613,0,6.135,0,0.613,7.362,0,0,0,0,0,0,0,0,0,0,0,0,0,0,0,0,0,0,0,0,0,0,0,0,0,0,0,0,0,0,0,0,0,0,0,0,0,0,0,0,0,0,0,0,0,0,0,0,0,0,0,0,0,0,NA,NA,NA,NA,NA,NA,NA,NA,NA,NA,NA,NA,NA,NA,NA,NA,NA,NA,NA,NA,NA,NA,NA,NA,NA,NA,NA,NA,NA,NA,NA,NA,-24.54,4.908,0.613,22.086,2.454,"2024a","8QF77S",21.5422
43,"Switzerland",10,0,1991-10-20,199110,43420,"Radical Democratic Party","FDP/PRD",40,"NA",230,1,1996,0.645,NA,20.991,0,NA,44,200,1,10,"NA",272,1.103,0,0,0,0,0,0,1.838,1.838,0,0,15.441,5.515,0.368,0,0,0,6.618,0,0.368,2.574,0,2.941,0,0,0,0,1.103,0,0.735,16.176,0,0,2.206,0,0,6.985,1.471,4.412,2.941,0,1.838,0,1.103,0,0,0,0,16.912,4.044,0,0,0,0,0,0,1.471,0,0,0,0,0,0,0,0,0,0,0,0,0,0,0,0,0,0,0,0,0,0,0,0,0,0,0,0,0,0,0,0,0,0,0,0,0,0,0,0,0,0,0,0,0,0,0,0,0,0,0,0,0,0,NA,NA,NA,NA,NA,NA,NA,NA,NA,NA,NA,NA,NA,NA,NA,NA,NA,NA,NA,NA,NA,NA,NA,NA,NA,NA,NA,NA,NA,NA,NA,NA,23.897,2.941,4.779,7.353,0,"2024a","RDHYQE",20.1113333333333
43,"Switzerland",10,0,1991-10-20,199110,43520,"Christian Democratic People’s Party of Switzerland","CVP/PDC",50,"NA",230,1,1996,0.645,NA,18.199,0,NA,36,200,1,10,"NA",306,0,0,0,0,2.288,0,1.634,4.902,3.595,0,0,4.248,5.229,0.327,0,2.614,0,3.922,0,0,0,0,1.307,0,1.307,0,0,1.307,0,1.307,9.804,0,0,1.961,0,0,11.438,0.98,6.209,12.745,0.327,5.229,0,0.98,0,2.288,0,0.654,2.288,1.961,0,0.98,0,5.229,0,0.327,2.614,0,0,0,0,0,0,0,0,0,0,0,0,0,0,0,0,0,0,0,0,0,0,0,0,0,0,0,0,0,0,0,0,0,0,0,0,0,0,0,0,0,0,0,0,0,0,0,0,0,0,0,0,0,0,NA,NA,NA,NA,NA,NA,NA,NA,NA,NA,NA,NA,NA,NA,NA,NA,NA,NA,NA,NA,NA,NA,NA,NA,NA,NA,NA,NA,NA,NA,NA,NA,-16.667,1.307,1.961,18.954,1.634,"2024a","W5LCTV",17.5894
43,"Switzerland",10,0,1991-10-20,199110,43810,"Swiss People’s Party","SVP/UDC",70,"NA",230,1,1996,0.645,NA,11.9,0,NA,25,200,1,10,"NA",231,6.926,0,0,0,3.03,0,0.433,6.926,0,0.433,1.299,3.03,2.597,0,0,0.866,0,3.896,0,0,3.896,0,6.061,0,0.433,0.433,0.433,1.299,0,0.433,4.762,0,0,5.195,0,0,3.896,5.628,4.762,7.792,0.433,6.926,0,3.463,0,1.299,0,3.463,0.866,0.433,0,0,0,3.463,1.299,0.866,3.03,0,0,0,0,0,0,0,0,0,0,0,0,0,0,0,0,0,0,0,0,0,0,0,0,0,0,0,0,0,0,0,0,0,0,0,0,0,0,0,0,0,0,0,0,0,0,0,0,0,0,0,0,0,0,NA,NA,NA,NA,NA,NA,NA,NA,NA,NA,NA,NA,NA,NA,NA,NA,NA,NA,NA,NA,NA,NA,NA,NA,NA,NA,NA,NA,NA,NA,NA,NA,-6.061,6.061,9.091,12.554,0.433,"2024a","K4SANK",17.5465333333333
43,"Switzerland",10,0,1995-10-22,199510,43320,"Social Democratic Party of Switzerland","SPS/PSS",30,"NA",230,1,1996,0.645,NA,21.908,0,NA,54,200,1,10,"NA",245,1.224,0,0,0,0,3.265,0,2.857,7.347,0,0,0.408,6.939,1.224,0,0.816,0,0,0,6.939,0,0,1.633,0,0.816,0,0,6.122,0,0,0.816,0,0,1.633,0,0,12.653,0,18.367,11.02,0,1.633,0,0,0,0,3.673,0.408,0,0,0,2.857,0,0.408,0,1.224,5.714,0,0,0,0,0,0,0,0,0,0,0,0,0,0,0,0,0,0,0,0,0,0,0,0,0,0,0,0,0,0,0,0,0,0,0,0,0,0,0,0,0,0,0,0,0,0,0,0,0,0,0,0,0,0,NA,NA,NA,NA,NA,NA,NA,NA,NA,NA,NA,NA,NA,NA,NA,NA,NA,NA,NA,NA,NA,NA,NA,NA,NA,NA,NA,NA,NA,NA,NA,NA,-19.592,1.633,1.633,29.388,3.265,"2024a","KNW2QO",21.5422
43,"Switzerland",10,0,1995-10-22,199510,43420,"Radical Democratic Party","FDP/PRD",40,"NA",230,1,1996,0.645,NA,20.288,0,NA,45,200,1,10,"NA",166,7.229,0,0,0,1.205,0,0,0,1.807,0,0,1.807,6.024,0,0,0,0,12.048,0,21.687,2.41,0,0,0,0,0,0,1.205,0,0.602,1.205,0,0,4.217,0,0,0,0,3.012,3.614,1.205,3.614,0,1.807,0,1.807,0,3.614,6.024,0,0,0,0,6.024,4.819,0.602,2.41,0,0,0,0,0,0,0,0,0,0,0,0,0,0,0,0,0,0,0,0,0,0,0,0,0,0,0,0,0,0,0,0,0,0,0,0,0,0,0,0,0,0,0,0,0,0,0,0,0,0,0,0,0,0,NA,NA,NA,NA,NA,NA,NA,NA,NA,NA,NA,NA,NA,NA,NA,NA,NA,NA,NA,NA,NA,NA,NA,NA,NA,NA,NA,NA,NA,NA,NA,NA,32.53,0,6.627,6.627,0,"2024a","ZSNFYE",20.1113333333333
43,"Switzerland",10,0,1995-10-22,199510,43520,"Christian Democratic People’s Party of Switzerland","CVP/PDC",50,"NA",230,1,1996,0.645,NA,16.882,0,NA,34,200,1,10,"NA",33,0,0,0,0,0,0,0,0,6.061,0,0,0,12.121,6.061,0,0,0,3.03,0,0,3.03,9.091,3.03,0,0,0,0,0,0,0,0,0,0,3.03,0,0,0,0,3.03,18.182,0,0,0,3.03,0,0,0,12.121,0,0,0,0,0,0,0,3.03,15.152,0,0,0,0,0,0,0,0,0,0,0,0,0,0,0,0,0,0,0,0,0,0,0,0,0,0,0,0,0,0,0,0,0,0,0,0,0,0,0,0,0,0,0,0,0,0,0,0,0,0,0,0,0,0,NA,NA,NA,NA,NA,NA,NA,NA,NA,NA,NA,NA,NA,NA,NA,NA,NA,NA,NA,NA,NA,NA,NA,NA,NA,NA,NA,NA,NA,NA,NA,NA,3.03,3.03,6.061,21.212,0,"2024a","KU9UEK",17.5894
43,"Switzerland",10,0,1995-10-22,199510,43810,"Swiss People’s Party","SVP/UDC",70,"NA",230,1,1996,0.645,NA,14.979,0,NA,29,200,1,10,"NA",434,0.691,0,0,0,2.995,0,0,4.608,0,0,0.461,1.843,2.765,1.152,0,1.152,0,8.065,0,0.23,5.3,2.074,1.382,0,0.23,0.23,0,0.922,0,0.23,1.843,0,0,11.521,0,0,5.069,0.23,4.839,5.76,1.152,5.53,0.461,0.691,0,1.843,0,10.829,3.917,0.461,0,0,0,3.687,5.069,1.843,0.922,0,0,0,0,0,0,0,0,0,0,0,0,0,0,0,0,0,0,0,0,0,0,0,0,0,0,0,0,0,0,0,0,0,0,0,0,0,0,0,0,0,0,0,0,0,0,0,0,0,0,0,0,0,0,NA,NA,NA,NA,NA,NA,NA,NA,NA,NA,NA,NA,NA,NA,NA,NA,NA,NA,NA,NA,NA,NA,NA,NA,NA,NA,NA,NA,NA,NA,NA,NA,23.272,1.382,16.82,10.599,0,"2024a","9RDV3Q",17.5465333333333
43,"Switzerland",10,0,1999-10-24,199910,43320,"Social Democratic Party of Switzerland","SPS/PSS",30,"NA",204,1,2001,0.903,NA,22.47,0,NA,51,200,1,20,"2024-1",509,0.589,0,0,0,0,0.982,0,5.305,3.536,0,0,2.161,3.143,0.982,0,2.161,0,3.536,0,2.161,0,0,7.073,0,0.589,0.196,0,0.589,1.375,1.179,4.322,2.947,0,0.786,0,4.912,1.179,2.947,7.662,12.181,0,5.305,0,0.393,0,0,0,0.393,1.572,0.786,0,2.75,0,0.196,0,6.483,9.627,0,0,0,0,0,0,0,0,0,0,0,0,0,0,0,0,0,0,0,0,0,0,0,0,0,0,0,0,0,0,0,0,0,0,0,0,0,0,0,0,0,0,0,0,0,0,0,0,0,0,0,0,0,0,NA,NA,NA,NA,NA,NA,NA,NA,NA,NA,NA,NA,NA,NA,NA,NA,NA,NA,NA,NA,NA,NA,NA,NA,NA,NA,NA,NA,NA,NA,NA,NA,-31.434,10.02,0.786,19.843,0.982,"2024a","4EW1KN",21.5422
43,"Switzerland",10,0,1999-10-24,199910,43420,"Radical Democratic Party","FDP/PRD",40,"NA",204,1,2001,0.903,NA,19.92,0,NA,43,200,1,20,"2024-1",375,6.667,0,0,0,3.2,0,0.267,8,3.467,1.6,0.8,0.533,0,0,0,0,2.4,8.267,0,14.667,7.2,2.667,1.333,0,0.267,0,0.533,2.667,0,0.267,4,0,0,0.267,0,0.267,1.067,0,1.867,0.8,5.867,4.533,0,4.8,0,0.267,0,6.933,2.133,0.533,1.067,0.8,0,0,0,0,0,0,0,0,0,0,0,0,0,0,0,0,0,0,0,0,0,0,0,0,0,0,0,0,0,0,0,0,0,0,0,0,0,0,0,0,0,0,0,0,0,0,0,0,0,0,0,0,0,0,0,0,0,0,0,NA,NA,NA,NA,NA,NA,NA,NA,NA,NA,NA,NA,NA,NA,NA,NA,NA,NA,NA,NA,NA,NA,NA,NA,NA,NA,NA,NA,NA,NA,NA,NA,33.333,1.333,7.467,2.667,0.267,"2024a","ZKZO4M",20.1113333333333
43,"Switzerland",10,0,1999-10-24,199910,43520,"Christian Democratic People’s Party of Switzerland","CVP/PDC",50,"NA",204,1,2001,0.903,NA,15.85,0,NA,35,200,1,20,"NA",1186,2.614,0.084,0,0,1.518,0,0.084,7.42,3.457,0.675,0,0.59,2.614,3.204,0,0.59,0.337,5.481,0.169,3.71,2.361,2.614,0.927,0.084,0,2.698,0,2.361,0,0,1.18,0,0,0,0,3.879,2.108,0.084,2.951,6.324,11.13,4.553,0,2.782,0,3.204,0,5.396,1.771,0.59,2.192,0.084,0,5.818,0,1.18,1.18,0,0,0,0,0,0,0,0,0,0,0,0,0,0,0,0,0,0,0,0,0,0,0,0,0,0,0,0,0,0,0,0,0,0,0,0,0,0,0,0,0,0,0,0,0,0,0,0,0,0,0,0,0,0,NA,NA,NA,NA,NA,NA,NA,NA,NA,NA,NA,NA,NA,NA,NA,NA,NA,NA,NA,NA,NA,NA,NA,NA,NA,NA,NA,NA,NA,NA,NA,NA,13.491,1.012,2.361,9.275,0.084,"2024a","ZEY7R4",17.5894
43,"Switzerland",10,0,1999-10-24,199910,43810,"Swiss People’s Party","SVP/UDC",70,"NA",204,1,2001,0.903,NA,22.54,0,NA,44,200,1,20,"2024-1",878,0.456,0,0.228,0,1.481,0,0.228,3.531,0.683,0.342,2.847,0.456,1.253,0,0,0.797,0,2.847,0,2.847,5.467,5.125,1.025,0,0.114,0,0,2.847,0,0.683,11.731,0,0,0.797,0,0.456,1.708,7.517,1.936,4.442,5.695,3.075,0,5.353,0,3.189,0,9.112,1.481,0.456,1.025,0.797,0,5.353,0,0.114,2.506,0,0,0,0,0,0,0,0,0,0,0,0,0,0,0,0,0,0,0,0,0,0,0,0,0,0,0,0,0,0,0,0,0,0,0,0,0,0,0,0,0,0,0,0,0,0,0,0,0,0,0,0,0,0,NA,NA,NA,NA,NA,NA,NA,NA,NA,NA,NA,NA,NA,NA,NA,NA,NA,NA,NA,NA,NA,NA,NA,NA,NA,NA,NA,NA,NA,NA,NA,NA,26.651,1.025,6.264,6.378,0.456,"2024a","B799E4",17.5465333333333
43,"Switzerland",10,0,2003-10-19,200310,43320,"Social Democratic Party of Switzerland","SPS/PSS",30,"NA",108,999,2004,0.999,NA,23.088,0,NA,52,200,1,20,"2024-1",783,0.128,0,0,0,0.639,2.043,0.383,5.236,6.641,0.128,0,0.639,4.342,0,0,0.128,1.277,2.299,0.383,0.383,0.511,0.766,5.619,0.128,0.128,0.128,0,0.128,0.383,0.511,3.448,0,3.448,0.766,0,0.128,9.323,0.383,6.897,11.622,0,4.47,0,0.255,0.766,1.66,4.087,2.682,0.511,0.639,0.255,8.94,0,0.128,0.128,3.065,3.448,0,0,0,0,0,0,0,0,0,0,0,0,0,0,0,0,0,0,0,0,0,0,0,0,0,0,0,0,0,0,0,0,0,0,0,0,0,0,0,0,0,0,0,0,0,0,0,0,0,0,0,0,0,0,NA,NA,NA,NA,NA,NA,NA,NA,NA,NA,NA,NA,NA,NA,NA,NA,NA,NA,NA,NA,NA,NA,NA,NA,NA,NA,NA,NA,NA,NA,NA,NA,-37.548,5.747,1.277,18.519,2.427,"2024a","FB2PKD",21.5422
43,"Switzerland",10,0,2003-10-19,200310,43420,"Radical Democratic Party","FDP/PRD",40,"NA",108,999,2004,0.999,NA,17.12,0,NA,36,200,1,20,"NA",481,0,0,0,0,1.871,0,0.624,3.326,2.911,3.534,0.208,5.198,3.119,0,0.416,0,0.624,5.198,0,10.395,6.029,1.871,3.534,0,0,0,0.416,0.624,0,1.455,8.108,0,0,3.534,0,0,1.247,0.624,2.495,5.198,1.247,5.198,0.208,1.663,0,2.079,0.832,4.574,0.832,1.663,2.287,2.911,0.624,0.416,0,1.455,1.455,0,0,0,0,0,0,0,0,0,0,0,0,0,0,0,0,0,0,0,0,0,0,0,0,0,0,0,0,0,0,0,0,0,0,0,0,0,0,0,0,0,0,0,0,0,0,0,0,0,0,0,0,0,0,NA,NA,NA,NA,NA,NA,NA,NA,NA,NA,NA,NA,NA,NA,NA,NA,NA,NA,NA,NA,NA,NA,NA,NA,NA,NA,NA,NA,NA,NA,NA,NA,15.8,3.534,9.563,7.692,0.624,"2024a","2C99ZS",20.1113333333333
43,"Switzerland",10,0,2003-10-19,200310,43520,"Christian Democratic People’s Party of Switzerland","CVP/PDC",50,"NA",108,999,2004,0.999,NA,14.235,0,NA,28,200,1,20,"NA",153,0,0,0,0,0,0,0,1.307,0,0,0,2.614,0,0,0,0.654,0,1.307,0,7.19,5.229,2.614,6.536,0,0,0,0,0.654,0,0.654,5.882,0,0,0,0,0,0.654,0,2.614,2.614,0,1.961,0,0,0,15.686,0,1.307,17.647,3.922,13.072,0.654,0,0,1.307,1.961,1.961,0,0,0,0,0,0,0,0,0,0,0,0,0,0,0,0,0,0,0,0,0,0,0,0,0,0,0,0,0,0,0,0,0,0,0,0,0,0,0,0,0,0,0,0,0,0,0,0,0,0,0,0,0,0,NA,NA,NA,NA,NA,NA,NA,NA,NA,NA,NA,NA,NA,NA,NA,NA,NA,NA,NA,NA,NA,NA,NA,NA,NA,NA,NA,NA,NA,NA,NA,NA,39.216,6.536,5.229,5.229,0,"2024a","MXF17S",17.5894
43,"Switzerland",10,0,2003-10-19,200310,43810,"Swiss People’s Party","SVP/UDC",70,"NA",108,999,2004,0.999,NA,26.45,0,NA,55,200,1,20,"2024-1",1370,0.292,0,0,0,0.876,0,0.292,0.876,0.657,3.139,3.577,4.964,3.796,0,0.073,1.022,0,3.869,3.358,3.212,6.934,2.336,2.044,0,0,0.365,0.365,0.219,0.073,0.365,9.708,0,0,13.139,0.073,0,0.438,1.241,0.511,1.825,2.263,2.117,0.219,5.62,0,5.036,0,7.591,0.365,0.219,1.241,0.219,0.292,2.482,0.146,0.146,2.409,0,0,0,0,0,0,0,0,0,0,0,0,0,0,0,0,0,0,0,0,0,0,0,0,0,0,0,0,0,0,0,0,0,0,0,0,0,0,0,0,0,0,0,0,0,0,0,0,0,0,0,0,0,0,NA,NA,NA,NA,NA,NA,NA,NA,NA,NA,NA,NA,NA,NA,NA,NA,NA,NA,NA,NA,NA,NA,NA,NA,NA,NA,NA,NA,NA,NA,NA,NA,41.168,2.044,20.073,2.336,0.292,"2024a","BBKRNM",17.5465333333333
43,"Switzerland",10,0,2007-10-21,200710,43320,"Social Democratic Party of Switzerland","SPS/PSS",30,"NA",306,4,2013,0.842,0.75,19.546,0,NA,43,200,1,71,"2024-1",1143,0.875,0,0,0,0,1.575,0.875,4.462,2.275,2.975,0.175,4.374,2.275,0,0,0.262,3.237,0,0,1.487,0,0.087,8.486,0,0,0.175,0.875,0,0.087,3.325,2.8,0,1.4,0.262,0,0,13.473,3.587,12.948,8.049,0,3.675,0,0,0,0.262,1.925,3.587,1.4,1.137,1.4,5.424,0,0.787,0,0,0,0,0,0,0,0,0,0,0,0,0,0,0,0,0,0,0,0,0,0,0,0,0,0,0,0,0,0,0,0,0,0,0,0,0,0,0,0,0,0,0,0,0,0,0,0,0,0,0,0,0,0,0,0,0,NA,NA,NA,NA,NA,NA,NA,NA,NA,NA,NA,NA,NA,NA,NA,NA,NA,NA,NA,NA,NA,NA,NA,NA,NA,NA,NA,NA,NA,NA,NA,NA,-24.059,8.486,0.262,20.997,2.45,"2024a","3ZFQR9",21.5422
43,"Switzerland",10,0,2007-10-21,200710,43420,"Radical Democratic Party","FDP/PRD",40,"NA",306,4,2013,0.842,0.75,15.762,0,NA,31,200,1,71,"2024-1",127,0.787,0,0,0,1.575,0,1.575,3.937,0,0,1.575,3.937,3.15,0,0,0,0,4.724,0,31.496,3.937,3.937,0,0,0,0,0,0,0,3.15,6.299,0,0,0.787,0,0,0.787,0,10.236,1.575,0,3.15,0,6.299,0,0,0,0,0,0.787,0,6.299,0,0,0,0,0,0,0,0,0,0,0,0,0,0,0,0,0,0,0,0,0,0,0,0,0,0,0,0,0,0,0,0,0,0,0,0,0,0,0,0,0,0,0,0,0,0,0,0,0,0,0,0,0,0,0,0,0,0,0,NA,NA,NA,NA,NA,NA,NA,NA,NA,NA,NA,NA,NA,NA,NA,NA,NA,NA,NA,NA,NA,NA,NA,NA,NA,NA,NA,NA,NA,NA,NA,NA,32.283,0,4.724,11.811,1.575,"2024a","1F3XPD",20.1113333333333
43,"Switzerland",10,0,2007-10-21,200710,43520,"Christian Democratic People’s Party of Switzerland","CVP/PDC",50,"NA",306,4,2013,0.842,0.75,14.479,0,NA,31,200,1,71,"2024-1",125,0,0,0,0,0,0,0,0,2.4,0,0.8,0,0,0,0,0.8,0,2.4,0,1.6,3.2,1.6,6.4,0,0,0,0.8,1.6,0,1.6,3.2,0,0,0,0,0,26.4,0,8.8,10.4,2.4,5.6,0,0,0,2.4,3.2,4.8,0,0,2.4,4.8,0,2.4,0,0,0,0,0,0,0,0,0,0,0,0,0,0,0,0,0,0,0,0,0,0,0,0,0,0,0,0,0,0,0,0,0,0,0,0,0,0,0,0,0,0,0,0,0,0,0,0,0,0,0,0,0,0,0,0,0,NA,NA,NA,NA,NA,NA,NA,NA,NA,NA,NA,NA,NA,NA,NA,NA,NA,NA,NA,NA,NA,NA,NA,NA,NA,NA,NA,NA,NA,NA,NA,NA,-10.4,6.4,3.2,19.2,0,"2024a","94JQBR",17.5894
43,"Switzerland",10,0,2007-10-21,200710,43810,"Swiss People’s Party","SVP/UDC",70,"NA",306,4,2013,0.842,0.75,28.897,0,NA,62,200,1,71,"2024-1",1060,2.358,0,0,0,3.868,0,0,0.189,0.094,6.792,3.113,2.925,1.226,0,0,4.528,0,2.925,0.472,6.038,5.377,2.547,0,0,0,0,0,0.189,0,2.547,3.585,0,0,5.094,0,0,1.792,2.736,1.226,2.925,7.547,3.491,0,2.925,0,2.83,0.377,11.981,0.472,0,2.736,0.66,0.472,3.962,0,0,0,0,0,0,0,0,0,0,0,0,0,0,0,0,0,0,0,0,0,0,0,0,0,0,0,0,0,0,0,0,0,0,0,0,0,0,0,0,0,0,0,0,0,0,0,0,0,0,0,0,0,0,0,0,0,NA,NA,NA,NA,NA,NA,NA,NA,NA,NA,NA,NA,NA,NA,NA,NA,NA,NA,NA,NA,NA,NA,NA,NA,NA,NA,NA,NA,NA,NA,NA,NA,43.113,0,10.472,4.151,0,"2024a","IQEETH",17.5465333333333
43,"Switzerland",10,0,2011-10-23,201110,43320,"Social Democratic Party of Switzerland","SPS/PSS",30,"NA",306,4,2014,0.842,0.75,18.722,0,NA,46,200,1,80,"2024-1",71,0,0,0,0,0,0,0,0,0,0,0,0,0,0,0,0,0,0,0,5.634,0,0,15.493,0,0,0,0,0,0,0,4.225,8.451,0,0,0,0,5.634,2.817,11.268,28.169,0,14.085,0,0,0,0,1.408,0,0,0,0,2.817,0,0,0,0,0,0,0,0,0,0,0,0,0,0,0,0,0,0,0,0,0,0,0,0,0,0,0,0,0,0,0,0,0,0,0,0,0,0,0,0,0,0,0,0,0,0,0,0,0,0,0,0,0,0,0,0,0,0,0,NA,NA,NA,NA,NA,NA,NA,NA,NA,NA,NA,NA,NA,NA,NA,NA,NA,NA,NA,NA,NA,NA,NA,NA,NA,NA,NA,NA,NA,NA,NA,NA,-63.38,23.944,0,39.437,0,"2024a","EI9XVV",21.5422
43,"Switzerland",10,0,2011-10-23,201110,43420,"FDP.The Liberals","FDP/PLR",40,"NA",306,4,2014,0.842,0.75,15.105,0,NA,30,200,1,80,"2024-1",208,0.481,0,0,0,0,0,0,0.962,0,0,3.365,0,0,0,0,0,0,9.135,0,25.481,0.962,4.327,0.481,0,0,0,0,0,0,6.25,4.808,0,0,3.365,0,0,2.404,0,0.481,12.981,1.923,3.846,0,9.135,0,0,1.923,1.442,0,0,0.481,5.769,0,0,0,0,0,0,0,0,0,0,0,0,0,0,0,0,0,0,0,0,0,0,0,0,0,0,0,0,0,0,0,0,0,0,0,0,0,0,0,0,0,0,0,0,0,0,0,0,0,0,0,0,0,0,0,0,0,0,0,NA,NA,NA,NA,NA,NA,NA,NA,NA,NA,NA,NA,NA,NA,NA,NA,NA,NA,NA,NA,NA,NA,NA,NA,NA,NA,NA,NA,NA,NA,NA,NA,22.596,0.481,4.327,13.462,0,"2024a","7777H5",20.1113333333333
43,"Switzerland",10,0,2011-10-23,201110,43520,"Christian Democratic People’s Party of Switzerland","CVP/PDC",50,"NA",306,4,2014,0.842,0.75,12.304,0,NA,28,200,1,80,"2024-1",148,0,0,0,0,2.703,0,0,1.351,0,0,2.703,0,0,0,0,0,0,1.351,0,8.108,0,0.676,6.757,0,0,0,0,0,0,4.73,2.027,0,2.027,3.378,0,0,17.568,0,0,14.865,0,4.73,0,1.351,0,6.081,2.027,13.514,0,0,0,2.703,0,1.351,0,0,0,0,0,0,0,0,0,0,0,0,0,0,0,0,0,0,0,0,0,0,0,0,0,0,0,0,0,0,0,0,0,0,0,0,0,0,0,0,0,0,0,0,0,0,0,0,0,0,0,0,0,0,0,0,0,NA,NA,NA,NA,NA,NA,NA,NA,NA,NA,NA,NA,NA,NA,NA,NA,NA,NA,NA,NA,NA,NA,NA,NA,NA,NA,NA,NA,NA,NA,NA,NA,3.378,6.757,3.378,14.865,0,"2024a","BLHXU4",17.5894
43,"Switzerland",10,0,2011-10-23,201110,43810,"Swiss People’s Party","SVP/UDC",70,"NA",306,4,2014,0.842,0.75,26.556,0,NA,54,200,1,80,"2024-1",120,0,0,0,0,0,0,0,0,0,0.833,35,0.833,27.5,0,0,0.833,0,0,0,16.667,0.833,0,0,0,0,0,0,0,0,0.833,0,0,0,0.833,0,0,0,0,0,0,0,0,0,2.5,0,0,0,7.5,0,0,5,0.833,0,0,0,0,0,0,0,0,0,0,0,0,0,0,0,0,0,0,0,0,0,0,0,0,0,0,0,0,0,0,0,0,0,0,0,0,0,0,0,0,0,0,0,0,0,0,0,0,0,0,0,0,0,0,0,0,0,0,0,NA,NA,NA,NA,NA,NA,NA,NA,NA,NA,NA,NA,NA,NA,NA,NA,NA,NA,NA,NA,NA,NA,NA,NA,NA,NA,NA,NA,NA,NA,NA,NA,0.833,0,1.667,0,0,"2024a","49FTRV",17.5465333333333
43,"Switzerland",10,0,2015-10-18,201510,43320,"Social Democratic Party of Switzerland","SPS/PSS",30,"NA",339,5,2018,0.864,0.636,18.841,0,NA,43,200,1,131,"2024-1",130,0.769,0,0,0,0,0,0,0.769,4.615,0,0,1.538,3.077,0,0,0,0,0,0,6.154,0,0,3.846,0,0,0,0,0,0,0,5.385,5.385,0,0,0,0,4.615,0,17.692,25.385,0,4.615,0,0.769,0.769,0,2.308,0,0,0,0,12.308,0,0,0,0,0,0,0,0,0,0,0,0,0,0,0,0,0,0,0,0,0,0,0,0,0,0,0,0,0,0,0,0,0,0,0,0,0,0,0,0,0,0,0,0,0,0,0,0,0,0,0,0,0,0,0,0,0,0,0,0,0,0,1.538,3.077,0,0,0,6.154,0,0,0,0,0,0,0,0.769,0,0,0.769,0,0,0,0,0,0,0,0,0,0,0,0,-46.923,9.231,0,43.077,0,"2024a","LUJPID",21.5422
43,"Switzerland",10,0,2015-10-18,201510,43420,"FDP.The Liberals","FDP/PLR",40,"NA",339,5,2018,0.864,0.636,16.397,0,NA,33,200,6,131,"2024-1",111,0.901,1.802,0,0,0,0,0.901,6.306,0,5.405,6.306,9.91,10.811,0,0,4.505,0,4.505,0,8.108,0.901,0,2.703,0,0,0,0,0,0,9.91,1.802,0,0,0,0,0,4.505,0,0,0,0,2.703,0,9.009,0,0,0,3.604,0,0.901,2.703,1.802,0,0,0,0,0,0,0,0,0,0,0,0,0,0,0,0,0,0,0,0,0,0,0,0,0,0,0,0,0,0,0,0,0,0,0,0,0,0,0,0,0,0,0,0,0,0,0,0,0,0,0,0,0,0,0,0,0,0,0,0,0,9.009,0.901,9.009,0,0,1.802,8.108,0,0,0,0,0,0,0,9.009,0,0,0,3.604,0,0,0,0.901,0,0,0,2.703,0,0,0,6.306,2.703,0.901,0,0.901,"2024a","YX8YVP",20.1113333333333
43,"Switzerland",10,0,2015-10-18,201510,43520,"Christian Democratic People’s Party of Switzerland","CVP/PDC",50,"NA",339,5,2018,0.864,0.636,11.716,0,NA,28,200,1,131,"2024-1",278,0,0,0,0,0,0,0,1.799,1.799,0,0.36,0.36,0.719,0,0,3.597,1.079,1.079,0,3.597,0.719,2.878,5.755,0,0,0,0.36,0,0,0.36,7.914,0,0.719,0,0,0,4.317,0,0.719,17.626,2.518,2.518,0,4.676,2.878,1.439,1.799,12.23,1.799,2.878,3.597,1.079,0,0,6.115,0,0.719,0,0,0,0,0,0,0,0,0,0,0,0,0,0,0,0,0,0,0,0,0,0,0,0,0,0,0,0,0,0,0,0,0,0,0,0,0,0,0,0,0,0,0,0,0,0,0,0,0,0,0,0,0,0,0,0,0,0.36,0.719,0,0,0,3.597,0,0,0,0,0,0,0,1.439,3.237,0,2.878,12.23,0,1.799,0,0,2.878,0,0,3.597,0,0,0,0.36,5.755,0.719,18.345,0,"2024a","IH84HB",17.5894
43,"Switzerland",10,0,2015-10-18,201510,43810,"Swiss People’s Party","SVP/UDC",70,"NA",339,5,2018,0.864,0.636,29.386,0,NA,65,200,1,131,"2024-1",1329,0.226,0,0,0,4.214,0.075,0.075,1.204,0.15,6.245,4.966,1.58,2.032,0,0,2.634,0,5.418,0,2.784,10.008,1.43,4.816,0,0,0,0.677,0,0,0.15,7.299,0.075,0,0.527,0,0.451,1.354,2.558,0.527,1.279,4.966,1.505,0,8.126,0.226,5.493,0,5.944,1.053,0.376,4.816,0.527,0,3.687,0.376,0,0.15,0,0,0,0,0,0,0,0,0,0,0,0,0,0,0,0,0,0,0,0,0,0,0,0,0,0,0,0,0,0,0,0,0,0,0,0,0,0,0,0,0,0,0,0,0,0,0,0,0,0,0,0,0,0,0,0,1.58,0,1.204,0.075,0,0.828,2.408,0.376,0,0,0,0,0,0.451,1.129,6.998,0,0.226,5.944,0.15,1.053,0,0.376,0,0,0.301,4.515,0,3.687,0,35.214,4.891,10.534,1.806,0.15,"2024a","KFUBHS",17.5465333333333
43,"Switzerland",10,0,2019-10-20,201910,43320,"Social Democratic Party of Switzerland","SPS/PSS",30,"NA",339,5,2020,0.674,0.851,16.835,0,NA,39,200,1,150,"2024-1",122,0,0,0,0,0,0,0,0,0,0,0,0,0,0,0,0,0,0,0,4.918,0,0,14.754,0,0,2.459,0,0,0,0,2.459,0,0,0,0,0,18.852,0,16.393,18.033,0,0.82,0,0,0,0,0,4.098,0,5.738,0,11.475,0,0,0,0,0,0,0,0,0,0,0,0,0,0,0,0,0,0,0,0,0,0,0,0,0,0,0,0,0,0,0,0,0,0,0,0,0,0,0,0,0,0,0,0,0,0,0,0,0,0,0,0,0,0,0,0,0,0,0,0,0,0,0,0,0,0,0,4.918,0,0,0,0,0,0,0,0,0,0,0,4.098,0,0,0,0,5.738,0,0,0,0,0,0,-38.525,14.754,0,34.426,0,"2024a","A2IIEK",21.5422
43,"Switzerland",10,0,2019-10-20,201910,43420,"FDP.The Liberals","FDP/PLR",40,"NA",339,5,2020,0.674,0.851,15.11,0,NA,29,200,6,150,"2024-1",784,0,0,0,0,0.255,0,0,2.551,6.122,0.255,0.765,6.378,0.51,0,0,1.913,0,4.592,0,1.276,6.76,2.934,0,0,0.51,0.255,2.679,0,0,0.255,16.837,2.806,0,1.02,0,4.337,4.209,0,2.041,5.74,4.592,3.061,0.128,5.867,1.02,0.128,0.383,0.128,2.551,0.255,2.296,4.592,0,0,0,0,0,0,0,0,0,0,0,0,0,0,0,0,0,0,0,0,0,0,0,0,0,0,0,0,0,0,0,0,0,0,0,0,0,0,0,0,0,0,0,0,0,0,0,0,0,0,0,0,0,0,0,0,0,0,0,0,0,6.25,0.128,0.255,0,0,0.255,1.276,0,0,0,0,0,0,4.337,3.061,2.806,0,1.02,0.128,0,2.551,0,0.128,0.128,0,0,2.296,0,0,0,15.051,2.806,7.781,7.781,0,"2024a","Y3QS28",20.1113333333333
43,"Switzerland",10,0,2019-10-20,201910,43520,"Christian Democratic People’s Party of Switzerland","CVP/PDC",50,"NA",339,5,2020,0.674,0.851,11.379,0,NA,25,200,1,150,"2024-1",313,0,0,0,0,0,0,0,6.39,3.834,0,0.319,0,1.597,0,0,0,0,0.319,0,4.473,1.917,3.195,7.668,0,0,2.875,2.875,0,0,0,5.751,0.319,0,4.473,0,6.709,8.307,0,3.834,13.419,2.875,0,0,2.236,3.514,0.958,0,0.319,0.319,0,3.514,7.029,0,0,0.958,0,0,0,0,0,0,0,0,0,0,0,0,0,0,0,0,0,0,0,0,0,0,0,0,0,0,0,0,0,0,0,0,0,0,0,0,0,0,0,0,0,0,0,0,0,0,0,0,0,0,0,0,0,0,0,0,0,0,0,0,0.639,0,0,0.958,4.473,0,0,0,0,0,0,6.709,1.278,0.958,0,3.514,0.319,0,0.319,0,0,0,0,0,3.514,0,0,0,-15.655,7.987,6.39,17.252,0,"2024a","CK13HG",17.5894
43,"Switzerland",10,0,2019-10-20,201910,43810,"Swiss People’s Party","SVP/UDC",70,"NA",339,5,2020,0.674,0.851,25.589,0,NA,53,200,1,150,"2024-1",1428,0.49,0,0,0,4.272,0.56,0,0.56,0.07,3.361,3.361,3.852,3.011,0.35,0,1.751,0.35,3.431,0,0.91,10.154,2.381,3.852,0,0,0.42,0.98,0,0,0,6.092,0,0,1.541,0,3.291,1.681,1.401,0.91,1.471,8.123,2.101,0.84,7.843,0.07,3.922,0,7.143,2.101,0,3.431,0.56,0.49,2.731,0.14,0,0,0,0,0,0,0,0,0,0,0,0,0,0,0,0,0,0,0,0,0,0,0,0,0,0,0,0,0,0,0,0,0,0,0,0,0,0,0,0,0,0,0,0,0,0,0,0,0,0,0,0,0,0,0,0,0,0,3.011,0.84,1.471,0,0,1.541,0.91,0,0,0,0,0,0,3.291,2.801,5.042,0,0.07,7.143,0.14,2.031,0.07,0,0,0,0,3.431,0,2.731,0,41.036,3.852,11.695,2.381,0.56,"2024a","LWTQUF",17.5465333333333
53,"Ireland",10,0,1961-10-04,196110,53320,"Labour Party","Labour",30,"NA",110,0,1982,NA,NA,11.649,0,NA,16,144,1,10,"NA",61,0,0,0,0,0,0,0,0,0,0,0,3.3,3.3,0,0,1.6,1.6,6.6,0,0,1.6,1.6,1.6,8.2,0,3.3,0,0,0,16.4,3.3,1.6,9.8,0,0,0,0,0,4.9,11.5,0,3.3,0,0,0,0,0,0,3.3,0,0,1.6,0,11.5,0,0,0,0,0,0,0,0,0,0,0,0,0,0,0,0,0,0,0,0,0,0,0,0,0,0,0,0,0,0,0,0,0,0,0,0,0,0,0,0,0,0,0,0,0,0,0,0,0,0,0,0,0,0,0,0,0,NA,NA,NA,NA,NA,NA,NA,NA,NA,NA,NA,NA,NA,NA,NA,NA,NA,NA,NA,NA,NA,NA,NA,NA,NA,NA,NA,NA,NA,NA,NA,NA,-34.4,11.4,1.6,16.4,0,"2024a","9FP64D",11.4520876130439
53,"Ireland",10,0,1961-10-04,196110,53520,"Family of the Irish","",50,"NA",110,0,1982,NA,NA,32.018,0,NA,47,144,1,10,"NA",174,1.2,0,5.8,0.6,0,0,0,0,0,0,0,2.3,0,0,0,1.2,0,12.6,0,8.6,0.6,10.9,0,0,0,5.2,0,1.2,0,2.9,2.9,0,0,1.2,0,0,3.4,1.2,3.4,9.8,0,3.4,0,1.7,4.6,0,0,0,3.4,0,0,0.6,0,8.6,0,0,2.9,0,0,0,0,0,0,0,0,0,0,0,0,0,0,0,0,0,0,0,0,0,0,0,0,0,0,0,0,0,0,0,0,0,0,0,0,0,0,0,0,0,0,0,0,0,0,0,0,0,0,0,0,0,0,NA,NA,NA,NA,NA,NA,NA,NA,NA,NA,NA,NA,NA,NA,NA,NA,NA,NA,NA,NA,NA,NA,NA,NA,NA,NA,NA,NA,NA,NA,NA,NA,9.1,0,1.8,13.2,5.8,"2024a","S5SN2M",30.576954256023
53,"Ireland",10,0,1961-10-04,196110,53620,"Soldiers of Destiny","",60,"NA",110,0,1982,NA,NA,43.827,0,NA,70,144,1,10,"NA",84,7.1,0,0,0,0,0,0,0,5.9,0,0,0,1.2,0,0,0,0,0,0,21.4,0,0,0,2.4,0,0,2.4,2.4,0,32.1,0,0,0,4.8,0,0,0,0,0,2.4,0,3.6,0,0,0,0,0,0,14.3,0,0,0,0,0,0,0,0,0,0,0,0,0,0,0,0,0,0,0,0,0,0,0,0,0,0,0,0,0,0,0,0,0,0,0,0,0,0,0,0,0,0,0,0,0,0,0,0,0,0,0,0,0,0,0,0,0,0,0,0,0,0,NA,NA,NA,NA,NA,NA,NA,NA,NA,NA,NA,NA,NA,NA,NA,NA,NA,NA,NA,NA,NA,NA,NA,NA,NA,NA,NA,NA,NA,NA,NA,NA,33.3,2.4,4.8,2.4,0,"2024a","E4U1SD",40.3245755866495
53,"Ireland",10,0,1965-04-07,196504,53320,"Labour Party","Labour",30,"NA",110,0,1982,NA,NA,15.381,0,NA,22,144,1,10,"NA",280,0.7,0,0,0,0,0,0,0,0,0,0,1.1,3.2,0,0,0.4,0,4.3,0,6.8,0.7,5.4,2.1,5.4,0,1.1,0,0.4,0,7.5,0.7,10.4,4.3,0,0,0,12.1,12.9,0,0,0,5.4,0,0.7,0,0,0,0,4.3,0,0,2.9,0,6.1,0,0,1.4,0,0,0,0,0,0,0,0,0,0,0,0,0,0,0,0,0,0,0,0,0,0,0,0,0,0,0,0,0,0,0,0,0,0,0,0,0,0,0,0,0,0,0,0,0,0,0,0,0,0,0,0,0,0,NA,NA,NA,NA,NA,NA,NA,NA,NA,NA,NA,NA,NA,NA,NA,NA,NA,NA,NA,NA,NA,NA,NA,NA,NA,NA,NA,NA,NA,NA,NA,NA,-15.8,17.9,0.7,0,0,"2024a","Z5EG2T",11.4520876130439
53,"Ireland",10,0,1965-04-07,196504,53520,"Family of the Irish","",50,"NA",110,0,1982,NA,NA,34.081,0,NA,47,144,1,10,"NA",575,8.7,0,1.6,0.2,0,0,0,0.5,0,0,0,2.6,2.3,0,0,2.8,0,5.6,0,4,0.9,7.6,3.5,11.1,0,1.4,0,0.2,0,1.9,0.9,6.1,0,10.3,0,0,0.9,0.2,7.3,9,0,0.9,0,0.5,1.4,0,0,0,1.4,0,0,0.2,0,3.7,0,0,2.6,0,0,0,0,0,0,0,0,0,0,0,0,0,0,0,0,0,0,0,0,0,0,0,0,0,0,0,0,0,0,0,0,0,0,0,0,0,0,0,0,0,0,0,0,0,0,0,0,0,0,0,0,0,0,NA,NA,NA,NA,NA,NA,NA,NA,NA,NA,NA,NA,NA,NA,NA,NA,NA,NA,NA,NA,NA,NA,NA,NA,NA,NA,NA,NA,NA,NA,NA,NA,-7.9,20.7,11.2,16.3,1.6,"2024a","VV1ADA",30.576954256023
53,"Ireland",10,0,1965-04-07,196504,53620,"Soldiers of Destiny","",60,"NA",110,0,1982,NA,NA,47.674,0,NA,72,144,1,10,"NA",184,12.5,0.5,1.1,0,0,0,0.5,2.2,1.1,0,0,4.4,1.1,0,2.2,2.7,0,4.4,0,11.4,0,1.6,0,2.2,0,0,0,0,0,19.6,2.7,0,0,1.1,0,0,0,0,0,8.1,0,2.7,0,1.6,0,0,0,0,2.2,0,0,6,0,8.1,0,0,0,0,0,0,0,0,0,0,0,0,0,0,0,0,0,0,0,0,0,0,0,0,0,0,0,0,0,0,0,0,0,0,0,0,0,0,0,0,0,0,0,0,0,0,0,0,0,0,0,0,0,0,0,0,0,NA,NA,NA,NA,NA,NA,NA,NA,NA,NA,NA,NA,NA,NA,NA,NA,NA,NA,NA,NA,NA,NA,NA,NA,NA,NA,NA,NA,NA,NA,NA,NA,-0.5,2.2,1.1,8.1,1.6,"2024a","JOBZA1",40.3245755866495
53,"Ireland",10,0,1969-06-16,196906,53320,"Labour Party","Labour",30,"NA",110,0,1982,NA,NA,17.021,0,NA,18,144,1,10,"NA",589,4.6,0,1,0,0,0,0,0,0,0,1.9,2.9,7.1,0,0,6.1,0,6.1,1.5,10,0,4.4,4.4,2.7,0,7.8,0.2,1.5,0,2.7,0.3,5.9,0,0,0,0,0,0,7.8,7.5,0,0.9,0,2.7,1.7,0,0,0,0.2,0,0,0.7,0,5.6,0.3,0.2,1.2,0,0,0,0,0,0,0,0,0,0,0,0,0,0,0,0,0,0,0,0,0,0,0,0,0,0,0,0,0,0,0,0,0,0,0,0,0,0,0,0,0,0,0,0,0,0,0,0,0,0,0,0,0,0,NA,NA,NA,NA,NA,NA,NA,NA,NA,NA,NA,NA,NA,NA,NA,NA,NA,NA,NA,NA,NA,NA,NA,NA,NA,NA,NA,NA,NA,NA,NA,NA,-16.6,13,0,15.3,1,"2024a","X4WHY8",11.4520876130439
53,"Ireland",10,0,1969-06-16,196906,53520,"Family of the Irish","",50,"NA",110,0,1982,NA,NA,34.099,0,NA,50,144,1,10,"NA",629,5.1,0,0,0,0,0,0,0,0,0,0,1.8,4.4,0,0,3.8,0,15.7,1.3,4.1,1.8,4.1,1,5.4,0,0.2,0,0.2,0,2.4,0.2,3.2,0,8.4,0,0,0,0,4.8,10.6,0,4.4,0,4.8,0.5,0,0,0,0.2,0,0,3.3,0,5.9,0,0,2.5,0,0,0,0,0,0,0,0,0,0,0,0,0,0,0,0,0,0,0,0,0,0,0,0,0,0,0,0,0,0,0,0,0,0,0,0,0,0,0,0,0,0,0,0,0,0,0,0,0,0,0,0,0,0,NA,NA,NA,NA,NA,NA,NA,NA,NA,NA,NA,NA,NA,NA,NA,NA,NA,NA,NA,NA,NA,NA,NA,NA,NA,NA,NA,NA,NA,NA,NA,NA,-7.3,9.6,10.2,15.4,0,"2024a","TG5OFQ",30.576954256023
53,"Ireland",10,0,1969-06-16,196906,53620,"Soldiers of Destiny","",60,"NA",110,0,1982,NA,NA,45.66,0,NA,75,144,1,10,"NA",58,0,0,6.9,0,0,0,0,0,0,0,0,5.2,0,0,0,0,0,1.7,0,3.4,10.3,0,0,0,0,0,0,0,0,6.9,0,0,0,0,0,0,0,1.7,0,10.3,0,0,13.8,20.7,0,0,0,0,6.9,0,0,1.7,0,8.6,0,0,1.7,0,0,0,0,0,0,0,0,0,0,0,0,0,0,0,0,0,0,0,0,0,0,0,0,0,0,0,0,0,0,0,0,0,0,0,0,0,0,0,0,0,0,0,0,0,0,0,0,0,0,0,0,0,0,NA,NA,NA,NA,NA,NA,NA,NA,NA,NA,NA,NA,NA,NA,NA,NA,NA,NA,NA,NA,NA,NA,NA,NA,NA,NA,NA,NA,NA,NA,NA,NA,34.5,0,10.3,10.3,6.9,"2024a","76CHPI",40.3245755866495
53,"Ireland",10,10,1973-02-28,197302,53320,"Labour Party","Labour",30,"NA",110,0,1982,NA,NA,13.673,0,NA,19,144,2,10,"NA",89,9,0,4.5,0,0,0,0,0,0,0,0,2.3,11.2,1.1,0,1.1,1.1,4.5,0,6.7,0,3.4,7.9,1.1,0,1.1,0,2.3,0,1.1,2.3,4.5,0,0,0,0,3.4,0,13.5,9,0,0,0,1.1,0,0,0,0,1.1,0,0,0,0,5.6,0,0,1.1,0,0,0,0,0,0,0,0,0,0,0,0,0,0,0,0,0,0,0,0,0,0,0,0,0,0,0,0,0,0,0,0,0,0,0,0,0,0,0,0,0,0,0,0,0,0,0,0,0,0,0,0,0,0,NA,NA,NA,NA,NA,NA,NA,NA,NA,NA,NA,NA,NA,NA,NA,NA,NA,NA,NA,NA,NA,NA,NA,NA,NA,NA,NA,NA,NA,NA,NA,NA,-19.1,13.5,0,22.5,4.5,"2024a","GGTAVC",11.4520876130439
53,"Ireland",10,10,1973-02-28,197302,53520,"Family of the Irish","",50,"NA",110,0,1982,NA,NA,35.081,0,NA,54,144,2,10,"NA",89,9,0,4.5,0,0,0,0,0,0,0,0,2.3,11.2,1.1,0,1.1,1.1,4.5,0,6.7,0,3.4,7.9,1.1,0,1.1,0,2.3,0,1.1,2.3,4.5,0,0,0,0,3.4,0,13.5,9,0,0,0,1.1,0,0,0,0,1.1,0,0,0,0,5.6,0,0,1.1,0,0,0,0,0,0,0,0,0,0,0,0,0,0,0,0,0,0,0,0,0,0,0,0,0,0,0,0,0,0,0,0,0,0,0,0,0,0,0,0,0,0,0,0,0,0,0,0,0,0,0,0,0,0,NA,NA,NA,NA,NA,NA,NA,NA,NA,NA,NA,NA,NA,NA,NA,NA,NA,NA,NA,NA,NA,NA,NA,NA,NA,NA,NA,NA,NA,NA,NA,NA,-19.1,13.5,0,22.5,4.5,"2024a","AU4RVI",30.576954256023
53,"Ireland",10,10,1973-02-28,197302,53620,"Soldiers of Destiny","",60,"NA",110,0,1982,NA,NA,46.243,0,NA,69,144,1,10,"NA",21,19,0,9.5,0,0,0,0,0,0,0,0,0,0,0,0,0,0,0,0,57.1,0,0,0,0,0,0,0,0,0,4.8,4.8,0,0,0,0,0,0,0,4.8,0,0,0,0,0,0,0,0,0,0,0,0,0,0,0,0,0,0,0,0,0,0,0,0,0,0,0,0,0,0,0,0,0,0,0,0,0,0,0,0,0,0,0,0,0,0,0,0,0,0,0,0,0,0,0,0,0,0,0,0,0,0,0,0,0,0,0,0,0,0,0,0,NA,NA,NA,NA,NA,NA,NA,NA,NA,NA,NA,NA,NA,NA,NA,NA,NA,NA,NA,NA,NA,NA,NA,NA,NA,NA,NA,NA,NA,NA,NA,NA,57.1,0,0,4.8,9.5,"2024a","SHJCKT",40.3245755866495
53,"Ireland",10,10,1977-06-16,197706,53320,"Labour Party","Labour",30,"NA",110,0,1982,NA,NA,11.629,0,NA,17,148,2,10,"NA",325,7.4,0,1.8,0,0,0,0,0.6,0,0,0,1.5,2.8,0.6,0,1.2,0,6.8,0,2.5,2.2,7.7,0.9,5.2,0,2.2,0,0.9,0,11.1,2.8,2.2,0,0.6,0,0,1.2,2.8,0.6,15.1,0,6.1,0,1.2,0,0,0,0.6,2.2,0,0,0,0,4.9,0,0,4.3,0,0,0,0,0,0,0,0,0,0,0,0,0,0,0,0,0,0,0,0,0,0,0,0,0,0,0,0,0,0,0,0,0,0,0,0,0,0,0,0,0,0,0,0,0,0,0,0,0,0,0,0,0,0,NA,NA,NA,NA,NA,NA,NA,NA,NA,NA,NA,NA,NA,NA,NA,NA,NA,NA,NA,NA,NA,NA,NA,NA,NA,NA,NA,NA,NA,NA,NA,NA,-16,8.3,2.8,15.7,1.8,"2024a","1QT7NW",11.4520876130439
53,"Ireland",10,10,1977-06-16,197706,53520,"Family of the Irish","",50,"NA",110,0,1982,NA,NA,30.49,0,NA,43,148,2,10,"NA",325,7.4,0,1.8,0,0,0,0,0.6,0,0,0,1.5,2.8,0.6,0,1.2,0,6.8,0,2.5,2.2,7.7,0.9,5.2,0,2.2,0,0.9,0,11.1,2.8,2.2,0,0.6,0,0,1.2,2.8,0.6,15.1,0,6.1,0,1.2,0,0,0,0.6,2.2,0,0,0,0,4.9,0,0,4.3,0,0,0,0,0,0,0,0,0,0,0,0,0,0,0,0,0,0,0,0,0,0,0,0,0,0,0,0,0,0,0,0,0,0,0,0,0,0,0,0,0,0,0,0,0,0,0,0,0,0,0,0,0,0,NA,NA,NA,NA,NA,NA,NA,NA,NA,NA,NA,NA,NA,NA,NA,NA,NA,NA,NA,NA,NA,NA,NA,NA,NA,NA,NA,NA,NA,NA,NA,NA,-16,8.3,2.8,15.7,1.8,"2024a","EY6YON",30.576954256023
53,"Ireland",10,10,1977-06-16,197706,53620,"Soldiers of Destiny","",60,"NA",110,0,1982,NA,NA,50.63,0,NA,84,148,1,10,"NA",482,4.4,0,1,0,1.9,0,0.2,1.7,1,0,0,4.1,1.7,0.8,0,1.7,0,9.3,0,0.6,0.6,7.7,1.9,2.3,0,6.6,0,1,0.4,8.7,7.1,3.3,0.4,0.8,0,0,0.6,0.6,2.7,4.1,0,3.7,0,3.3,0,0.4,0,2.1,0.6,0,0,1.2,0,6.9,0,0,4.4,0,0,0,0,0,0,0,0,0,0,0,0,0,0,0,0,0,0,0,0,0,0,0,0,0,0,0,0,0,0,0,0,0,0,0,0,0,0,0,0,0,0,0,0,0,0,0,0,0,0,0,0,0,0,NA,NA,NA,NA,NA,NA,NA,NA,NA,NA,NA,NA,NA,NA,NA,NA,NA,NA,NA,NA,NA,NA,NA,NA,NA,NA,NA,NA,NA,NA,NA,NA,-4.2,7.5,1.4,6.8,1.2,"2024a","3GM2HJ",40.3245755866495
53,"Ireland",10,10,1981-06-11,198106,53320,"Labour Party","Labour",30,"NA",110,0,1982,NA,NA,9.893,0,NA,15,166,1,10,"NA",105,1,0,1.9,0,1,0,1.9,1.9,1,0,0,1.9,2.9,0,0,1,0,7.6,1,6.7,1.9,1.9,1,4.8,0,1,0,1,0,5.7,4.8,4.8,2.9,3.8,0,0,1.9,1.9,13.3,4.8,0,1.9,0,2.9,0,0,0,1,0,0,0,1.9,0,1.9,0,0,5.7,0,0,0,0,0,0,0,0,0,0,0,0,0,0,0,0,0,0,0,0,0,0,0,0,0,0,0,0,0,0,0,0,0,0,0,0,0,0,0,0,0,0,0,0,0,0,0,0,0,0,0,0,0,0,NA,NA,NA,NA,NA,NA,NA,NA,NA,NA,NA,NA,NA,NA,NA,NA,NA,NA,NA,NA,NA,NA,NA,NA,NA,NA,NA,NA,NA,NA,NA,NA,-8.7,10.6,5.7,18.1,3.8,"2024a","14FAGJ",11.4520876130439
53,"Ireland",10,10,1981-06-11,198106,53520,"Family of the Irish","",50,"NA",110,0,1982,NA,NA,36.455,0,NA,65,166,1,10,"NA",121,1.7,0,2.5,0,0,0,0,0.8,0,0,0,0.8,2.5,0,0,1.7,0,13.2,0,5,1.7,9.9,1.7,1.7,0,0.8,0,0,0,5.8,5,2.5,0,3.3,0,0,2.5,2.5,9.1,5.8,0,2.5,0,3.3,0,0,0,0.8,1.7,0,0,0.8,0,5,0,0,5.8,0,0,0,0,0,0,0,0,0,0,0,0,0,0,0,0,0,0,0,0,0,0,0,0,0,0,0,0,0,0,0,0,0,0,0,0,0,0,0,0,0,0,0,0,0,0,0,0,0,0,0,0,0,0,NA,NA,NA,NA,NA,NA,NA,NA,NA,NA,NA,NA,NA,NA,NA,NA,NA,NA,NA,NA,NA,NA,NA,NA,NA,NA,NA,NA,NA,NA,NA,NA,7.4,5.9,5,14.9,2.5,"2024a","I6LF29",30.576954256023
53,"Ireland",10,10,1981-06-11,198106,53620,"Soldiers of Destiny","",60,"NA",110,0,1982,NA,NA,45.257,0,NA,78,166,1,10,"NA",171,0,0,1.2,0,1.2,0,0.6,1.8,0.6,0,0,0,1.8,0,0,2.9,0,22.2,0,2.3,0.6,3.5,0,1.2,0,1.2,0.6,0.6,0,7.6,8.2,1.8,0,0.6,0,0,2.9,2.3,5.3,5.3,0,3.5,0,3.5,0,0.6,0,2.9,0.6,0,0,0.6,0,7.6,0,0,4.7,0,0,0,0,0,0,0,0,0,0,0,0,0,0,0,0,0,0,0,0,0,0,0,0,0,0,0,0,0,0,0,0,0,0,0,0,0,0,0,0,0,0,0,0,0,0,0,0,0,0,0,0,0,0,NA,NA,NA,NA,NA,NA,NA,NA,NA,NA,NA,NA,NA,NA,NA,NA,NA,NA,NA,NA,NA,NA,NA,NA,NA,NA,NA,NA,NA,NA,NA,NA,-1.4,3,1.2,10.6,1.8,"2024a","K7Y6JT",40.3245755866495
53,"Ireland",10,10,1982-02-18,198202,53320,"Labour Party","Labour",30,"NA",804,0,1990,NA,NA,9.121,0,NA,15,166,1,10,"NA",29,0,6.897,0,0,0,0,0,6.897,0,3.448,0,0,0,0,0,0,0,0,0,0,0,3.448,0,3.448,0,0,0,0,0,0,0,0,0,10.345,0,0,0,0,20.69,17.241,0,3.448,0,0,0,0,3.448,0,0,0,0,3.448,0,6.897,0,0,10.345,0,0,0,0,0,0,0,0,0,0,0,0,0,0,0,0,0,0,0,0,0,0,0,0,0,0,0,0,0,0,0,0,0,0,0,0,0,0,0,0,0,0,0,0,0,0,0,0,0,0,0,0,0,0,NA,NA,NA,NA,NA,NA,NA,NA,NA,NA,NA,NA,NA,NA,NA,NA,NA,NA,NA,NA,NA,NA,NA,NA,NA,NA,NA,NA,NA,NA,NA,NA,-20.69,3.448,10.345,37.931,0,"2024a","9K5E5Y",11.4520876130439
53,"Ireland",10,10,1982-02-18,198202,53520,"Family of the Irish","",50,"NA",804,0,1990,NA,NA,37.3,0,NA,63,166,1,10,"NA",163,0,0.613,0,0,0,0,0,0,0,0.613,0,0,0,0,0,0,0,0,0,8.589,1.84,5.521,6.135,0,0,1.84,0,0,0,4.294,5.521,0,0,26.994,0,0,0.613,0,4.908,8.589,0.613,0.613,0,0,0,0,0,0,2.454,0,0,14.724,0,3.067,0,0,2.454,0,0,0,0,0,0,0,0,0,0,0,0,0,0,0,0,0,0,0,0,0,0,0,0,0,0,0,0,0,0,0,0,0,0,0,0,0,0,0,0,0,0,0,0,0,0,0,0,0,0,0,0,0,0,NA,NA,NA,NA,NA,NA,NA,NA,NA,NA,NA,NA,NA,NA,NA,NA,NA,NA,NA,NA,NA,NA,NA,NA,NA,NA,NA,NA,NA,NA,NA,NA,14.11,6.135,28.834,13.497,0,"2024a","K7XUXC",30.576954256023
53,"Ireland",10,10,1982-02-18,198202,53620,"Soldiers of Destiny","",60,"NA",804,0,1990,NA,NA,47.261,0,NA,81,166,1,10,"NA",25,0,4,0,0,0,0,0,0,4,0,0,0,0,0,0,0,0,4,0,0,0,4,0,0,0,0,0,4,0,0,4,0,0,0,0,0,0,0,0,12,0,4,0,0,4,0,0,12,0,0,0,8,0,12,0,0,24,0,0,0,0,0,0,0,0,0,0,0,0,0,0,0,0,0,0,0,0,0,0,0,0,0,0,0,0,0,0,0,0,0,0,0,0,0,0,0,0,0,0,0,0,0,0,0,0,0,0,0,0,0,0,NA,NA,NA,NA,NA,NA,NA,NA,NA,NA,NA,NA,NA,NA,NA,NA,NA,NA,NA,NA,NA,NA,NA,NA,NA,NA,NA,NA,NA,NA,NA,NA,-8,0,0,12,0,"2024a","1KWM4X",40.3245755866495
53,"Ireland",10,10,1982-11-24,198211,53320,"Labour Party","Labour",30,"NA",804,0,1990,NA,NA,9.363,0,NA,16,166,1,10,"NA",190,0.526,3.158,0,0,0,0,1.053,2.632,0.526,0,0.526,1.579,0,0,0.526,0,0,2.632,0,4.737,0,0,2.105,0,0,0,0,0,0,0,5.789,0,0,0,0,0,0,0.526,16.842,22.105,0,6.842,0,0,0,0,1.579,4.737,0,0,0,16.316,0,3.684,0,0.526,1.053,0,0,0,0,0,0,0,0,0,0,0,0,0,0,0,0,0,0,0,0,0,0,0,0,0,0,0,0,0,0,0,0,0,0,0,0,0,0,0,0,0,0,0,0,0,0,0,0,0,0,0,0,0,0,NA,NA,NA,NA,NA,NA,NA,NA,NA,NA,NA,NA,NA,NA,NA,NA,NA,NA,NA,NA,NA,NA,NA,NA,NA,NA,NA,NA,NA,NA,NA,NA,-40,2.105,0,38.947,1.053,"2024a","3NIZBN",11.4520876130439
53,"Ireland",10,10,1982-11-24,198211,53520,"Family of the Irish","",50,"NA",804,0,1990,NA,NA,39.218,0,NA,70,166,1,10,"NA",161,1.863,0.621,0,0,0,0,0,0,0,0,0,0,1.242,0,0.621,2.484,0,6.211,0,10.559,0,3.106,1.242,3.727,1.242,1.242,0,0.621,0,1.242,0.621,0,0,13.043,0,0,0,0,6.832,8.075,0,0,0,0,0,0.621,0,11.801,0,0,0,7.453,0,8.696,0,0,6.832,0,0,0,0,0,0,0,0,0,0,0,0,0,0,0,0,0,0,0,0,0,0,0,0,0,0,0,0,0,0,0,0,0,0,0,0,0,0,0,0,0,0,0,0,0,0,0,0,0,0,0,0,0,0,NA,NA,NA,NA,NA,NA,NA,NA,NA,NA,NA,NA,NA,NA,NA,NA,NA,NA,NA,NA,NA,NA,NA,NA,NA,NA,NA,NA,NA,NA,NA,NA,16.149,4.969,13.043,14.907,0,"2024a","691RIX",30.576954256023
53,"Ireland",10,10,1982-11-24,198211,53620,"Soldiers of Destiny","",60,"NA",804,0,1990,NA,NA,45.201,0,NA,75,166,1,10,"NA",53,7.547,0,0,0,0,9.434,11.321,5.66,0,0,1.887,0,0,0,0,0,0,0,0,3.774,0,0,0,11.321,0,0,0,1.887,0,0,0,0,0,0,0,0,0,7.547,3.774,0,1.887,0,0,7.547,0,0,0,0,7.547,0,0,13.208,0,0,0,0,5.66,0,0,0,0,0,0,0,0,0,0,0,0,0,0,0,0,0,0,0,0,0,0,0,0,0,0,0,0,0,0,0,0,0,0,0,0,0,0,0,0,0,0,0,0,0,0,0,0,0,0,0,0,0,0,NA,NA,NA,NA,NA,NA,NA,NA,NA,NA,NA,NA,NA,NA,NA,NA,NA,NA,NA,NA,NA,NA,NA,NA,NA,NA,NA,NA,NA,NA,NA,NA,-30.189,11.321,0,3.774,20.755,"2024a","Z6VGUO",40.3245755866495
53,"Ireland",10,10,1987-02-17,198702,53320,"Labour Party","Labour",30,"NA",804,0,1990,NA,NA,6.446,0,NA,12,166,1,10,"NA",291,0,1.031,0,0.344,0,0.687,0.344,0.344,0.344,0,0,2.405,0,0,6.529,0.344,0,1.718,0,3.78,0,5.155,7.216,0.344,0.344,1.031,0,2.749,0,4.467,1.718,0,4.811,0,0,0,2.062,2.062,18.557,13.058,0,2.062,0,0,0,0,0.687,1.031,1.031,0,0,4.467,0,2.749,0,0,6.529,0,0,0,0,0,0,0,0,0,0,0,0,0,0,0,0,0,0,0,0,0,0,0,0,0,0,0,0,0,0,0,0,0,0,0,0,0,0,0,0,0,0,0,0,0,0,0,0,0,0,0,0,0,0,NA,NA,NA,NA,NA,NA,NA,NA,NA,NA,NA,NA,NA,NA,NA,NA,NA,NA,NA,NA,NA,NA,NA,NA,NA,NA,NA,NA,NA,NA,NA,NA,-21.306,7.56,0,31.615,1.031,"2024a","1MFO8C",11.4520876130439
53,"Ireland",10,10,1987-02-17,198702,53520,"Family of the Irish","",50,"NA",804,0,1990,NA,NA,27.073,0,NA,51,166,1,10,"NA",800,0.25,4.375,0,0.25,0,0.375,0.25,0.5,0.25,0,0,0.375,0.75,0,0,1,0,3.25,0,3.875,0,6.125,10.875,0,0,0,0,3.5,0,1.25,5.625,0,0.625,5,0,0,0.625,7.5,2.75,6.125,0.125,4.625,0,3.375,0,0.625,2,1.75,0,0,0,9.625,0,11,0,0,1.375,0,0,0,0,0,0,0,0,0,0,0,0,0,0,0,0,0,0,0,0,0,0,0,0,0,0,0,0,0,0,0,0,0,0,0,0,0,0,0,0,0,0,0,0,0,0,0,0,0,0,0,0,0,0,NA,NA,NA,NA,NA,NA,NA,NA,NA,NA,NA,NA,NA,NA,NA,NA,NA,NA,NA,NA,NA,NA,NA,NA,NA,NA,NA,NA,NA,NA,NA,NA,-12.75,10.875,5,8.875,0.625,"2024a","95T1EO",30.576954256023
53,"Ireland",10,10,1987-02-17,198702,53620,"Soldiers of Destiny","",60,"NA",804,0,1990,NA,NA,44.146,0,NA,81,166,1,10,"NA",640,0.313,1.875,0,0.156,1.719,0.156,0.313,0.781,0.469,0.313,0.313,0.625,0.313,0,0,4.063,0,7.344,0,0,0,7.344,4.844,0,0.938,0,0,0.625,0,3.281,13.906,0,1.719,1.094,0,0,2.188,6.25,1.25,8.281,0,3.906,0,1.094,0,0,1.719,6.563,0,0,0,0.938,0,11.875,0,0,3.438,0,0,0,0,0,0,0,0,0,0,0,0,0,0,0,0,0,0,0,0,0,0,0,0,0,0,0,0,0,0,0,0,0,0,0,0,0,0,0,0,0,0,0,0,0,0,0,0,0,0,0,0,0,0,NA,NA,NA,NA,NA,NA,NA,NA,NA,NA,NA,NA,NA,NA,NA,NA,NA,NA,NA,NA,NA,NA,NA,NA,NA,NA,NA,NA,NA,NA,NA,NA,-2.969,4.844,1.094,9.531,0.469,"2024a","TMA5WG",40.3245755866495
53,"Ireland",10,10,1989-06-15,198906,53320,"Labour Party","Labour",30,"NA",804,0,1990,NA,NA,9.475,0,NA,15,166,1,10,"NA",181,4.42,0,0,0,0,0,0,0,0,0,0,0,5.525,0,0,0,0,2.762,2.21,12.707,0,3.867,2.762,3.867,0.552,0,0,0,3.315,3.867,0,0,1.105,0,0,0,1.105,0,16.022,14.365,0,3.867,0,0,0,0,0,0,1.105,0,0,15.47,0,0,0,0,1.105,0,0,0,0,0,0,0,0,0,0,0,0,0,0,0,0,0,0,0,0,0,0,0,0,0,0,0,0,0,0,0,0,0,0,0,0,0,0,0,0,0,0,0,0,0,0,0,0,0,0,0,0,0,0,NA,NA,NA,NA,NA,NA,NA,NA,NA,NA,NA,NA,NA,NA,NA,NA,NA,NA,NA,NA,NA,NA,NA,NA,NA,NA,NA,NA,NA,NA,NA,NA,-29.282,6.63,0,30.387,0,"2024a","WRASS3",11.4520876130439
53,"Ireland",10,10,1989-06-15,198906,53520,"Family of the Irish","",50,"NA",804,0,1990,NA,NA,29.292,0,NA,55,166,1,10,"NA",874,0.458,1.831,0,0,1.373,0,0,0.686,3.89,0,0,0,0,0,0,0,0,4.577,0.114,0.229,0,5.606,4.233,0,1.831,0,0,5.149,0,2.288,7.551,0,0,1.144,0,0,11.556,2.403,1.487,9.725,0,4.462,0,0.458,0,0,0.915,4.92,0.343,0,0,5.721,0,10.87,0,0,6.178,0,0,0,0,0,0,0,0,0,0,0,0,0,0,0,0,0,0,0,0,0,0,0,0,0,0,0,0,0,0,0,0,0,0,0,0,0,0,0,0,0,0,0,0,0,0,0,0,0,0,0,0,0,0,NA,NA,NA,NA,NA,NA,NA,NA,NA,NA,NA,NA,NA,NA,NA,NA,NA,NA,NA,NA,NA,NA,NA,NA,NA,NA,NA,NA,NA,NA,NA,NA,-10.755,4.233,1.144,11.213,0,"2024a","II54IL",30.576954256023
53,"Ireland",10,10,1989-06-15,198906,53620,"Soldiers of Destiny","",60,"NA",804,0,1990,NA,NA,44.149,0,NA,77,166,1,10,"NA",1104,0,4.257,0,0.362,1.812,0.181,0.091,2.808,2.355,0,0,0,0,0,0,0,0,3.351,0,1.268,0,6.431,1.449,0,0,0,0,2.989,0,2.808,13.225,0,0.996,1.902,0,0,7.971,6.975,1.721,10.87,0,3.804,0,0,0,0,0.272,4.167,0,0,0,3.442,0,11.232,0.272,0,2.989,0,0,0,0,0,0,0,0,0,0,0,0,0,0,0,0,0,0,0,0,0,0,0,0,0,0,0,0,0,0,0,0,0,0,0,0,0,0,0,0,0,0,0,0,0,0,0,0,0,0,0,0,0,0,NA,NA,NA,NA,NA,NA,NA,NA,NA,NA,NA,NA,NA,NA,NA,NA,NA,NA,NA,NA,NA,NA,NA,NA,NA,NA,NA,NA,NA,NA,NA,NA,-8.424,1.449,1.902,12.591,0.272,"2024a","6PEEGT",40.3245755866495
53,"Ireland",10,10,1992-11-25,199211,53320,"Labour Party","Labour",30,"NA",214,999,1996,0.869,NA,19.307,0,NA,33,166,1,10,"NA",781,0.256,0,0,0,0,0,0,1.408,1.28,0,0,7.554,2.433,0,0.128,1.921,0,7.17,0.768,3.457,0.384,3.969,4.738,1.408,2.305,0,0.64,0.64,0,1.536,4.353,2.561,4.738,3.585,0,0,2.177,3.329,10.883,11.396,0.128,3.329,0,0.256,0,1.024,0.384,2.561,0.512,0,0,6.658,0,0.128,0,0,0,0,0,0,0,0,0,0,0,0,0,0,0,0,0,0,0,0,0,0,0,0,0,0,0,0,0,0,0,0,0,0,0,0,0,0,0,0,0,0,0,0,0,0,0,0,0,0,0,0,0,0,0,0,0,NA,NA,NA,NA,NA,NA,NA,NA,NA,NA,NA,NA,NA,NA,NA,NA,NA,NA,NA,NA,NA,NA,NA,NA,NA,NA,NA,NA,NA,NA,NA,NA,-14.597,8.707,3.969,22.279,0,"2024a","AEDDVP",11.4520876130439
53,"Ireland",10,10,1992-11-25,199211,53520,"Family of the Irish","",50,"NA",214,999,1996,0.869,NA,24.472,0,NA,45,166,1,10,"NA",175,0.571,0,0,0,0,0,6.286,0,4,0,0,1.714,8,0,0,4.571,0,2.286,5.143,4.571,0.571,16,0.571,4,1.143,0,0,2.857,0,0.571,2.857,1.714,0,5.714,0,0,0,0.571,3.429,3.429,0,4.571,0,4,0.571,4.571,0,2.857,0,0,0,1.714,0,1.143,0,0,0,0,0,0,0,0,0,0,0,0,0,0,0,0,0,0,0,0,0,0,0,0,0,0,0,0,0,0,0,0,0,0,0,0,0,0,0,0,0,0,0,0,0,0,0,0,0,0,0,0,0,0,0,0,0,NA,NA,NA,NA,NA,NA,NA,NA,NA,NA,NA,NA,NA,NA,NA,NA,NA,NA,NA,NA,NA,NA,NA,NA,NA,NA,NA,NA,NA,NA,NA,NA,9.714,6.286,6.286,6.857,6.286,"2024a","EJHIKG",30.576954256023
53,"Ireland",10,10,1992-11-25,199211,53620,"Soldiers of Destiny","",60,"NA",214,999,1996,0.869,NA,39.113,0,NA,68,166,1,10,"NA",176,0,0,0,0,0,0.568,0.568,2.841,4.545,0,0,0,1.136,0,0,7.386,0,2.841,0,0,1.705,8.523,1.705,1.136,1.705,0,0.568,5.114,0,0.568,11.932,0.568,2.273,2.273,0,0,2.273,3.977,4.545,7.955,0,5.682,0,1.136,0,1.705,0,5.682,0,2.841,0,0.568,0,5.682,0,0,0,0,0,0,0,0,0,0,0,0,0,0,0,0,0,0,0,0,0,0,0,0,0,0,0,0,0,0,0,0,0,0,0,0,0,0,0,0,0,0,0,0,0,0,0,0,0,0,0,0,0,0,0,0,0,NA,NA,NA,NA,NA,NA,NA,NA,NA,NA,NA,NA,NA,NA,NA,NA,NA,NA,NA,NA,NA,NA,NA,NA,NA,NA,NA,NA,NA,NA,NA,NA,-3.409,3.409,3.977,12.5,1.136,"2024a","MNJGF1",40.3245755866495
53,"Ireland",10,10,1997-06-06,199706,53320,"Labour Party","Labour",30,"NA",214,999,1997,0.869,NA,10.399,0,NA,17,166,1,10,"NA",1950,0.359,0.154,0,0,0.615,0.718,0.974,2.103,1.538,0,0.667,3.59,6.41,0.051,1.385,3.385,0,5.744,0,1.795,1.744,1.333,3.385,1.333,1.128,0,0.103,0.41,0,3.949,3.692,0.308,0.615,1.282,0,1.179,6.103,2.205,16.41,2.872,0.41,4.513,0,1.538,0.154,0.821,2.513,6,0,0.462,0,2,0,0.872,0,1.333,1.846,0,0,0,0,0,0,0,0,0,0,0,0,0,0,0,0,0,0,0,0,0,0,0,0,0,0,0,0,0,0,0,0,0,0,0,0,0,0,0,0,0,0,0,0,0,0,0,0,0,0,0,0,0,0,NA,NA,NA,NA,NA,NA,NA,NA,NA,NA,NA,NA,NA,NA,NA,NA,NA,NA,NA,NA,NA,NA,NA,NA,NA,NA,NA,NA,NA,NA,NA,NA,-5.949,5.026,3.026,19.282,1.692,"2024a","VP4FIG",11.4520876130439
53,"Ireland",10,10,1997-06-06,199706,53520,"Family of the Irish","",50,"NA",214,999,1997,0.869,NA,27.945,0,NA,54,166,1,10,"NA",1264,0.396,0.079,0,0,0,0,0.158,0,1.741,0,0.633,1.028,2.136,0,0,4.905,0.079,7.437,0.079,1.187,4.43,5.934,1.661,0.712,1.661,0.158,0,0.396,0,3.085,5.063,0.079,0.079,3.402,0,0.949,6.646,0.87,3.639,8.94,0.316,5.854,0,2.057,0,4.351,2.927,8.07,0,0.079,0,2.057,0.316,2.848,0,0.079,3.481,0,0,0,0,0,0,0,0,0,0,0,0,0,0,0,0,0,0,0,0,0,0,0,0,0,0,0,0,0,0,0,0,0,0,0,0,0,0,0,0,0,0,0,0,0,0,0,0,0,0,0,0,0,0,NA,NA,NA,NA,NA,NA,NA,NA,NA,NA,NA,NA,NA,NA,NA,NA,NA,NA,NA,NA,NA,NA,NA,NA,NA,NA,NA,NA,NA,NA,NA,NA,8.94,2.453,7.832,12.579,0.158,"2024a","8MJYTY",30.576954256023
53,"Ireland",10,10,1997-06-06,199706,53620,"Soldiers of Destiny","",60,"NA",214,999,1997,0.869,NA,39.334,0,NA,77,166,1,10,"NA",2166,0,0.139,0,0,1.293,0.693,0.462,0.923,1.247,0,0.462,0.508,4.017,0,0.231,4.478,0.046,6.279,0.693,2.585,2.632,5.355,2.308,1.293,0.6,0,0,0.139,0,4.109,6.556,0,0.693,2.585,0,0.462,7.433,2.955,5.355,6.51,0.416,4.109,0,3.647,0.092,2.77,1.893,5.125,0.139,0.369,0,1.247,0.323,4.478,0,0.97,1.385,0,0,0,0,0,0,0,0,0,0,0,0,0,0,0,0,0,0,0,0,0,0,0,0,0,0,0,0,0,0,0,0,0,0,0,0,0,0,0,0,0,0,0,0,0,0,0,0,0,0,0,0,0,0,NA,NA,NA,NA,NA,NA,NA,NA,NA,NA,NA,NA,NA,NA,NA,NA,NA,NA,NA,NA,NA,NA,NA,NA,NA,NA,NA,NA,NA,NA,NA,NA,4.801,3.601,5.217,11.865,1.154,"2024a","WPRHU5",40.3245755866495
53,"Ireland",10,10,1997-06-06,199706,53951,"We Ourselves","SF",95,"NA",998,998,NA,NA,NA,2.55,0,NA,1,166,3,20,"NA",1209,0,0,0,0.331,0,1.323,3.474,1.489,0.91,0,2.73,3.06,1.323,0.331,0,0,0,2.068,0.248,0.165,0,2.812,0.248,4.301,0,0,0,0,0,0.827,6.782,4.136,1.737,0,0,0.248,1.82,4.963,15.219,14.392,0,6.617,0,1.323,0,0,0,1.406,4.715,1.241,0,0.579,0,7.196,0,0,1.985,0,0,0,0,0,0,0,0,0,0,0,0,0,0,0,0,0,0,0,0,0,0,0,0,0,0,0,0,0,0,0,0,0,0,0,0,0,0,0,0,0,0,0,0,0,0,0,0,0,0,0,0,0,0,NA,NA,NA,NA,NA,NA,NA,NA,NA,NA,NA,NA,NA,NA,NA,NA,NA,NA,NA,NA,NA,NA,NA,NA,NA,NA,NA,NA,NA,NA,NA,NA,-26.137,8.685,0,29.611,4.797,"2024a","LNLG2E",10.7200520427017
53,"Ireland",10,10,2002-05-17,200205,53320,"Labour Party","Labour",30,"NA",215,999,2003,0.7,NA,10.772,0,NA,21,166,1,20,"NA",1310,0,0,0,0,0.84,0.611,1.069,5.267,2.748,0,0.534,3.588,3.359,0.611,0,0.305,2.748,5.878,0.687,0.458,0,0.305,2.748,2.748,0.153,0,0.076,0,0,2.977,5.725,2.214,2.519,1.221,0,0.076,6.87,4.885,8.015,10.611,0,3.053,0,0,0,0.076,0.076,6.107,0.84,1.298,0.076,2.214,0,3.511,0,0,2.901,0,0,0,0,0,0,0,0,0,0,0,0,0,0,0,0,0,0,0,0,0,0,0,0,0,0,0,0,0,0,0,0,0,0,0,0,0,0,0,0,0,0,0,0,0,0,0,0,0,0,0,0,0,0,NA,NA,NA,NA,NA,NA,NA,NA,NA,NA,NA,NA,NA,NA,NA,NA,NA,NA,NA,NA,NA,NA,NA,NA,NA,NA,NA,NA,NA,NA,NA,NA,-22.29,7.71,1.221,18.626,1.679,"2024a","1QJWHV",11.4520876130439
53,"Ireland",10,10,2002-05-17,200205,53520,"Family of the Irish","",50,"NA",215,999,2003,0.7,NA,22.478,0,NA,31,166,1,20,"NA",483,0,3.727,0,0,0.414,0,1.035,3.313,5.797,0,0.414,0,0,0,0,0.414,0,2.899,0,5.383,0.828,0.207,0.207,0.621,1.035,0,0,0,0,1.242,7.453,2.484,0,5.383,0,0.621,3.934,0,7.246,15.528,0,7.867,0,0.207,0,0,0,7.66,1.656,0.414,0,0,0,4.969,0,0,7.039,0,0,0,0,0,0,0,0,0,0,0,0,0,0,0,0,0,0,0,0,0,0,0,0,0,0,0,0,0,0,0,0,0,0,0,0,0,0,0,0,0,0,0,0,0,0,0,0,0,0,0,0,0,0,NA,NA,NA,NA,NA,NA,NA,NA,NA,NA,NA,NA,NA,NA,NA,NA,NA,NA,NA,NA,NA,NA,NA,NA,NA,NA,NA,NA,NA,NA,NA,NA,-9.317,3.313,6.211,22.774,1.035,"2024a","7O3IKT",30.576954256023
53,"Ireland",10,10,2002-05-17,200205,53620,"Soldiers of Destiny","",60,"NA",215,999,2003,0.7,NA,41.485,0,NA,81,166,1,20,"NA",1617,0,2.783,0,0,3.216,0,2.536,2.35,3.154,0,0.186,0.309,0.742,0,0,0.186,0,2.35,1.979,0,0.371,2.721,0.371,0.557,1.051,0,0,0,0,7.854,10.884,4.267,0,2.597,0,0.062,4.082,7.112,3.587,6.432,0,3.216,0,0,0,0,0,3.154,1.855,1.546,0,0,0,12.245,0,3.092,3.154,0,0,0,0,0,0,0,0,0,0,0,0,0,0,0,0,0,0,0,0,0,0,0,0,0,0,0,0,0,0,0,0,0,0,0,0,0,0,0,0,0,0,0,0,0,0,0,0,0,0,0,0,0,0,NA,NA,NA,NA,NA,NA,NA,NA,NA,NA,NA,NA,NA,NA,NA,NA,NA,NA,NA,NA,NA,NA,NA,NA,NA,NA,NA,NA,NA,NA,NA,NA,-6.246,5.195,2.968,10.019,2.536,"2024a","PDC6BB",40.3245755866495
53,"Ireland",10,10,2002-05-17,200205,53951,"We Ourselves","SF",95,"NA",215,999,2003,0.7,NA,6.514,0,NA,5,166,1,20,"NA",1209,0,0,0,0.331,0,1.323,3.474,1.489,0.91,0,2.73,3.06,1.323,0.331,0,0,0,2.068,0.248,0.165,0,2.812,0.248,4.301,0,0,0,0,0,0.827,6.782,4.136,1.737,0,0,0.248,1.82,4.963,15.219,14.392,0,6.617,0,1.323,0,0,0,1.406,4.715,1.241,0,0.579,0,7.196,0,0,1.985,0,0,0,0,0,0,0,0,0,0,0,0,0,0,0,0,0,0,0,0,0,0,0,0,0,0,0,0,0,0,0,0,0,0,0,0,0,0,0,0,0,0,0,0,0,0,0,0,0,0,0,0,0,0,NA,NA,NA,NA,NA,NA,NA,NA,NA,NA,NA,NA,NA,NA,NA,NA,NA,NA,NA,NA,NA,NA,NA,NA,NA,NA,NA,NA,NA,NA,NA,NA,-26.137,8.685,0,29.611,4.797,"2024a","19X9I1",10.7200520427017
53,"Ireland",10,10,2007-05-24,200705,53320,"Labour Party","Labour",30,"NA",280,3,2010,0.741,NA,10.126,0,NA,20,166,1,40,"2024-1",2235,1.342,1.432,0.089,0.268,0.358,0.805,0.492,2.461,1.119,0,0.045,1.477,3.266,0.313,0.045,3.177,0.224,4.43,0.313,0.94,0.313,1.387,2.148,0,0.403,0.224,0.045,0.403,0,0.94,7.964,0.313,0.447,0.805,0,4.877,3.714,5.011,5.414,12.349,0,5.638,0,0.224,0,0.358,0.492,4.474,0.984,0.268,0,2.103,0,1.7,0.134,4.877,9.396,0,0,0,0,0,0,0,0,0,0,0,0,0,0,0,0,0,0,0,0,0,0,0,0,0,0,0,0,0,0,0,0,0,0,0,0,0,0,0,0,0,0,0,0,0,0,0,0,0,0,0,0,0,0,NA,NA,NA,NA,NA,NA,NA,NA,NA,NA,NA,NA,NA,NA,NA,NA,NA,NA,NA,NA,NA,NA,NA,NA,NA,NA,NA,NA,NA,NA,NA,NA,-18.837,2.461,1.119,17.763,1.387,"2024a","U8BQJZ",11.4520876130439
53,"Ireland",10,10,2007-05-24,200705,53520,"Family of the Irish","",50,"NA",280,3,2010,0.741,NA,27.322,0,NA,51,166,1,40,"2024-1",2096,1.527,0.286,0,0.048,0.859,0.095,0.573,1.908,1.097,0.048,0,0.429,1.288,0.191,0,1.718,0.668,16.221,0.239,1.479,0.668,2.91,6.298,0.095,0.143,0.143,0.191,0.573,0.095,0.525,9.876,0,0.095,0.525,0.048,4.58,2.576,3.578,1.813,9.113,0.095,8.015,0,0.095,0,1.718,0.143,7.347,0.239,0.716,0,0.334,0,1.622,0.095,2.099,4.962,0,0,0,0,0,0,0,0,0,0,0,0,0,0,0,0,0,0,0,0,0,0,0,0,0,0,0,0,0,0,0,0,0,0,0,0,0,0,0,0,0,0,0,0,0,0,0,0,0,0,0,0,0,0,NA,NA,NA,NA,NA,NA,NA,NA,NA,NA,NA,NA,NA,NA,NA,NA,NA,NA,NA,NA,NA,NA,NA,NA,NA,NA,NA,NA,NA,NA,NA,NA,-11.26,6.393,1.193,10.926,0.668,"2024a","JVPQVH",30.576954256023
53,"Ireland",10,10,2007-05-24,200705,53620,"Soldiers of Destiny","",60,"NA",280,3,2010,0.741,NA,41.561,0,NA,78,166,1,40,"2024-1",2203,6.264,0.635,0.045,0,1.543,0.363,0.953,2.406,1.453,0,0.182,0,0.409,0.045,0,3.268,0.045,2.542,0.681,0.363,0.59,1.816,1.498,0.136,0.635,0,0.227,1.543,0,1.589,10.077,0,0.363,1.226,0,3.949,2.814,6.809,1.316,13.482,0,5.856,0,1.816,0,0.136,0,6.083,1.952,0.862,0,0.091,0,3.404,0.454,4.766,5.311,0,0,0,0,0,0,0,0,0,0,0,0,0,0,0,0,0,0,0,0,0,0,0,0,0,0,0,0,0,0,0,0,0,0,0,0,0,0,0,0,0,0,0,0,0,0,0,0,0,0,0,0,0,0,NA,NA,NA,NA,NA,NA,NA,NA,NA,NA,NA,NA,NA,NA,NA,NA,NA,NA,NA,NA,NA,NA,NA,NA,NA,NA,NA,NA,NA,NA,NA,NA,-9.759,1.634,1.816,14.798,1.362,"2024a","LR4GCU",40.3245755866495
53,"Ireland",10,10,2007-05-24,200705,53951,"We Ourselves","SF",95,"NA",280,3,2010,0.741,NA,6.942,0,NA,4,166,1,40,"2024-1",1674,2.808,0.538,0,0.119,0,0.657,0.179,1.792,0.06,0,1.374,3.704,0.657,0.239,0,3.226,0.179,1.673,0.717,8.363,1.613,0.299,0.597,0.538,0,0.657,0,0.777,0,0.358,5.257,1.195,4.719,0.06,0,4.54,0.896,2.688,8.124,13.62,0,5.496,0,6.033,0,0,0.06,1.434,0.538,0.418,0,4.719,0,3.943,0.478,2.628,2.031,0,0,0,0,0,0,0,0,0,0,0,0,0,0,0,0,0,0,0,0,0,0,0,0,0,0,0,0,0,0,0,0,0,0,0,0,0,0,0,0,0,0,0,0,0,0,0,0,0,0,0,0,0,0,NA,NA,NA,NA,NA,NA,NA,NA,NA,NA,NA,NA,NA,NA,NA,NA,NA,NA,NA,NA,NA,NA,NA,NA,NA,NA,NA,NA,NA,NA,NA,NA,-12.664,2.33,1.673,21.744,0.836,"2024a","RILCR2",10.7200520427017
53,"Ireland",10,10,2011-02-25,201102,53320,"Labour Party","Labour",30,"NA",280,4,2012,0.736,0.598,19.447,0,NA,37,166,1,61,"2024-1",1435,0,0.418,0,0,0.836,0.348,0.139,2.578,1.812,0.07,0.418,0.348,1.742,0,1.672,2.927,0,7.526,2.369,1.742,1.045,2.091,2.578,1.533,1.185,0.07,2.369,1.882,0.348,3.136,8.641,1.951,1.951,1.603,0,1.463,4.181,3.275,4.181,8.223,1.324,5.157,0,0.139,0,0,1.185,4.39,0.976,2.16,0,1.185,0,3.136,0.209,1.533,1.951,0,0,0,0,0,0,0,0,0,0,0,0,0,0,0,0,0,0,0,0,0,0,0,0,0,0,0,0,0,0,0,0,0,0,0,0,0,0,0,0,0,0,0,0,0,0,0,0,0,0,0,0,0,0,NA,NA,NA,NA,NA,NA,NA,NA,NA,NA,NA,NA,NA,NA,NA,NA,NA,NA,NA,NA,NA,NA,NA,NA,NA,NA,NA,NA,NA,NA,NA,NA,-10.592,6.063,2.648,12.404,0.488,"2024a","VJ398O",11.4520876130439
53,"Ireland",10,10,2011-02-25,201102,53520,"Family of the Irish","",50,"NA",280,4,2012,0.736,0.598,36.104,0,NA,76,166,1,61,"2024-1",1500,0,0.333,0,0,1.4,0.333,0.8,1.6,1.333,0.933,0.133,0.667,0.933,0.133,2.267,4.4,0.2,11.4,0.667,1.667,0.4,4.6,3.133,0.267,0.4,0,0.467,2.333,0.667,2.667,7.933,1,0.8,5,0.067,1.933,3.067,3.333,0.933,8.733,2.733,4.4,0,0.533,0,0.6,0.333,4.6,0.533,1.467,0,0.6,0.067,3.8,0.067,2,1.333,0,0,0,0,0,0,0,0,0,0,0,0,0,0,0,0,0,0,0,0,0,0,0,0,0,0,0,0,0,0,0,0,0,0,0,0,0,0,0,0,0,0,0,0,0,0,0,0,0,0,0,0,0,0,NA,NA,NA,NA,NA,NA,NA,NA,NA,NA,NA,NA,NA,NA,NA,NA,NA,NA,NA,NA,NA,NA,NA,NA,NA,NA,NA,NA,NA,NA,NA,NA,0.733,4.4,5.4,9.667,1.133,"2024a","MU74QC",30.576954256023
53,"Ireland",10,10,2011-02-25,201102,53620,"Soldiers of Destiny","",60,"NA",280,4,2012,0.736,0.598,17.446,0,NA,20,166,1,61,"2024-1",652,0,0.153,0,0,0,0,0,0.46,0.92,0,0,0.153,3.834,1.38,9.356,0,0,10.429,2.147,2.607,0.767,3.374,6.442,1.227,0,0,7.209,8.282,0,3.834,15.491,0.767,0,6.135,0,1.227,0.307,1.994,0.613,2.147,0.307,3.528,0,0.767,0,0,0,0,0,0,0,1.38,0,2.301,0,0,0.46,0,0,0,0,0,0,0,0,0,0,0,0,0,0,0,0,0,0,0,0,0,0,0,0,0,0,0,0,0,0,0,0,0,0,0,0,0,0,0,0,0,0,0,0,0,0,0,0,0,0,0,0,0,0,NA,NA,NA,NA,NA,NA,NA,NA,NA,NA,NA,NA,NA,NA,NA,NA,NA,NA,NA,NA,NA,NA,NA,NA,NA,NA,NA,NA,NA,NA,NA,NA,2.914,8.436,6.902,2.761,0,"2024a","59SI2K",40.3245755866495
53,"Ireland",10,10,2011-02-25,201102,53951,"We Ourselves","SF",95,"NA",280,4,2012,0.736,0.598,9.94,0,NA,14,166,1,61,"2024-1",610,0,0,0.328,0,0,0,0.164,0,0,0.164,0.164,0.492,2.295,0,4.098,0,0,2.295,1.475,4.754,0.984,1.311,0.164,0.492,0.328,0,0.656,2.951,3.77,1.475,2.623,4.262,3.607,1.967,5.082,0,0.656,0.82,7.049,16.557,0,4.262,0,5.41,0,0,0,4.754,0.328,3.607,0,2.459,0,2.459,0,2.131,3.607,0,0,0,0,0,0,0,0,0,0,0,0,0,0,0,0,0,0,0,0,0,0,0,0,0,0,0,0,0,0,0,0,0,0,0,0,0,0,0,0,0,0,0,0,0,0,0,0,0,0,0,0,0,0,NA,NA,NA,NA,NA,NA,NA,NA,NA,NA,NA,NA,NA,NA,NA,NA,NA,NA,NA,NA,NA,NA,NA,NA,NA,NA,NA,NA,NA,NA,NA,NA,-13.607,4.918,2.951,23.607,0.492,"2024a","DEKB9U",10.7200520427017
53,"Ireland",10,10,2016-02-26,201602,53320,"Labour Party","Labour",30,"NA",280,5,2016,0.8,0.704,6.606,0,NA,7,158,1,120,"2024-1",1604,0.623,0.499,0,0,0.187,0,0,1.185,1.372,0,0.125,0.125,3.491,0.062,0.935,3.554,0.062,4.426,0.312,1.309,0.748,3.18,2.681,0.125,0.062,0,0,0,0,3.491,5.299,1.185,0.374,2.681,0,0,4.925,2.993,2.93,20.636,0.125,9.601,0,1.185,0.81,0.062,3.304,4.925,0,0.561,0,3.117,0,0.686,2.743,1.933,1.372,0,0,0,0,0,0,0,0,0,0,0,0,0,0,0,0,0,0,0,0,0,0,0,0,0,0,0,0,0,0,0,0,0,0,0,0,0,0,0,0,0,0,0,0,0,0,0,0,0,0,0,0,0,0,0,0,0,0.125,0,0,3.367,0.125,0.998,0,0.312,0,0,0,0,0,1.185,0,0,0.81,4.925,0.561,0,0,0.561,0,0,0,0,0,0.686,0,-27.805,3.99,3.429,23.566,0,"2024a","DFFHYP",11.4520876130439
53,"Ireland",10,10,2016-02-26,201602,53520,"Family of the Irish","",50,"NA",280,5,2016,0.8,0.704,25.516,0,NA,49,158,1,120,"2024-1",2302,0.521,0.912,0,0,1.738,0.043,0.434,1.173,1.086,0,0.261,0.13,2.259,0,0.13,4.952,0.478,5.951,0.217,1.825,1.39,3.779,4.474,1.129,0.174,0,0.174,0.478,0.13,4.04,6.386,0.695,0.738,1.781,0,0,4.822,4.909,3.475,17.376,0.738,4.692,0.087,0.174,0.304,0.174,0.956,4.431,0.304,0.043,0.087,1.738,0.087,5.691,0.304,0.13,1.998,0,0,0,0,0,0,0,0,0,0,0,0,0,0,0,0,0,0,0,0,0,0,0,0,0,0,0,0,0,0,0,0,0,0,0,0,0,0,0,0,0,0,0,0,0,0,0,0,0,0,0,0,0,0,0,0,0,0.13,0.391,0,1.434,0.434,1.825,0,0,0,0,0,0,0,0.174,0,0.043,0.261,4.431,0.521,0.304,0,0,0.043,0,0,0.087,0,5.691,0,-18.115,6.299,3.171,20.851,0.478,"2024a","WGCLPL",30.576954256023
53,"Ireland",10,10,2016-02-26,201602,53620,"Soldiers of Destiny","",60,"NA",280,5,2016,0.8,0.704,24.35,0,NA,44,158,1,120,"2024-1",1962,0,1.988,0,0.255,0.357,0,0.204,0.561,1.682,0.051,0.306,0,0.917,0.051,0.306,6.065,0.306,2.599,0,2.446,0.357,6.269,5.25,0.765,0.102,0.153,0.153,0,0,0.306,7.492,0.917,1.529,0.917,0,0.102,1.886,1.835,3.466,28.033,0,5.352,0,1.325,0.408,0,0.102,6.218,0,0.204,0,0.917,0,4.434,0.408,0.765,2.243,0,0,0,0,0,0,0,0,0,0,0,0,0,0,0,0,0,0,0,0,0,0,0,0,0,0,0,0,0,0,0,0,0,0,0,0,0,0,0,0,0,0,0,0,0,0,0,0,0,0,0,0,0,0,0.255,0,0,0,0.102,0,0.612,0.204,2.446,0,0,0,0,0,0,0.102,1.325,0,0,0.408,6.218,0,0,0,0.204,0,0,0,0,0,4.434,0,-26.758,6.932,1.274,31.498,0.204,"2024a","8OYST9",40.3245755866495
53,"Ireland",10,10,2016-02-26,201602,53951,"We Ourselves","SF",95,"NA",280,5,2016,0.8,0.704,13.846,0,NA,23,158,1,120,"2024-1",863,0.695,0.463,0.232,0.232,0,0.348,0.116,1.738,0.463,0.232,3.013,0,1.043,0,1.043,3.129,0.116,1.39,2.202,14.716,0,1.97,5.91,0,0,0.116,0,0,0,0.348,1.97,2.086,1.159,0,0,0.232,3.476,1.275,7.879,14.484,0,4.519,0,4.751,0.579,0,0.348,2.317,0,2.317,0,4.519,0,7.068,0,1.159,0.348,0,0,0,0,0,0,0,0,0,0,0,0,0,0,0,0,0,0,0,0,0,0,0,0,0,0,0,0,0,0,0,0,0,0,0,0,0,0,0,0,0,0,0,0,0,0,0,0,0,0,0,0,0,0,0.232,0,0,0,0,0,1.043,0,14.716,0,0,0,0,0,0,0.232,4.751,0,0,0.579,2.317,0.579,0,0,2.317,0,0,0,0,0,7.068,0,-12.514,7.995,0,22.364,0.695,"2024a","FHIV87",10.7200520427017
53,"Ireland",10,10,2020-02-08,202002,53320,"Labour Party","Labour",30,"NA",365,5,2023,0.81,0.87,4.37748942174657,0,NA,6,160,1,190,"2024-1",837,0.956,1.434,0,0,1.314,0,0.119,1.075,0.478,0,0,1.314,2.389,0.478,0.239,2.27,0,6.571,0.358,1.553,0,2.509,4.898,0.956,0.239,0,0,0,0.358,0.836,4.421,2.987,2.151,0,0,1.792,5.854,2.987,11.708,18.996,0,4.182,0,1.314,0,0.119,0.358,2.748,0.119,0.478,0,8.124,0,1.314,0,0,0,0,0,0,0,0,0,0,0,0,0,0,0,0,0,0,0,0,0,0,0,0,0,0,0,0,0,0,0,0,0,0,0,0,0,0,0,0,0,0,0,0,0,0,0,0,0,0,0,0,0,0,0,0,0,0,0,0,1.314,1.792,0,0.358,0.239,1.314,0.239,0,0,0,0,0,1.792,1.314,0,0,0,2.748,0.956,0.119,0,0,0.478,0,0,0,0,1.314,0,-34.409,8.841,0,30.705,0.119,"2024a","9QWWJU",11.4520876130439
53,"Ireland",10,10,2020-02-08,202002,53520,"Family of the Irish","",50,"NA",365,5,2023,0.81,0.87,20.8642223523911,0,NA,35,160,1,190,"2024-1",2214,0,1.491,0,0,1.942,0,0.452,1.581,0.903,0.09,0.045,0.903,1.852,0,0,0.768,0,0.813,0.542,0.768,0.903,2.891,4.11,1.807,0.813,0,0.316,0,0,2.258,13.369,0.226,0.361,1.716,0,2.8,5.646,4.02,7.769,14.273,0.271,5.42,0,2.981,0,0,0.045,5.827,0.813,0.045,0,4.472,0,4.246,0,0,0.452,0,0,0,0,0,0,0,0,0,0,0,0,0,0,0,0,0,0,0,0,0,0,0,0,0,0,0,0,0,0,0,0,0,0,0,0,0,0,0,0,0,0,0,0,0,0,0,0,0,0,0,0,0,0,0,0,0,0.903,1.671,0,0,0.181,0.587,0.181,0,0,0,0,0,2.8,2.981,0,0,0,5.827,0,0.813,0,0,0.045,0,0,0,0,4.246,0,-15.221,6.143,2.62,22.042,0.452,"2024a","WSRZEW",30.576954256023
53,"Ireland",10,10,2020-02-08,202002,53620,"Soldiers of Destiny","",60,"NA",365,5,2023,0.81,0.87,22.1807849730409,0,NA,38,160,1,190,"2024-1",2208,0,1.449,0.091,0,2.808,0,0.317,1.359,2.219,0,0.045,0.725,2.763,0,0,1.495,0,1.178,0,0.136,0.091,5.48,8.107,1.359,0,0,0,0,0.815,0.498,7.02,0,0,0.725,0,2.446,4.71,4.71,8.288,20.426,0,4.212,0,2.355,0.045,0.045,0.181,6.567,1.404,0.272,0,1.63,0,4.031,0,0,0,0,0,0,0,0,0,0,0,0,0,0,0,0,0,0,0,0,0,0,0,0,0,0,0,0,0,0,0,0,0,0,0,0,0,0,0,0,0,0,0,0,0,0,0,0,0,0,0,0,0,0,0,0,0,0,0,0.091,0.634,2.672,0,0,0.091,0.136,0,0,0,0,0,0,2.446,2.355,0,0,0.045,6.567,0,1.404,0,0,0.272,0,0,0,0,4.031,0,-19.837,9.466,0.815,28.714,0.408,"2024a","EX7S5X",40.3245755866495
53,"Ireland",10,10,2020-02-08,202002,53951,"We Ourselves","SF",95,"NA",365,5,2023,0.81,0.87,24.5283122562101,0,NA,37,160,1,190,"2024-1",2288,0,0.044,0.131,0.044,0.568,0.437,0.306,1.705,0.437,0.219,0.743,1.705,2.753,0,0,0.481,0,1.705,0.874,1.005,0,1.661,8.042,0.087,0.437,0.087,0,0,0.175,0.175,5.726,0.175,0.874,0.087,0,2.71,2.928,2.229,11.276,27.404,0,4.851,0,4.808,0.044,0,0.131,2.142,0.962,0,0,5.726,0,3.846,0,0,0.262,0,0,0,0,0,0,0,0,0,0,0,0,0,0,0,0,0,0,0,0,0,0,0,0,0,0,0,0,0,0,0,0,0,0,0,0,0,0,0,0,0,0,0,0,0,0,0,0,0,0,0,0,0,0,0.044,0,0,1.705,2.01,0,0,0.743,1.005,0,0,0,0,0,0,2.71,4.589,0.219,0,0.044,2.142,0,0.918,0.044,0,0,0,0,0,0,3.846,0,-39.554,8.304,0.087,38.68,0.874,"2024a","7QI6CF",10.7200520427017
80,"Bulgaria",0,0,1990-06-10,199006,80220,"Bulgarian Socialist Party","BSP",30,"NA",236,999,1992,NA,NA,47.151,0,NA,211,400,1,20,"NA",388,3.608,0.773,0,0.258,2.32,0,0.258,0.773,1.289,0,0,8.247,6.186,3.866,0,1.546,0,0,2.062,5.412,4.639,0.773,0.515,0,0,0,0.258,0,0,0.773,0.773,1.289,0,1.289,1.289,0,3.093,2.062,4.381,4.124,0,5.67,0.258,1.804,0,1.804,0,0.773,7.732,1.031,0,1.546,0,4.639,0.258,0.773,6.186,0,0,0,0,0,0,0,0,0,0,0,0,0,0,0,0.515,0,0,0,0,0,0,0,0,3.608,0,0,0,0,0,0,0,0,1.289,0,0,0,0,0,0,0.258,0,0,0,0,0,0,0,0,0,0,0,0,0,NA,NA,NA,NA,NA,NA,NA,NA,NA,NA,NA,NA,NA,NA,NA,NA,NA,NA,NA,NA,NA,NA,NA,NA,NA,NA,NA,NA,NA,NA,NA,NA,18.299,1.804,5.928,8.505,0.258,"2024a","6VDGE2",36.8815
80,"Bulgaria",0,0,1990-06-10,199006,80410,"Union of Democratic Forces","SDS",40,"NA",236,999,1992,NA,NA,36.212,0,NA,144,400,8,20,"NA",1012,0.593,0,2.273,0.198,1.087,0.296,0.198,1.186,1.186,0,0,11.858,6.225,10.968,0,1.482,0,0,0.198,3.261,6.621,1.482,1.383,0,0,0,1.482,0.099,0,0,2.075,0,0,3.656,0,0.593,3.261,4.941,0.988,2.569,0,6.621,0,0.494,0,0.593,0,0,0.692,0.791,0,1.482,0,1.087,0,0,3.261,0,0,0,0,0,0,0,0,0,0,0,0,0,0,0,0,0,0,0,0,0,0,0,0,0,9.091,0,0,1.976,0,0,0,0.198,0.494,0,0,0,0,0.494,0.494,1.581,0,0,0,0,0,0,0,0,0,0.494,0,0,0,NA,NA,NA,NA,NA,NA,NA,NA,NA,NA,NA,NA,NA,NA,NA,NA,NA,NA,NA,NA,NA,NA,NA,NA,NA,NA,NA,NA,NA,NA,NA,NA,22.036,1.383,10.277,3.557,2.767,"2024a","ADPCG5",31.5983333333333
80,"Bulgaria",0,0,1990-06-10,199006,80951,"Movement for Rights and Freedoms","DPS",90,"NA",236,999,1992,NA,NA,8.027,0,NA,23,400,1,20,"NA",56,3.571,0,0,0,0,0,3.571,1.786,0,0,0,10.714,10.714,10.714,0,0,0,0,0,5.357,1.786,0,1.786,1.786,0,0,0,3.571,0,0,3.571,0,0,0,0,0,0,0,0,1.786,0,0,0,1.786,0,0,0,0,10.714,25,0,0,0,0,0,0,1.786,0,0,0,0,0,0,0,0,0,0,0,0,0,0,0,0,0,0,0,0,0,0,0,0,0,0,0,0,0,0,0,0,0,0,0,0,0,0,0,0,0,0,0,0,0,0,0,0,0,0,0,0,0,0,NA,NA,NA,NA,NA,NA,NA,NA,NA,NA,NA,NA,NA,NA,NA,NA,NA,NA,NA,NA,NA,NA,NA,NA,NA,NA,NA,NA,NA,NA,NA,NA,19.643,3.571,1.786,1.786,3.571,"2024a","R9TW9Y",10.0957777777778
80,"Bulgaria",0,0,1991-10-13,199110,80220,"Bulgarian Socialist Party","BSP",30,"NA",236,999,1994,NA,NA,NA,NA,NA,NA,240,1,20,"NA",433,1.155,0,0,0,0.693,0,0.693,2.309,0.462,0.462,0,4.85,0.924,3.464,0,4.85,0,0.462,0.693,5.774,1.155,1.617,3.233,1.386,0.231,0,2.309,0.462,2.771,1.848,3.233,0.924,0.693,0.231,0,1.848,1.848,8.314,2.54,7.39,0,2.309,0,0.693,0,0.462,0,1.848,1.617,0.462,1.848,3.002,0,5.543,0,0.693,5.312,1.386,0,0,0,0,0,0,0,0,0,0,0,0,0,0,0,0,0,0,0,0,0,0,0,0,0,0,0,1.386,0,0.231,0,0.924,0.462,0,0,0.462,0,0.231,0,1.848,0,0,0,0,0,0,0,0,0,0.462,0,0,0,NA,NA,NA,NA,NA,NA,NA,NA,NA,NA,NA,NA,NA,NA,NA,NA,NA,NA,NA,NA,NA,NA,NA,NA,NA,NA,NA,NA,NA,NA,NA,NA,1.848,5.543,1.386,9.931,0.693,"2024a","SAIEIU",36.8815
80,"Bulgaria",0,0,1991-10-13,199110,80228,"Coalition of Bulgarian Socialist Party","",30,"NA",999,999,NA,NA,NA,33.14,0,NA,106,240,4,20,"NA",433,1.155,0,0,0,0.693,0,0.693,2.309,0.462,0.462,0,4.85,0.924,3.464,0,4.85,0,0.462,0.693,5.774,1.155,1.617,3.233,1.386,0.231,0,2.309,0.462,2.771,1.848,3.233,0.924,0.693,0.231,0,1.848,1.848,8.314,2.54,7.39,0,2.309,0,0.693,0,0.462,0,1.848,1.617,0.462,1.848,3.002,0,5.543,0,0.693,5.312,1.386,0,0,0,0,0,0,0,0,0,0,0,0,0,0,0,0,0,0,0,0,0,0,0,0,0,0,0,1.386,0,0.231,0,0.924,0.462,0,0,0.462,0,0.231,0,1.848,0,0,0,0,0,0,0,0,0,0.462,0,0,0,NA,NA,NA,NA,NA,NA,NA,NA,NA,NA,NA,NA,NA,NA,NA,NA,NA,NA,NA,NA,NA,NA,NA,NA,NA,NA,NA,NA,NA,NA,NA,NA,1.848,5.543,1.386,9.931,0.693,"2024a","PUNO5I",38.3205
80,"Bulgaria",0,0,1991-10-13,199110,80410,"Union of Democratic Forces","SDS",40,"NA",236,999,1991,NA,NA,34.355,0,NA,110,240,8,20,"NA",164,1.22,0,0,0,1.829,0.61,1.829,1.22,0,1.22,0,6.707,1.829,3.659,0,1.22,0,0,4.268,0.61,6.098,3.049,1.829,0.61,0,0.61,7.317,0.61,0,0,3.659,0,0,3.659,0,1.22,1.829,2.439,0.61,8.537,0,3.659,0,0,0,2.439,1.22,1.829,0.61,0,0,2.439,0,2.439,0,1.22,0,0,0,0,0,0,0,1.22,0,0,0,0,0,0,0,0,0,0,0,0,0,0,0,0,0,0,0,0,0,5.488,0,3.049,0,0.61,0.61,0,0,0,0,0.61,0,4.268,0,0,0,0,0,0,0,0,0,0,0,0,0,NA,NA,NA,NA,NA,NA,NA,NA,NA,NA,NA,NA,NA,NA,NA,NA,NA,NA,NA,NA,NA,NA,NA,NA,NA,NA,NA,NA,NA,NA,NA,NA,14.634,2.439,9.756,9.146,2.439,"2024a","2O61WI",31.5983333333333
80,"Bulgaria",0,0,1991-10-13,199110,80951,"Movement for Rights and Freedoms","DPS",90,"NA",236,999,1991,NA,NA,7.547,0,NA,24,240,1,20,"NA",127,0.787,0,0,2.362,0.787,0.787,1.575,2.362,0,0.787,0,10.236,4.724,3.937,1.575,0,0,0,0,0,6.299,0,2.362,0,0,0,0.787,0,0.787,2.362,0,0.787,0,0,0,0,3.15,0,2.362,3.937,0,11.811,0,0,1.575,0.787,0,0.787,3.15,13.386,0,0.787,0,0,0,0,2.362,0,0,0,0,0,0,0,0,0,0,0,0,0,0,0,0,0,0,0,0,0,0,0,0,0,3.15,0,0,3.937,0,2.362,0,0.787,0,0,0,0,0,0,0,0,0.787,0,0,0,0,0,0,0,0,1.575,0,0,0,NA,NA,NA,NA,NA,NA,NA,NA,NA,NA,NA,NA,NA,NA,NA,NA,NA,NA,NA,NA,NA,NA,NA,NA,NA,NA,NA,NA,NA,NA,NA,NA,-4.724,3.15,6.299,6.299,2.362,"2024a","PTO8GT",10.0957777777778
80,"Bulgaria",0,0,1994-12-18,199412,80220,"Bulgarian Socialist Party","BSP",30,"NA",237,999,1996,NA,NA,NA,NA,NA,NA,240,1,20,"NA",380,0,0,0,0,2.105,0,1.316,4.474,1.053,1.053,0,0.526,1.316,1.316,0,3.421,0,2.105,4.474,9.211,1.053,1.316,2.895,1.053,0,1.053,3.158,0,0.526,1.842,2.368,1.316,0.263,0.526,0,0,0,4.474,5.263,9.474,0,5,0,0,0,0,0,6.579,1.842,1.316,0,2.105,0,1.842,0,0.789,2.632,0,0,0,0,0,0,0,0,0,0,0,0,0,0,0,0,0,0,0,0,0,0,0,0,0.526,0,0,0,2.368,0,0.263,0,0.789,0.526,0,0,1.842,0,1.053,0,0.526,0.789,0,0,0,0,0,0,0,0,0.263,0,0,0,NA,NA,NA,NA,NA,NA,NA,NA,NA,NA,NA,NA,NA,NA,NA,NA,NA,NA,NA,NA,NA,NA,NA,NA,NA,NA,NA,NA,NA,NA,NA,NA,-2.632,5.263,1.579,14.737,1.316,"2024a","QXOVR1",36.8815
80,"Bulgaria",0,0,1994-12-18,199412,80228,"Coalition of Bulgarian Socialist Party, Bulgarian Agrarian People’s Union - Alexandar Stambolijski and Political Club 'Ekoglasnost'","BSP-BZNS-AS-PKE",30,"NA",999,999,NA,NA,NA,43.501,0,NA,125,240,4,20,"NA",380,0,0,0,0,2.105,0,1.316,4.474,1.053,1.053,0,0.526,1.316,1.316,0,3.421,0,2.105,4.474,9.211,1.053,1.316,2.895,1.053,0,1.053,3.158,0,0.526,1.842,2.368,1.316,0.263,0.526,0,0,0,4.474,5.263,9.474,0,5,0,0,0,0,0,6.579,1.842,1.316,0,2.105,0,1.842,0,0.789,2.632,0,0,0,0,0,0,0,0,0,0,0,0,0,0,0,0,0,0,0,0,0,0,0,0,0.526,0,0,0,2.368,0,0.263,0,0.789,0.526,0,0,1.842,0,1.053,0,0.526,0.789,0,0,0,0,0,0,0,0,0.263,0,0,0,NA,NA,NA,NA,NA,NA,NA,NA,NA,NA,NA,NA,NA,NA,NA,NA,NA,NA,NA,NA,NA,NA,NA,NA,NA,NA,NA,NA,NA,NA,NA,NA,-2.632,5.263,1.579,14.737,1.316,"2024a","XBNAE9",38.3205
80,"Bulgaria",0,0,1994-12-18,199412,80410,"Union of Democratic Forces","SDS",40,"NA",237,999,1996,NA,NA,24.228,0,NA,69,240,8,20,"NA",449,0,0.223,0.668,0,1.114,0,0.223,1.336,0.668,0.668,0,0.223,0,0.668,2.673,2.004,0,1.336,7.572,8.018,2.004,0.891,1.782,0,0,0.223,4.9,0,0,0,0.445,0.668,0.891,11.359,0,0.668,3.786,2.673,1.559,3.563,2.45,4.232,0.223,0.445,0,1.782,0,3.118,1.114,0.445,0.223,1.559,0,0.891,0,1.114,3.786,0,0,0,0,0,0,0,0,0,0,0,0,0,0,0,0,0,0,0,0,0,0,0,0,0,5.345,0,0,2.895,0,4.677,0.223,0,0,0.223,0,0,0,0.223,0,1.559,0.223,0,0,0,0,0,0,0,0,0.445,0,0,0,NA,NA,NA,NA,NA,NA,NA,NA,NA,NA,NA,NA,NA,NA,NA,NA,NA,NA,NA,NA,NA,NA,NA,NA,NA,NA,NA,NA,NA,NA,NA,NA,23.608,2.45,13.363,5.122,0.891,"2024a","E2ZI7M",31.5983333333333
80,"Bulgaria",0,0,1994-12-18,199412,80951,"Movement for Rights and Freedoms","DPS",90,"NA",237,999,1996,NA,NA,5.442,0,NA,15,240,1,20,"NA",423,1.655,0.946,0,0,0.473,0,1.182,2.364,1.655,0,0,6.856,2.128,0,0,1.182,0,0.473,0.236,4.728,1.655,2.364,0.473,0,0,1.891,0,9.456,0,1.891,1.655,1.418,1.182,4.019,0,0,0.236,1.655,1.655,7.801,0,1.891,0,0.709,0,0.946,0,4.965,4.255,2.128,0,2.6,0,3.783,0.236,0.236,0.236,0.236,0,0.236,0,0,1.418,0,0,0,0,0,0,0,0,4.492,2.837,0,0,0,0,0,0,0,0,0,0,0,0,2.837,0,0.236,0,0,0,0,0,0,0,0,0,0.236,0.473,0,0,0.946,0,0,0,0,0,0.709,2.128,0,0,NA,NA,NA,NA,NA,NA,NA,NA,NA,NA,NA,NA,NA,NA,NA,NA,NA,NA,NA,NA,NA,NA,NA,NA,NA,NA,NA,NA,NA,NA,NA,NA,8.038,1.891,5.674,9.456,1.182,"2024a","IJIBYV",10.0957777777778
80,"Bulgaria",0,0,1997-04-19,199704,80220,"Bulgarian Socialist Party","BSP",30,"NA",237,999,1997,NA,NA,NA,NA,NA,NA,240,1,20,"NA",292,7.534,0.342,0,0,0,0.342,0,1.37,1.37,0,0,0.342,1.712,1.37,0,0,0,0.342,0.342,5.137,0.685,1.027,0,0,0,0,0,4.452,0,2.055,0.685,0.342,0,2.74,0,0,0.342,1.37,1.37,5.479,0,2.055,0,2.397,0,0.685,0,7.877,18.151,0,0,7.192,0,7.192,1.027,0.342,2.74,0.685,0.685,0,0,0,0,0,0,0,0,0,0,0,0,0,0,0,0,0,0,0,0,0,1.712,0,0,0,3.082,1.712,0,0,0,0,0,0,0,0,0,0,0,0,0,0,0,1.37,0,0,0,0,0,0.342,0,0,0,NA,NA,NA,NA,NA,NA,NA,NA,NA,NA,NA,NA,NA,NA,NA,NA,NA,NA,NA,NA,NA,NA,NA,NA,NA,NA,NA,NA,NA,NA,NA,NA,21.918,0.342,3.425,6.849,0.342,"2024a","CRNZ85",36.8815
80,"Bulgaria",0,0,1997-04-19,199704,80229,"Democratic Left","DL",30,"NA",999,999,NA,NA,NA,22.065,0,NA,58,240,4,20,"NA",292,7.534,0.342,0,0,0,0.342,0,1.37,1.37,0,0,0.342,1.712,1.37,0,0,0,0.342,0.342,5.137,0.685,1.027,0,0,0,0,0,4.452,0,2.055,0.685,0.342,0,2.74,0,0,0.342,1.37,1.37,5.479,0,2.055,0,2.397,0,0.685,0,7.877,18.151,0,0,7.192,0,7.192,1.027,0.342,2.74,0.685,0.685,0,0,0,0,0,0,0,0,0,0,0,0,0,0,0,0,0,0,0,0,0,1.712,0,0,0,3.082,1.712,0,0,0,0,0,0,0,0,0,0,0,0,0,0,0,1.37,0,0,0,0,0,0.342,0,0,0,NA,NA,NA,NA,NA,NA,NA,NA,NA,NA,NA,NA,NA,NA,NA,NA,NA,NA,NA,NA,NA,NA,NA,NA,NA,NA,NA,NA,NA,NA,NA,NA,21.918,0.342,3.425,6.849,0.342,"2024a","9R4TF7",22.065
80,"Bulgaria",0,0,1997-04-19,199704,80411,"United Democratic Forces","ODS",40,"NA",237,999,1997,NA,NA,52.238,0,NA,137,240,1,20,"NA",390,1.282,1.026,0,0,2.051,0.256,0,1.538,1.795,0,0,1.282,0.513,0.256,0,0.256,0,3.59,1.538,0.513,1.795,1.795,1.538,0,0,0,0,13.846,0,0.769,1.026,0.769,0,5.128,0,0,4.359,1.282,0.513,4.615,0,3.846,0,2.051,0,3.59,0,9.744,7.179,0,0,0.513,0,2.564,0.769,0,2.564,0.256,0,0,0,0,0,0,0,0,0,0,0,0,0,1.282,0,0,0,0,0,0,0,0,1.026,0,0.256,0.769,0.256,2.051,1.026,1.282,0,0,0.256,0,0,0,0,0.256,0,2.821,0,0,0,1.538,0,0,0,0,0,0.769,0,0,0,NA,NA,NA,NA,NA,NA,NA,NA,NA,NA,NA,NA,NA,NA,NA,NA,NA,NA,NA,NA,NA,NA,NA,NA,NA,NA,NA,NA,NA,NA,NA,NA,21.795,2.308,6.923,5.128,0.256,"2024a","REA6J5",26.034
80,"Bulgaria",0,0,1997-04-19,199704,80951,"Movement for Rights and Freedoms","DPS",90,"NA",998,998,NA,NA,NA,NA,NA,NA,NA,240,3,20,"NA",432,3.327,0.814,0,0,0.691,0,1.159,1.864,1.396,0,0,4.792,3.677,0.795,0,3.546,0,0.805,0.118,8.5,1.396,3.455,1.373,0.114,0.114,1.855,0,5.864,0,1.855,2.077,0.823,0.591,2.123,0,0,0.345,1.055,2.418,5.037,0,4.468,0,1.377,0,0.473,0,3.96,2.809,7.087,0,1.414,0,5.641,0.232,0.118,0.118,0.118,0.682,0.118,0,0,0.823,0,0,0,0,0,0,0,0,2.246,1.418,0,0,0,0,0,0,0,0,0,0,0,1.023,1.418,0,0.118,0,0,0,0,0,0,0,0,0,0.118,0.236,0,0,0.473,0,0.114,0,0,0,0.355,1.064,0,0,NA,NA,NA,NA,NA,NA,NA,NA,NA,NA,NA,NA,NA,NA,NA,NA,NA,NA,NA,NA,NA,NA,NA,NA,NA,NA,NA,NA,NA,NA,NA,NA,7.996,2.309,3.519,7.455,1.159,"2024a","GSQUTD",10.0957777777778
80,"Bulgaria",0,20,2001-06-18,200106,80221,"Coalition for Bulgaria","KzB",30,"NA",204,1,2001,0.903,NA,17.148,0,NA,48,240,8,20,"NA",646,1.084,0,0,0,2.786,0,0.155,3.096,3.251,0,0,0.31,0,0.155,0,0.31,0,2.786,1.238,2.786,2.322,5.108,2.941,0,0.464,0,0,4.644,1.858,2.012,7.74,0.31,0,1.084,0.155,0.155,4.025,5.573,0.929,10.062,0,6.656,0,2.632,0,0,0,8.204,0.619,0.774,0,0,0,9.288,0,1.084,0.619,0.31,0.774,0,0,0,0,0,0,0,0,0,0,0,0,0,0,0,0,0,0,0,0,0,0,0,0,0,0,1.703,0,0,0,0,0,0,0,0,0,0,0,0,0,0,0,0,0,0,0,0,0,0,0,0,0,NA,NA,NA,NA,NA,NA,NA,NA,NA,NA,NA,NA,NA,NA,NA,NA,NA,NA,NA,NA,NA,NA,NA,NA,NA,NA,NA,NA,NA,NA,NA,NA,2.786,3.251,3.406,10.991,0.155,"2024a","4IFD8L",21.6784
80,"Bulgaria",0,20,2001-06-18,200106,80411,"United Democratic Forces","ODS",40,"NA",204,1,2001,0.903,NA,18.18,0,NA,51,240,1,20,"NA",1027,3.797,0.876,0,0,2.921,0.389,0.195,0.876,2.337,0,0,0.487,0.876,1.266,0,2.24,0,2.629,0.292,7.984,4.09,5.063,5.55,0,0.682,0.195,0.097,1.266,0.389,1.85,12.95,0.195,0,2.24,0,0,1.85,3.213,0.487,7.205,0,3.019,0,1.461,0,0,0,6.134,0.682,1.947,0,0.389,0,3.797,0.682,1.461,1.558,0.682,2.532,0,0,0,0.682,0,0,0,0,0,0,0,0,0,0,0,0,0,0,0,0,0,0,0,0,0,0,0.487,0,0,0,0,0,0,0,0,0,0,0,0,0,0,0,0,0,0,0,0,0,0,0,0,0,NA,NA,NA,NA,NA,NA,NA,NA,NA,NA,NA,NA,NA,NA,NA,NA,NA,NA,NA,NA,NA,NA,NA,NA,NA,NA,NA,NA,NA,NA,NA,NA,13.535,5.745,6.329,7.692,0.584,"2024a","ZKOXUZ",26.034
80,"Bulgaria",0,20,2001-06-18,200106,80902,"National Movement Simeon the Second","NDSV",40,"NA",204,1,2001,0.903,NA,42.741,0,NA,120,240,1,20,"NA",529,3.592,0,0,0,2.079,0,0,4.537,3.592,0,0,0.378,0.945,2.079,0,1.512,0,1.701,0.567,1.89,1.701,4.159,9.263,0,0.189,0,0,0.189,0.756,1.89,11.531,0.189,0,2.457,0,0,3.214,3.025,0.756,8.885,0,7.183,0,2.268,0,0,0,3.214,0.378,0.189,0,0.378,0,4.726,0,0,2.079,0.756,4.159,0,0,0,0.378,0,0,0,0,0,0,0,0,0,0,0,0,0,0,0,0,0,0,0,0,0,0,3.214,0,0,0,0,0,0,0,0,0,0,0,0,0,0,0,0,0,0,0,0,0,0,0,0,0,NA,NA,NA,NA,NA,NA,NA,NA,NA,NA,NA,NA,NA,NA,NA,NA,NA,NA,NA,NA,NA,NA,NA,NA,NA,NA,NA,NA,NA,NA,NA,NA,-10.775,9.452,4.159,9.641,0,"2024a","K8CL53",31.3115
80,"Bulgaria",0,20,2001-06-18,200106,80951,"Movement for Rights and Freedoms","DPS",90,"NA",204,1,2001,0.903,NA,7.451,0,NA,21,240,1,20,"NA",440,5,0.682,0,0,0.909,0,1.136,1.364,1.136,0,0,2.727,5.227,1.591,0,5.909,0,1.136,0,12.273,1.136,4.545,2.273,0.227,0.227,1.818,0,2.273,0,1.818,2.5,0.227,0,0.227,0,0,0.455,0.455,3.182,2.273,0,7.045,0,2.045,0,0,0,2.955,1.364,12.045,0,0.227,0,7.5,0.227,0,0,0,1.364,0,0,0,0.227,0,0,0,0,0,0,0,0,0,0,0,0,0,0,0,0,0,0,0,0,0,2.045,0,0,0,0,0,0,0,0,0,0,0,0,0,0,0,0,0,0,0.227,0,0,0,0,0,0,0,NA,NA,NA,NA,NA,NA,NA,NA,NA,NA,NA,NA,NA,NA,NA,NA,NA,NA,NA,NA,NA,NA,NA,NA,NA,NA,NA,NA,NA,NA,NA,NA,7.955,2.727,1.364,5.455,1.136,"2024a","FABYP2",10.0957777777778
80,"Bulgaria",0,20,2005-06-25,200506,80220,"Bulgarian Socialist Party","BSP",30,"NA",204,2,2005,NA,NA,NA,NA,NA,NA,240,1,30,"NA",263,1.141,0.38,0,0,1.141,0.38,1.141,0.38,0.38,0,0,0,4.943,0.38,0,1.521,0,0.38,1.141,4.563,2.662,7.985,5.323,0,0.38,0.76,0,0.38,0,3.042,6.464,0,0,1.521,0,0,0.38,0.38,10.266,16.73,0.38,10.266,0,1.141,0,0,0,0.76,2.662,0.38,0,6.084,0,0.38,0,0,3.422,0,0,0,0,0,0,0,0,0,0,0,0,0,0,0,0,0,0,0,0,0,0,0,0,0,0,0,0,0.38,0,0,0,0,0,0,0,0,0,0,0,0,0,0,0,0,0,0,0,0,0,0,0,0,0,NA,NA,NA,NA,NA,NA,NA,NA,NA,NA,NA,NA,NA,NA,NA,NA,NA,NA,NA,NA,NA,NA,NA,NA,NA,NA,NA,NA,NA,NA,NA,NA,-22.814,5.323,4.183,26.996,1.521,"2024a","A3FSG9",36.8815
80,"Bulgaria",0,20,2005-06-25,200506,80221,"Coalition for Bulgaria","KzB",30,"NA",999,999,NA,NA,NA,30.952,0,NA,82,240,4,30,"NA",263,1.141,0.38,0,0,1.141,0.38,1.141,0.38,0.38,0,0,0,4.943,0.38,0,1.521,0,0.38,1.141,4.563,2.662,7.985,5.323,0,0.38,0.76,0,0.38,0,3.042,6.464,0,0,1.521,0,0,0.38,0.38,10.266,16.73,0.38,10.266,0,1.141,0,0,0,0.76,2.662,0.38,0,6.084,0,0.38,0,0,3.422,0,0,0,0,0,0,0,0,0,0,0,0,0,0,0,0,0,0,0,0,0,0,0,0,0,0,0,0,0.38,0,0,0,0,0,0,0,0,0,0,0,0,0,0,0,0,0,0,0,0,0,0,0,0,0,NA,NA,NA,NA,NA,NA,NA,NA,NA,NA,NA,NA,NA,NA,NA,NA,NA,NA,NA,NA,NA,NA,NA,NA,NA,NA,NA,NA,NA,NA,NA,NA,-22.814,5.323,4.183,26.996,1.521,"2024a","9X7T35",21.6784
80,"Bulgaria",0,20,2005-06-25,200506,80411,"United Democratic Forces","ODS",40,"NA",204,2,2005,NA,NA,7.684,0,NA,20,240,1,30,"NA",382,1.047,0.262,0,0,0.785,0.524,0.262,1.571,1.832,0,0,2.356,3.927,0.524,0,4.45,0,10.471,2.356,6.545,8.639,6.545,1.832,0,0.262,0,0,0,0,1.571,6.021,0,0,0,0,0.524,0.524,1.832,2.88,4.974,1.571,8.115,0,2.356,0,0,0,5.497,0.785,0,0,1.309,0,4.45,0,1.309,2.094,0,0,0,0,0,0,0,0,0,0,0,0,0,0,0,0,0,0,0,0,0,0,0,0,0,0,0,0,0,0,0,0,0,0,0,0,0,0,0,0,0,0,0,0,0,0,0,0,0,0,0,0,0,0,NA,NA,NA,NA,NA,NA,NA,NA,NA,NA,NA,NA,NA,NA,NA,NA,NA,NA,NA,NA,NA,NA,NA,NA,NA,NA,NA,NA,NA,NA,NA,NA,13.089,1.832,8.639,7.853,0.785,"2024a","GTZ2HL",26.034
80,"Bulgaria",0,20,2005-06-25,200506,80902,"National Movement Simeon the Second","NDSV",40,"NA",204,2,2005,NA,NA,19.882,0,NA,53,240,1,30,"NA",257,0,0.389,0,0,0,0,0,0.778,1.167,0,0,0.389,2.335,2.335,0,1.167,0,6.615,1.167,0.778,3.502,4.28,3.891,0,0.389,0,0,1.167,0,3.113,10.117,0,0,1.556,0,0.778,1.946,5.058,2.335,14.786,0,9.339,0,3.113,0,0.778,0,6.615,1.167,0.778,0,1.946,1.167,4.669,0,0,0,0,0,0,0,0,0,0,0,0,0,0,0,0,0,0,0,0,0,0,0,0,0,0,0,0,0,0,0,0.389,0,0,0,0,0,0,0,0,0,0,0,0,0,0,0,0,0,0,0,0,0,0,0,0,0,NA,NA,NA,NA,NA,NA,NA,NA,NA,NA,NA,NA,NA,NA,NA,NA,NA,NA,NA,NA,NA,NA,NA,NA,NA,NA,NA,NA,NA,NA,NA,NA,-8.56,3.891,5.058,17.121,0,"2024a","E8JX8A",31.3115
80,"Bulgaria",0,20,2005-06-25,200506,80951,"Movement for Rights and Freedoms","DPS",90,"NA",204,2,2005,NA,NA,12.812,0,NA,34,240,1,30,"NA",1107,0.903,0.542,0,0,1.355,0.181,0,1.716,0.994,0,0,1.626,3.523,1.626,0,3.162,0.271,5.601,0.452,3.884,4.065,6.414,0.542,0,0.09,0,0,0.632,0,2.349,5.601,0,0,2.078,0,0.632,4.788,5.239,2.8,9.937,0.903,5.33,0,0.361,0,0.181,0,0.271,0.361,0.452,0,3.613,0,8.943,0,3.523,3.433,0.181,0,0.542,0,0,0.542,0,0,0,0,0,0,0,0,0,0,0,0,0,0,0,0,0,0,0,0,0,0,0.271,0,0,0,0,0,0,0,0,0,0,0,0,0,0,0,0,0,0.09,0,0,0,0,0,0,0,NA,NA,NA,NA,NA,NA,NA,NA,NA,NA,NA,NA,NA,NA,NA,NA,NA,NA,NA,NA,NA,NA,NA,NA,NA,NA,NA,NA,NA,NA,NA,NA,-1.716,0.542,6.143,12.737,0.181,"2024a","X4RA77",10.0957777777778
80,"Bulgaria",0,10,2009-07-05,200907,80221,"Coalition for Bulgaria","KzB",30,"NA",204,3,2009,0.642,NA,17.7,0,NA,40,240,8,40,"NA",197,0,0,0,0,2.03,0,0,0,0,0,0,1.52,1.52,0.51,0,0,0,0,4.06,10.66,2.03,4.57,1.02,0,0,0,0,2.03,0.51,2.54,7.11,0,0,6.09,0,1.02,2.54,2.54,5.58,11.68,0,9.64,0,0.51,0,0,0,4.06,2.03,0,0,5.08,0,5.58,0,0,1.52,0,0,0,0,0,0,0,0,0,0,0,0,0,0,0,0,0,0,0,0,0,0,0,0,0,0,0,0,0,0,0,0,0,0,0,0,0,0,0,0,0,0,0,0,0,0,2.03,0,0,0,0,0,0,0,NA,NA,NA,NA,NA,NA,NA,NA,NA,NA,NA,NA,NA,NA,NA,NA,NA,NA,NA,NA,NA,NA,NA,NA,NA,NA,NA,NA,NA,NA,NA,NA,5.07,1.02,8.12,17.26,0,"2024a","5JUQTL",21.6784
80,"Bulgaria",0,10,2009-07-05,200907,80510,"Citizens for European Development of Bulgaria","GERB",50,"NA",332,4,2017,0.697,0.697,39.72,0,NA,116,240,1,120,"2024-1",931,0.537,0.107,0,0,2.578,0,0,2.363,1.182,0,0,0.43,7.304,0,0,0.644,0,11.815,3.652,0.859,0.537,2.793,0.752,0,0.644,0,0,0.322,0.967,3.33,15.467,0,0,1.933,0,1.611,3.222,6.66,0.859,6.015,0.322,2.793,0,3.437,0,1.504,0,6.982,0.107,0,0,1.826,0,4.941,0,0.537,0.967,0,0,0,0,0,0,0,0,0,0,0,0,0,0,0,0,0,0,0,0,0,0,0,0,0,0,0,0,0,0,0,0,0,0,0,0,0,0,0,0,0,0,0,0,0,0,0,0,0,0,0,0,0,0,NA,NA,NA,NA,NA,NA,NA,NA,NA,NA,NA,NA,NA,NA,NA,NA,NA,NA,NA,NA,NA,NA,NA,NA,NA,NA,NA,NA,NA,NA,NA,NA,0.43,0.752,2.47,6.874,0,"2024a","OSVZ6A",33.895
80,"Bulgaria",0,10,2009-07-05,200907,80951,"Movement for Rights and Freedoms","DPS",90,"NA",204,3,2009,0.642,NA,14.446,0,NA,38,240,1,40,"NA",126,0,0.79,0,0,0,0,0,0,5.56,0,0,0,3.97,0,0,0,0,2.38,0,17.46,4.76,7.94,11.11,0,1.59,0.79,0,0,3.97,2.38,3.17,2.38,0,10.32,0,0.79,0,0,2.38,1.59,0,3.97,0,0.79,0,0,0,0,0,1.59,0,0,0,5.56,0,2.38,2.38,0,0,0,0,0,0,0,0,0,0,0,0,0,0,0,0,0,0,0,0,0,0,0,0,0,0,0,0,0,0,0,0,0,0,0,0,0,0,0,0,0,0,0,0,0,0,0,0,0,0,0,0,0,0,NA,NA,NA,NA,NA,NA,NA,NA,NA,NA,NA,NA,NA,NA,NA,NA,NA,NA,NA,NA,NA,NA,NA,NA,NA,NA,NA,NA,NA,NA,NA,NA,17.46,13.49,15.08,3.97,0,"2024a","975JN9",10.0957777777778
80,"Bulgaria",0,10,2013-05-12,201305,80220,"Bulgarian Socialist Party","BSP",30,"NA",311,4,2014,0.866,0.712,26.612,0,NA,84,240,1,80,"2024-1",412,0,0,0,0.243,0,0,0,0.971,0.971,0,0,0.485,6.068,0.243,0.243,0.243,1.214,1.699,5.583,3.641,0,2.427,11.893,0.971,0,0.243,0,0,1.456,4.369,5.34,1.214,5.097,0,0.728,0.728,2.427,2.427,5.097,12.136,0,6.068,0,0.971,0,0.728,0,1.214,2.67,0,0,5.583,0,4.369,0,0.243,0,0,0,0,0,0,0,0,0,0,0,0,0,0,0,0,0,0,0,0,0,0,0,0,0,0,0,0,0,0,0,0,0,0,0,0,0,0,0,0,0,0,0,0,0,0,0,0,0,0,0,0,0,0,0,NA,NA,NA,NA,NA,NA,NA,NA,NA,NA,NA,NA,NA,NA,NA,NA,NA,NA,NA,NA,NA,NA,NA,NA,NA,NA,NA,NA,NA,NA,NA,NA,-38.107,14.078,0,17.233,0,"2024a","934JPO",36.8815
80,"Bulgaria",0,10,2013-05-12,201305,80510,"Citizens for European Development of Bulgaria","GERB",50,"NA",311,4,2014,0.866,0.712,30.539,0,NA,97,240,1,80,"2024-1",3085,0.13,0,0,0,2.917,0.292,0.13,2.075,1.945,0,0.227,1.167,1.556,0,0.162,0.583,1.718,4.862,5.154,1.426,1.912,2.528,3.89,0.875,0.032,0.551,0.227,0,0.292,10.47,14.165,0.097,0.032,1.329,0,0.032,4.344,5.9,1.361,6.126,0.194,4.992,0,0.972,0,0.032,0,8.298,1.07,0.032,0,2.431,0,2.982,0,0.032,0.454,0,0,0,0,0,0,0,0,0,0,0,0,0,0,0,0,0,0,0,0,0,0,0,0,0,0,0,0,0,0,0,0,0,0,0,0,0,0,0,0,0,0,0,0,0,0,0,0,0,0,0,0,0,0,NA,NA,NA,NA,NA,NA,NA,NA,NA,NA,NA,NA,NA,NA,NA,NA,NA,NA,NA,NA,NA,NA,NA,NA,NA,NA,NA,NA,NA,NA,NA,NA,-0.972,4.862,3.241,7.488,0.421,"2024a","V8IVBP",33.895
80,"Bulgaria",0,10,2013-05-12,201305,80951,"Movement for Rights and Freedoms","DPS",90,"NA",311,4,2014,0.866,0.712,11.307,0,NA,36,240,1,80,"2024-1",159,0,0,0,0,0,0,0,2.516,1.258,0,0,1.258,16.352,0,0,1.258,0.629,1.887,7.547,3.145,0.629,0,6.918,0,0,0,0,0,2.516,10.692,9.434,0,0,1.258,0,0,6.918,1.887,1.887,5.031,0,1.887,0,0,0,0,0,3.774,1.258,3.145,0,2.516,0,2.516,0,0,1.887,0,0,0,0,0,0,0,0,0,0,0,0,0,0,0,0,0,0,0,0,0,0,0,0,0,0,0,0,0,0,0,0,0,0,0,0,0,0,0,0,0,0,0,0,0,0,0,0,0,0,0,0,0,0,NA,NA,NA,NA,NA,NA,NA,NA,NA,NA,NA,NA,NA,NA,NA,NA,NA,NA,NA,NA,NA,NA,NA,NA,NA,NA,NA,NA,NA,NA,NA,NA,-23.899,6.918,1.887,6.918,0,"2024a","1XNQFO",10.0957777777778
80,"Bulgaria",0,10,2014-10-05,201410,80221,"BSP-Left Bulgaria","BSP-Left Bulgariya",30,"NA",332,5,2017,0.69,0.697,15.397,0,NA,39,240,8,120,"2024-1",270,0.37,0.37,0,0,0,0,0.741,2.593,1.481,0,0,0,9.63,0,0,0,0,4.074,1.852,10.37,0,2.222,6.296,0.37,0.37,0,0,1.481,0,3.333,12.593,0,0,0,0,0.37,0.741,2.963,2.222,14.444,0,2.963,0,3.704,0.37,1.111,0.37,0.37,0,0.741,0.37,5.556,0,3.333,1.481,0,0.741,0,0,0,0,0,0,0,0,0,0,0,0,0,0,0,0,0,0,0,0,0,0,0,0,0,0,0,0,0,0,0,0,0,0,0,0,0,0,0,0,0,0,0,0,0,0,0,0,0,0,0,0,0,0,0,0,0,0,9.63,0,0,0,10.37,0,0,0,0,0,0,0.37,3.704,0,0.37,0,0.37,0,0,0,0.741,0,0,0.37,0,0,3.333,0,-24.815,6.667,0,16.667,0.741,"2024a","446VPL",21.6784
80,"Bulgaria",0,10,2014-10-05,201410,80510,"Citizens for European Development of Bulgaria","GERB",50,"NA",332,5,2017,0.69,0.697,32.666,0,NA,84,240,1,120,"2024-1",716,0.14,0,0,0,0.978,0,0,0.559,0.419,0,0,0.419,5.168,0,1.676,0.838,0,13.128,2.654,9.916,1.117,4.609,0.419,0,0.14,0.978,0,2.793,0.698,5.726,11.592,0,0,0.559,0,2.235,2.374,2.374,0.838,10.894,0.14,5.307,0,1.257,0,0.14,0,3.492,1.117,0,0,1.676,0,2.514,0,0.698,0.419,0,0,0,0,0,0,0,0,0,0,0,0,0,0,0,0,0,0,0,0,0,0,0,0,0,0,0,0,0,0,0,0,0,0,0,0,0,0,0,0,0,0,0,0,0,0,0,0,0,0,0,0,0,0,0,0,0.14,0.279,4.19,0,0,0.978,7.542,0,2.235,0,0.14,0,0,2.235,1.257,0,0,0,3.492,0,0.978,0.14,0,0,0,0,0,0,2.514,0,-1.257,0.419,1.676,11.732,0,"2024a","S488QW",33.895
80,"Bulgaria",0,10,2014-10-05,201410,80951,"Movement for Rights and Freedoms","DPS",90,"NA",998,998,NA,NA,NA,14.837,0,NA,38,240,99,120,"NA",NA,NA,NA,NA,NA,NA,NA,NA,NA,NA,NA,NA,NA,NA,NA,NA,NA,NA,NA,NA,NA,NA,NA,NA,NA,NA,NA,NA,NA,NA,NA,NA,NA,NA,NA,NA,NA,NA,NA,NA,NA,NA,NA,NA,NA,NA,NA,NA,NA,NA,NA,NA,NA,NA,NA,NA,NA,NA,NA,NA,NA,NA,NA,NA,NA,NA,NA,NA,NA,NA,NA,NA,NA,NA,NA,NA,NA,NA,NA,NA,NA,NA,NA,NA,NA,NA,NA,NA,NA,NA,NA,NA,NA,NA,NA,NA,NA,NA,NA,NA,NA,NA,NA,NA,NA,NA,NA,NA,NA,NA,NA,NA,NA,NA,NA,NA,NA,NA,NA,NA,NA,NA,NA,NA,NA,NA,NA,NA,NA,NA,NA,NA,NA,NA,NA,NA,NA,NA,NA,NA,NA,NA,NA,NA,NA,NA,NA,NA,NA,"2024a","2USG73",10.0957777777778
80,"Bulgaria",0,10,2017-03-26,201703,80221,"BSP for Bulgaria","BSPzB",30,"NA",332,5,2017,0.69,0.697,27.195,0,NA,80,240,4,120,"2024-1",229,3.057,0.437,0,0,3.493,0,0,0.437,0.437,0,0,0.437,4.367,0.437,0,0.873,0,1.747,0.873,0.873,0.873,5.24,0.873,0,1.31,2.62,0,1.31,0.873,3.057,18.341,0,0.437,0.437,0,0.437,0,3.493,2.62,9.17,0,3.493,0,5.24,0,2.183,0,10.917,0.873,0,0,2.62,0,4.367,0.873,0,0.873,0,0,0,0,0,0,0,0,0,0,0,0,0,0,0,0,0,0,0,0,0,0,0,0,0,0,0,0,0,0,0,0,0,0,0,0,0,0,0,0,0,0,0,0,0,0,0,0,0,0,0,0,0,0,0,0,0,0.437,4.367,0,0,0,0.873,0,0,0,0,0,0,0.437,4.367,0.873,0,0,10.917,0,0.873,0,0,0,0,0,0,0,4.367,0,6.987,0.873,1.31,11.79,0,"2024a","NWOAC3",21.6784
80,"Bulgaria",0,10,2017-03-26,201703,80510,"Citizens for European Development of Bulgaria","GERB",50,"NA",332,5,2017,0.69,0.697,32.655,0,NA,95,240,1,120,"2024-1",906,0.331,2.318,0.11,0.11,5.188,0,0.331,4.746,1.876,0,0,0.11,0.993,0,0.773,0,0,7.174,1.325,0.993,1.104,3.311,0.883,0.221,0.331,0.773,0,2.428,0.442,4.967,16.998,0,0,1.435,0,1.876,3.863,5.96,0.773,5.298,0.552,3.091,0,2.208,0,1.214,0,8.499,0.221,0,0,0.662,0,4.967,0,0.331,1.214,0,0,0,0,0,0,0,0,0,0,0,0,0,0,0,0,0,0,0,0,0,0,0,0,0,0,0,0,0,0,0,0,0,0,0,0,0,0,0,0,0,0,0,0,0,0,0,0,0,0,0,0,0,0,0.11,0,0.11,0,0.993,0.11,0,0,0.993,0,0,0,0,0,0.11,1.766,1.325,0.883,0,0,8.499,0,0.221,0,0,0,0,0,0,0,4.967,0,7.726,1.104,2.539,6.071,0.442,"2024a","DT3MQ1",33.895
80,"Bulgaria",0,10,2017-03-26,201703,80951,"Movement for Rights and Freedoms","DPS",90,"NA",332,5,2017,0.69,0.697,8.993,0,NA,26,240,1,120,"2024-1",106,3.774,0,0,0,3.774,0,0,0.943,6.604,0,0,0,3.774,0,0,0,0,4.717,0,9.434,0.943,10.377,0,0,0,0,0,0,0.943,7.547,7.547,0,0,0,0,0,0,0,0,11.321,0,7.547,0,0,6.604,1.887,0,0.943,0,2.83,0,2.83,0,5.66,0,0,0,0,0,0,0,0,0,0,0,0,0,0,0,0,0,0,0,0,0,0,0,0,0,0,0,0,0,0,0,0,0,0,0,0,0,0,0,0,0,0,0,0,0,0,0,0,0,0,0,0,0,0,0,0,0,0,0,0,0,3.774,0,0,0,7.547,0,1.887,0,0,0,0,0,0,0,6.604,0,0.943,0,0,0,2.83,0,0,0,0,0,5.66,0,0.943,0,0.943,11.321,0,"2024a","FH9MFR",10.0957777777778
81,"Croatia",0,0,1990-04-22,199004,81220,"League of Communists of Croatia - Party of Democratic Changes","SKH-SDP",20,"NA",238,999,1996,0.766,NA,NA,NA,NA,NA,80,1,20,"NA",498,1.004,0,0,0,0,0,0,2.209,1.406,0,0,6.426,10.241,6.024,0,3.213,0,7.43,0,0.402,2.811,1.807,2.209,0,0,0,0.201,5.422,0,0.602,3.213,0,0.803,0,0,0,6.225,0.803,4.016,5.02,0,3.213,0,0,1.606,0.602,0.803,1.205,1.205,1.205,0,2.209,0,1.807,1.205,0.201,2.41,0,0,0,0,0,0,0,0,0,0,0,0,0,4.016,0,4.618,0,0,0,0,0,0,0,0,0.201,0,0.201,0,0,0,0,0,0,0.402,0,0,0,0,0,0,0,0,0,0,0,0,0,0,0,0,1.205,0.201,0,0,NA,NA,NA,NA,NA,NA,NA,NA,NA,NA,NA,NA,NA,NA,NA,NA,NA,NA,NA,NA,NA,NA,NA,NA,NA,NA,NA,NA,NA,NA,NA,NA,-5.221,2.209,2.811,9.036,0,"2024a","TZMDBO",17.0725
81,"Croatia",0,0,1990-04-22,199004,81229,"League of Communists of Croatia - Party of Democratic Changes and Socialist Party of Croatia","SKH-SDP-SSH",20,"NA",999,999,NA,NA,NA,34.975,0,NA,20,80,4,20,"NA",498,1.004,0,0,0,0,0,0,2.209,1.406,0,0,6.426,10.241,6.024,0,3.213,0,7.43,0,0.402,2.811,1.807,2.209,0,0,0,0.201,5.422,0,0.602,3.213,0,0.803,0,0,0,6.225,0.803,4.016,5.02,0,3.213,0,0,1.606,0.602,0.803,1.205,1.205,1.205,0,2.209,0,1.807,1.205,0.201,2.41,0,0,0,0,0,0,0,0,0,0,0,0,0,4.016,0,4.618,0,0,0,0,0,0,0,0,0.201,0,0.201,0,0,0,0,0,0,0.402,0,0,0,0,0,0,0,0,0,0,0,0,0,0,0,0,1.205,0.201,0,0,NA,NA,NA,NA,NA,NA,NA,NA,NA,NA,NA,NA,NA,NA,NA,NA,NA,NA,NA,NA,NA,NA,NA,NA,NA,NA,NA,NA,NA,NA,NA,NA,-5.221,2.209,2.811,9.036,0,"2024a","DGO31X",34.975
81,"Croatia",0,0,1990-04-22,199004,81420,"Coalition of People’s Accord","KNS",40,"NA",238,999,1996,0.766,NA,15.337,0,NA,3,80,8,20,"NA",276,2.174,0,0,0.725,0,0.362,0.362,3.623,3.261,0,0,2.174,2.174,0.725,0.725,1.449,0.362,3.261,0,0.362,15.942,4.71,5.072,0,0,0,0.725,9.058,0,0.362,6.522,0,1.449,0,0,0,2.174,1.449,0.725,1.812,0,0,0,0.362,0,0,0,0.362,1.087,0,0,0,0,4.71,0.362,0,0,0,0,0,0,0,0,0,0,0,0,0,0,0,10.507,0,2.899,0,0,0,0,0,0,0,0,0,0,0,0,0,0,0,0,0,1.087,0,0,0,0,0,0,0,0,0,0,0,0,0,0,0,0,5.072,1.812,0,0,NA,NA,NA,NA,NA,NA,NA,NA,NA,NA,NA,NA,NA,NA,NA,NA,NA,NA,NA,NA,NA,NA,NA,NA,NA,NA,NA,NA,NA,NA,NA,NA,10.87,5.072,15.942,2.536,0.725,"2024a","CEP8KT",15.337
81,"Croatia",0,0,1990-04-22,199004,81711,"Croatian Democratic Union","HDZ",70,"NA",238,999,1996,0.766,NA,41.927,0,NA,55,80,1,20,"NA",149,3.356,0,0,0,0,2.013,3.356,2.013,0.671,0,0,7.383,10.067,1.342,2.013,0.671,0,0.671,0,0,2.013,4.698,0,0,0,0,0,7.383,0,0,4.027,0,0,0.671,0,0,2.013,0.671,5.369,2.685,0,0,0,1.342,0,1.342,0.671,0,6.04,2.013,0,1.342,0,2.685,0,0.671,0,0,0,0,0,0,0,0,0,0,0,0,0,0,8.725,0,5.369,0,0,0,0,0,0,0,0,0,2.013,0,0,0,0,0,0,0,0.671,0,0,0,0,0,0,0,0,0,0,0,0,0,0,0,0,3.356,0.671,0,0,NA,NA,NA,NA,NA,NA,NA,NA,NA,NA,NA,NA,NA,NA,NA,NA,NA,NA,NA,NA,NA,NA,NA,NA,NA,NA,NA,NA,NA,NA,NA,NA,3.356,0,2.685,8.054,5.369,"2024a","3P5ZWJ",35.6525555555556
81,"Croatia",0,0,1992-08-02,199208,81220,"Social Democratic Party of Croatia - Party of Democratic Changes","SDPH",20,"NA",238,999,1996,0.766,NA,5.526,0,NA,3,138,1,20,"NA",488,0.41,0.615,0,0,0,0,0.82,2.664,1.23,0,0,4.098,3.484,5.738,1.23,5.943,0.205,0.41,0.41,3.484,3.279,2.459,3.484,0,0.82,0,0.205,6.967,0,1.434,2.869,0,0,1.434,0,0,5.533,0,7.582,8.811,0,2.459,0,0.41,0,0.615,0,2.254,0.205,0.41,0,3.484,0,6.762,1.434,0,0.205,0,0,0,0,0,0.205,0,0,0,0,0,0.41,0,0,0,0,0,0,0,0,0,0,0,0,0,0,0,0,0,0,0,0,0,0.82,0,0,0,0,0,0,0,0,0,0,0,0,0,0,0,0,0,0.41,0,4.303,NA,NA,NA,NA,NA,NA,NA,NA,NA,NA,NA,NA,NA,NA,NA,NA,NA,NA,NA,NA,NA,NA,NA,NA,NA,NA,NA,NA,NA,NA,NA,NA,-1.025,3.484,4.713,16.393,0.82,"2024a","NYKMSV",17.0725
81,"Croatia",0,0,1992-08-02,199208,81410,"Croatian Social-Liberal Party","HSLS",40,"NA",238,999,1996,0.766,NA,17.722,0,NA,13,138,1,20,"NA",1233,0.243,1.622,0.162,0.081,1.622,0.649,0.406,5.434,1.135,0.649,0,5.434,2.676,1.541,0.73,5.758,0,2.676,2.19,3.812,7.299,2.92,0.568,0.081,0,0.081,0.243,3.812,0,0,3.487,0.973,0.324,1.46,0,0,4.704,2.514,3.163,1.298,0.243,4.704,0.487,3.163,0.406,1.298,0.487,1.46,2.514,1.622,0,1.135,0,1.379,0.324,0,0.892,0,0,0,0,0,2.514,0,0,0,0,0,2.676,0,0,0,0.487,0,0,0,0,0,0,0,0,0,0,0,0,0,0,0,0,0,0,0,0,0,0,0,0,0,0,0,0,0,0,0,0,0,0,0.73,0.081,1.379,2.271,NA,NA,NA,NA,NA,NA,NA,NA,NA,NA,NA,NA,NA,NA,NA,NA,NA,NA,NA,NA,NA,NA,NA,NA,NA,NA,NA,NA,NA,NA,NA,NA,14.599,1.622,8.759,4.461,1.217,"2024a","VNTWRH",14.637
81,"Croatia",0,0,1992-08-02,199208,81711,"Croatian Democratic Union","HDZ",70,"NA",238,999,1996,0.766,NA,44.705,0,NA,85,138,1,20,"NA",62,3.226,0,0,0,1.613,0,4.839,8.065,0,0,0,0,4.839,1.613,0,3.226,1.613,0,0,19.355,1.613,1.613,0,0,0,0,0,4.839,0,3.226,0,0,0,1.613,0,0,0,1.613,8.065,1.613,0,0,0,9.677,0,1.613,0,1.613,6.452,0,0,1.613,0,1.613,0,0,0,0,0,0,0,0,0,0,0,0,0,0,0,0,0,0,0,0,0,0,0,0,0,0,0,0,0,0,0,0,0,0,0,0,0,0,0,0,0,0,0,0,0,0,0,0,0,0,0,0,0,1.613,1.613,0,1.613,NA,NA,NA,NA,NA,NA,NA,NA,NA,NA,NA,NA,NA,NA,NA,NA,NA,NA,NA,NA,NA,NA,NA,NA,NA,NA,NA,NA,NA,NA,NA,NA,25.806,0,3.226,9.677,4.839,"2024a","LMUU7J",35.6525555555556
81,"Croatia",0,0,1995-10-29,199510,81220,"Social Democratic Party of Croatia","SDP",20,"NA",238,999,1996,0.766,NA,8.93,0,NA,9,127,1,20,"NA",133,2.256,0.752,0,0,1.504,0,0,0.752,4.511,0.752,0,5.263,9.774,1.504,0,5.263,0,0.752,0,12.782,2.256,0,1.504,0.752,0,0,0,0.752,0,2.256,0,0,0,0,0,0,0.752,0,14.286,5.263,0,2.256,0,1.504,1.504,0,1.504,0,5.263,3.759,0,6.767,0,0.752,0,0,1.504,0,0,0,0,0,0,0,0,0,0,0,0,0,0,0,0,0,0,0,0,0,0,0,0,0,0,0,0,0,0,0,0,0,0,0,0,0,0,0,0,0,0,0,0,0,0,0,0,0,0,0.752,0,0,0.752,NA,NA,NA,NA,NA,NA,NA,NA,NA,NA,NA,NA,NA,NA,NA,NA,NA,NA,NA,NA,NA,NA,NA,NA,NA,NA,NA,NA,NA,NA,NA,NA,3.008,2.256,2.256,19.549,0,"2024a","Y82TFQ",17.0725
81,"Croatia",0,0,1995-10-29,199510,81410,"Croatian Social-Liberal Party","HSLS",40,"NA",238,999,1996,0.766,NA,11.552,0,NA,11,127,1,20,"NA",1094,0.914,1.828,0.091,0.091,2.468,0.64,0.457,4.388,1.463,0.091,0,5.667,3.016,1.463,0.64,3.748,0,2.011,2.377,2.742,7.587,2.742,0.64,0.091,0,0.091,0.274,3.016,0,0.366,3.748,0.731,0.457,1.645,0,0,5.85,2.925,3.656,2.285,0.183,5.027,0.183,2.102,0.64,1.554,0.091,1.737,2.377,2.559,0,0.731,0,1.463,0.548,0,0.731,0,0,0,0,0,2.559,0,0,0,0,0,2.742,0,0,0,0,0,0,0,0,0,0,0,0,0,0,0,0,0,0,0,0,0,0,0,0,0,0,0,0,0,0,0,0,0,0,0,0,0,0,0.64,0.091,1.737,2.102,NA,NA,NA,NA,NA,NA,NA,NA,NA,NA,NA,NA,NA,NA,NA,NA,NA,NA,NA,NA,NA,NA,NA,NA,NA,NA,NA,NA,NA,NA,NA,NA,13.894,1.463,9.232,5.941,1.188,"2024a","J7RW3U",14.637
81,"Croatia",0,0,1995-10-29,199510,81711,"Croatian Democratic Union","HDZ",70,"NA",238,999,1996,0.766,NA,45.231,0,NA,75,127,1,20,"NA",57,1.754,0,0,0,5.263,0,1.754,5.263,0,1.754,0,0,5.263,0,0,1.754,0,1.754,0,40.351,0,0,0,0,0,0,0,1.754,0,0,0,0,0,0,0,0,0,0,0,0,0,0,0,7.018,3.509,0,0,0,7.018,1.754,0,0,0,0,0,0,5.263,0,0,0,0,0,0,0,0,0,0,0,1.754,0,0,0,0,0,0,0,0,0,0,0,0,0,0,0,0,0,0,0,0,0,0,0,0,0,0,0,0,0,0,0,0,0,0,0,0,0,0,5.263,1.754,0,0,NA,NA,NA,NA,NA,NA,NA,NA,NA,NA,NA,NA,NA,NA,NA,NA,NA,NA,NA,NA,NA,NA,NA,NA,NA,NA,NA,NA,NA,NA,NA,NA,47.368,0,0,0,1.754,"2024a","SJC1DR",35.6525555555556
81,"Croatia",0,0,1995-10-29,199510,81899,"Joint List Bloc","ZL",90,"NA",999,999,NA,NA,NA,18.259,0,NA,20,127,5,20,"NA",158,0.484,1.218,0,0,0.245,0.949,0.959,1.906,2.008,0,0,5.573,5.127,0.665,0.123,11.559,0.238,0.543,1.327,1.313,3.967,1.343,2.131,0.123,0,0.21,0.246,3.944,0,0.483,2.481,0,0,0.368,0,0,2.79,3.705,7.793,3.862,0,4.612,0,2.843,0.722,2.5,0,1.055,3.758,5.296,0,0.368,0,3.262,0.456,0.123,3.509,0,0,0,0,0,0.123,0,0,0,0,0,0.606,0,0,0,0,0.246,0.123,0,0,0,0,0,0,0,0,0,0,0,0,0,0,0,0.123,0,0,0,0,0,0,0,0,0,0,0,0,0,0,0,0,1.105,0,0.368,1.12,NA,NA,NA,NA,NA,NA,NA,NA,NA,NA,NA,NA,NA,NA,NA,NA,NA,NA,NA,NA,NA,NA,NA,NA,NA,NA,NA,NA,NA,NA,NA,NA,3.629,2.254,4.335,11.655,1.908,"2024a","ASTN6R",18.259
81,"Croatia",0,0,2000-01-03,200001,81021,"Coalition of the Social Democratic Party of Croatia and the Croatian Social-liberal Party","SDP-HSLS",98,"NA",279,3,2010,0.78,NA,40.991,0,NA,71,151,2,40,"2024-1",310,0.323,0,0,0,2.258,0,0,1.935,1.29,0,0,2.258,10.968,0,0,2.903,0,2.581,0.645,1.935,1.935,3.548,0.968,0,0.323,0.968,1.613,0.968,0.323,13.871,2.258,0.323,0,2.581,0,0.645,0.323,1.613,1.29,6.452,0,4.839,0,1.29,0,0.323,0,0.645,2.581,0.323,0,6.129,0,5.484,0,0,1.935,0,0,0,0,0,0,0,0,0,0,0,0,0,0,0,0,0,0,0,0,0,0,0,0,0,0,0,0,2.581,0,0,0,0,0,0,0,0,2.581,0.323,0,0.323,0,0,0,0,0,0.645,0,0,0,1.613,0.323,0,0.968,NA,NA,NA,NA,NA,NA,NA,NA,NA,NA,NA,NA,NA,NA,NA,NA,NA,NA,NA,NA,NA,NA,NA,NA,NA,NA,NA,NA,NA,NA,NA,NA,-11.613,1.29,4.516,7.742,0,"2024a","NBNR3P",40.991
81,"Croatia",0,0,2000-01-03,200001,81220,"Social Democratic Party of Croatia","SDP",20,"NA",279,3,2010,0.78,NA,NA,NA,NA,NA,151,1,40,"2024-1",402,0,0,0,0,2.736,0.249,0.498,4.726,1.741,0,0,3.483,12.438,1.493,0,2.488,0,1.244,0.746,3.98,4.229,2.488,0.746,0,0.498,0.249,0.746,1.493,0.249,7.96,1.99,0,0,0.498,0,0.746,0.249,0.249,2.985,5.721,0,3.98,0,2.736,0,0.498,0,1.244,3.98,0.498,0,6.716,0,3.731,0,0,0,0,0,0,0,0,0.249,0,0,0,0,0,0,0,0,0,0,0,0,0,0,0,0,0,0,0,0,0,0,1.244,0,0,0,0,0,0,0,0,1.741,0,0,0,0.498,0,0,0.249,0,0.249,0,0,0,1.493,1.244,1.741,0.995,NA,NA,NA,NA,NA,NA,NA,NA,NA,NA,NA,NA,NA,NA,NA,NA,NA,NA,NA,NA,NA,NA,NA,NA,NA,NA,NA,NA,NA,NA,NA,NA,-7.214,0.746,4.726,8.706,0.746,"2024a","WOVCJ6",17.0725
81,"Croatia",0,0,2000-01-03,200001,81711,"Croatian Democratic Union","HDZ",70,"NA",279,3,2010,0.78,NA,24.46,0,NA,46,151,1,40,"NA",1460,8.493,0,0,0,0.205,0,0,2.603,0.616,0,0,1.164,1.575,0,0,1.096,0,0.479,0.205,0.685,0.479,3.014,0.479,0,0.205,0.274,0.89,5.205,0,3.014,9.041,0,0,0.411,0,0.342,4.932,5.411,1.712,18.425,0,1.986,0,3.562,0,0.205,0,1.027,1.027,0,0,0.753,0,3.356,0,0.137,0.411,0,0,0,0,0,2.329,0,0,0,0,0,0,0,0,0,0.411,0,0,0,0,0,0,0,0,0,0,0,0,3.836,0,0.068,0.068,0,0,0,0,0,0,0,0,0,0,0,0,0,0,0,0,0,0,1.37,2.123,1.644,4.726,NA,NA,NA,NA,NA,NA,NA,NA,NA,NA,NA,NA,NA,NA,NA,NA,NA,NA,NA,NA,NA,NA,NA,NA,NA,NA,NA,NA,NA,NA,NA,NA,-13.425,0.479,0.89,20.137,0,"2024a","JK17R8",35.6525555555556
81,"Croatia",0,0,2003-11-23,200311,81220,"Social Democratic Party of Croatia","SDP",20,"NA",279,3,2010,0.78,NA,22.6,0,NA,43,152,1,40,"2024-1",165,0,0,0,0,3.636,0.606,0,2.424,1.818,0,0,0,1.818,0,0,3.636,0,10.303,0.606,4.242,0,3.03,0,0,0,0,0,0,0,3.03,13.939,0,0,0.606,0,0,1.818,2.424,4.242,14.545,0,7.273,0,1.212,0,2.424,0,1.818,0,3.03,0,4.848,0,0.606,0,0,2.424,0,0,0,0,0,0,0,0,0,0,0,0,0,0,0,0,0,0,0,0,0,0,0,0,0,0,0,0,0,0,0,0,0,0,0,0,0,0,0.606,0,0,0,0,0,0,0,0,0,0,0,0,0,3.03,0,NA,NA,NA,NA,NA,NA,NA,NA,NA,NA,NA,NA,NA,NA,NA,NA,NA,NA,NA,NA,NA,NA,NA,NA,NA,NA,NA,NA,NA,NA,NA,NA,-14.545,0,0.606,18.788,0.606,"2024a","527TUU",17.0725
81,"Croatia",0,0,2003-11-23,200311,81711,"Croatian Democratic Union","HDZ",70,"NA",279,3,2010,0.78,NA,33.913,0,NA,66,152,1,40,"2024-1",1234,0.324,0,0,0,2.35,0,0.648,2.431,1.459,0,0,0.162,2.188,0,0,0.324,0,4.052,1.621,3.323,1.54,2.431,0.081,0.081,0,0.324,0,2.755,0,4.781,9.319,0,0,0.729,0,0.567,2.674,4.619,0.405,6.888,0,3.647,0,4.862,0,1.459,0,6.969,0.891,0,0,1.053,0,7.78,0,0,0.243,0,0.81,0,0,0,0.972,0,0,0,0,0,0,0,0,0,0,0,0,0,0,0,0,0,0,0,0,0,0.081,0.243,0,0,0,0,0,0,0,0,0.243,0.162,0,0.162,0,0,0,6.564,0,3.485,0,0,0,1.297,0,0.405,2.593,NA,NA,NA,NA,NA,NA,NA,NA,NA,NA,NA,NA,NA,NA,NA,NA,NA,NA,NA,NA,NA,NA,NA,NA,NA,NA,NA,NA,NA,NA,NA,NA,7.374,0.162,2.269,7.293,0.648,"2024a","MASP8C",35.6525555555556
81,"Croatia",0,20,2007-11-25,200711,81220,"Social Democratic Party of Croatia","SDP",20,"NA",279,3,2010,0.78,NA,31.234,0,NA,56,153,1,40,"2024-1",453,2.428,0,0,0,1.325,0,0.221,1.325,3.091,0,0,1.545,3.532,0,0,2.208,0,10.596,3.311,7.726,0.221,0.221,0,0,0,0,0,0.221,0,6.181,1.987,0,0.662,0.442,0,0.221,0.221,0,4.857,11.921,0,8.83,0,7.947,0,0,0,2.208,1.104,0.221,0,5.519,0,2.649,0,0,4.415,0,0,0,0,0,0,0,0,0,0,0,0,0,0,0,0,0,0,0,0,0,0,0,0,0,0,0,0,0,0,0,0,0,0,0,0,0,0,0,0,0.221,0,0,0,1.325,0,0,0,0,0,0,1.104,0,0,NA,NA,NA,NA,NA,NA,NA,NA,NA,NA,NA,NA,NA,NA,NA,NA,NA,NA,NA,NA,NA,NA,NA,NA,NA,NA,NA,NA,NA,NA,NA,NA,-9.272,0,0.662,16.777,0.221,"2024a","5IEDYN",17.0725
81,"Croatia",0,20,2007-11-25,200711,81711,"Croatian Democratic Union","HDZ",70,"NA",279,3,2010,0.78,NA,36.552,0,NA,66,153,1,40,"2024-1",1358,4.639,0,0,0,2.504,0,0.442,1.767,1.031,0,0,0.368,0.221,0,0,0.515,0,6.259,3.166,6.186,1.546,2.946,0.221,0.147,0.736,0.147,0.074,1.178,0,6.406,11.561,0,0.221,1.767,0,0.221,3.903,3.24,0.442,6.627,0,5.744,0,3.387,0,1.178,0,2.651,2.283,0,0,3.756,0,3.756,0,0,1.841,0,0.074,0,0,0,0.81,0,0,0,0,0,0,0,0,0,0.884,0,0,0,0,0,0,0,0,0,0,0,0,1.399,0.147,0,0,0,0,0,0,0,0,0,0,0.074,0,0,0,0,0,0,0,0,0,2.651,0.074,0.81,0,NA,NA,NA,NA,NA,NA,NA,NA,NA,NA,NA,NA,NA,NA,NA,NA,NA,NA,NA,NA,NA,NA,NA,NA,NA,NA,NA,NA,NA,NA,NA,NA,5.596,0.368,3.314,7.069,0.442,"2024a","FFBH5V",35.6525555555556
81,"Croatia",0,20,2011-12-04,201112,81032,"Kukuriku Coalition","Kukuriku",30,"NA",279,4,2011,0.882,0.735,40.719,0,NA,80,151,8,60,"2024-1",1358,0.663,0,0,0,2.43,0,0,1.546,6.112,0,0,2.43,0,0,0,3.976,0,7.879,3.829,1.031,0.147,1.841,0.221,0,0.295,0,0,2.577,0,10.236,2.798,0,0.147,1.252,0,0,2.283,3.314,2.135,10.457,0,5.523,0,0.663,0,0,0,1.105,1.62,0.074,0,9.352,0,6.406,0,0,2.209,0,0,0,0,0,0.957,0,0,0,0,0,0,0,0,0,0,0,0,0,0,0,0,0,0,0,0,0,0,0,0,0,0,0,0,0,0,0,0,0,0,0,0,0,0,0,0,0.957,0,0,0,0,0.147,3.387,0,NA,NA,NA,NA,NA,NA,NA,NA,NA,NA,NA,NA,NA,NA,NA,NA,NA,NA,NA,NA,NA,NA,NA,NA,NA,NA,NA,NA,NA,NA,NA,NA,-14.728,0.221,1.399,12.592,0,"2024a","CN9S28",32.4475
81,"Croatia",0,20,2011-12-04,201112,81711,"Croatian Democratic Union","HDZ",70,"NA",279,4,2011,0.882,0.735,23.919,0,NA,47,151,1,60,"2024-1",974,0,0,0,0,3.183,0,0,0.308,2.669,0,0,0,0.205,0,0,0.411,0,8.008,3.901,0.308,0.103,2.669,0,0.103,0,0,0,2.977,0,11.396,10.883,0,0.513,1.437,0,0,4.62,4.107,3.593,13.244,0,4.107,0,1.335,0,2.875,0,2.464,1.335,0,0,3.593,0,3.285,0,0.308,0.308,0,0,0,0,0,0.205,0,0,0,0,0,0,0,0.308,0,0,0,0,0,0,0,0,0,0,0,0,0,0,0,0,0,0,0,0,0,0,0,0,0,0,0,0,0,0,0,0,0,0,0,0,2.053,0.205,2.875,0.103,NA,NA,NA,NA,NA,NA,NA,NA,NA,NA,NA,NA,NA,NA,NA,NA,NA,NA,NA,NA,NA,NA,NA,NA,NA,NA,NA,NA,NA,NA,NA,NA,-6.366,0.103,1.54,16.838,0,"2024a","C4TISN",35.6525555555556
81,"Croatia",0,10,2015-11-08,201511,81032,"Croatia is growing","",30,"NA",279,5,2016,0.916,0.826,31.402,0,NA,56,151,8,111,"2024-1",522,0.192,0,0,0,1.533,0,0,0,0.766,0,0,1.533,0.192,0,0,3.257,0,4.598,1.724,0,0,5.364,1.533,0,0.383,0,0,1.533,2.874,10.153,9.962,0.575,0,2.49,0,0,5.556,3.831,3.64,13.793,0,6.13,0,0,0,0,0,2.682,3.257,0.958,0,7.471,0,2.299,0,1.149,0.575,0,0,0,0,0,0,0,0,0,0,0,0,0,0,0,0,0,0,0,0,0,0,0,0,0,0,0,0,0,0,0,0,0,0,0,0,0,0,0,0,0,0,0,0,0,0,0,0,0,0,0,0,0,0,0,0,0.192,1.341,0.192,0,0,0,0,0,0,0,0,0,0,0,0,0,0,0,2.682,0,3.257,0,0.958,0,0,0,0,0,2.299,0,-12.835,2.107,2.49,17.433,0,"2024a","7FBMMJ",32.4475
81,"Croatia",0,10,2015-11-08,201511,81061,"Patriotic Coalition","",60,"NA",279,5,2016,0.916,0.826,32.592,0,NA,59,151,8,111,"2024-1",396,0,2.778,0,0,1.768,0,0,2.778,0.505,0,0,0,0,0,0,0.505,0,6.566,0.253,0,0.505,12.626,1.263,0,0.758,0.758,0,1.768,0.253,4.798,13.131,0,0.253,1.263,0,0.253,3.788,2.778,2.02,9.091,0,3.535,0,4.798,0,4.293,0,5.303,0.758,0.505,0,4.545,0,3.788,0.253,0.758,1.01,0,0,0,0,0,0,0,0,0,0,0,0,0,0,0,0,0,0,0,0,0,0,0,0,0,0,0,0,0,0,0,0,0,0,0,0,0,0,0,0,0,0,0,0,0,0,0,0,0,0,0,0,0,0,0,0,0,0,0,0,0,0,0,0,0,0,0,0,0,0.253,4.798,0,0,0,5.303,0,0.758,0,0.505,0,0,0,0,0,3.788,0,9.091,1.263,1.768,11.111,0,"2024a","BA9AOD",32.592
81,"Croatia",0,10,2016-09-11,201609,81032,"People's coalition","",30,"NA",279,5,2016,0.916,0.826,32.795,0,NA,54,151,8,120,"2024-1",1721,0,0,0,0,0.174,0,0.581,2.499,0.058,0,0,0.174,0.058,0.116,0,2.266,0,3.428,0.116,0.174,0,9.297,0.349,0,0.523,0,0,0.697,1.569,4.648,14.643,0.291,1.743,2.847,0,2.324,3.835,3.254,3.254,12.493,0,7.089,0,0,0,0,0,6.798,0.058,0.116,0,4.59,0,8.6,0,0.174,1.162,0,0,0,0,0,0,0,0,0,0,0,0,0,0,0,0,0,0,0,0,0,0,0,0,0,0,0,0,0,0,0,0,0,0,0,0,0,0,0,0,0,0,0,0,0,0,0,0,0,0,0,0,0,0,0,0,0.116,0.058,0.058,0,0,0,0.058,0,0.116,0,0,0,0,2.324,0,0,0,0,6.798,0,0.058,0,0.116,0,0,0,0,0,8.6,0,-10.052,0.639,2.847,15.747,0.581,"2024a","QLLJUR",32.4475
81,"Croatia",0,10,2016-09-11,201609,81711,"Croatian Democratic Union","HDZ",70,"NA",279,5,2016,0.916,0.826,32.911,1,NA,56,151,1,120,"2024-1",2040,0,0.539,0,0,0.686,0,0,1.324,0.245,0,0,1.618,0.049,0,0,1.618,0,5.294,0.49,0.343,0.147,6.618,1.275,0,0.147,0.343,0,1.765,1.275,10.539,10.882,0.147,0.196,4.216,0,1.716,1.912,5.686,3.578,11.078,0,5.931,0,2.255,0,1.814,0,3.725,1.127,0.147,0,5,0,5.245,0,0.196,0.833,0,0,0,0,0,0,0,0,0,0,0,0,0,0,0,0,0,0,0,0,0,0,0,0,0,0,0,0,0,0,0,0,0,0,0,0,0,0,0,0,0,0,0,0,0,0,0,0,0,0,0,0,0,0,0,0,0.294,1.324,0.049,0,0,0,0.098,0,0.245,0,0,0,0,1.716,2.255,0,0,0,3.725,0,1.127,0,0.147,0,0,0,0,0,5.245,0,-2.794,1.422,4.363,14.657,0,"2024a","RRZIDO",35.6525555555556
81,"Croatia",0,10,2020-07-05,202007,81032,"Restart Coalition","",30,"NA",279,5,2021,0.92,0.941,24.874,0,NA,41,151,8,160,"2024-1",769,0.13,0,0,0,2.471,0,0.13,1.691,2.861,0,0,2.471,3.381,0.13,0,1.3,0,9.883,3.121,4.031,1.04,5.722,0.13,0,0,0,0,4.811,8.973,2.081,2.991,0.78,0.65,0.13,0,2.601,1.43,0.78,6.892,12.744,0,5.202,0,0.39,0,0,0.26,0.52,1.04,0,0,4.681,0,1.56,0,0.39,2.601,0,0,0,0,0,0,0,0,0,0,0,0,0,0,0,0,0,0,0,0,0,0,0,0,0,0,0,0,0,0,0,0,0,0,0,0,0,0,0,0,0,0,0,0,0,0,0,0,0,0,0,0,0,0,0,0,1.04,1.43,3.251,0,0,0.13,4.031,0,0,0,0,0,0,2.601,0.39,0,0,0,0.52,0,1.04,0,0,0,0,0,0,0,1.56,0,-11.443,0.91,1.17,19.636,0.13,"2024a","H27ZC6",32.4475
81,"Croatia",0,10,2020-07-05,202007,81711,"Croatian Democratic Union","HDZ",70,"NA",279,5,2021,0.92,0.941,37.255,0,NA,66,151,4,160,"2024-1",2387,0,1.257,0,0,1.382,0,0,1.382,1.215,0,0,0.461,3.393,0,0,0.838,0,4.399,1.215,0.545,0.377,6.075,0.503,0,0.084,0.042,0.168,0.209,0.628,8.421,15.04,0.251,0.042,1.508,0,3.687,1.969,3.435,6.494,9.133,0.042,3.812,0,6.075,0.084,0.251,0,2.849,1.424,0.335,0,4.734,0,6.033,0,0,0.209,0,0,0,0,0,0,0,0,0,0,0,0,0,0,0,0,0,0,0,0,0,0,0,0,0,0,0,0,0,0,0,0,0,0,0,0,0,0,0,0,0,0,0,0,0,0,0,0,0,0,0,0,0,0,0,0,0.084,0.377,3.393,0,0,0,0.545,0,0,0,0,0,0,3.687,6.075,0,0.084,0,2.849,0,1.424,0,0.335,0,0,0,0,0,6.033,0,-2.137,0.754,1.885,15.626,0,"2024a","5AKXDU",35.6525555555556
81,"Croatia",0,10,2020-07-05,202007,81714,"Miroslav Škoro Homeland Movement","DPMŠ",70,"NA",279,5,2021,0.92,0.941,10.888,0,NA,16,151,8,160,"2024-1",302,0,0,0,0,0.662,0,0,0,0.331,0,0.331,1.325,4.636,0,0,4.967,0,3.311,0.993,1.656,2.318,12.252,0,0,0,0.331,0,0,0.331,13.907,14.901,0.331,0,0,0,6.954,4.305,0.331,3.974,2.318,0,0.993,0,6.623,0,1.656,0,0.662,0,0,0,4.305,0,5.298,0,0,0,0,0,0,0,0,0,0,0,0,0,0,0,0,0,0,0,0,0,0,0,0,0,0,0,0,0,0,0,0,0,0,0,0,0,0,0,0,0,0,0,0,0,0,0,0,0,0,0,0,0,0,0,0,0,0,0,0.331,0.993,4.305,0,0,0.331,0.993,0,0,0,0,0.662,0,6.954,6.623,0,0,0,0.662,0,0,0,0,0,0,0,0,0,5.298,0,14.238,0.331,2.318,6.291,0,"2024a","OHJCTB",10.888
82,"Czech Republic",0,0,1990-06-09,199006,82220,"Communist Party of Czechoslovakia","KSČ",20,"NA",236,999,1992,NA,NA,13.201,0,NA,32,200,1,20,"NA",154,3.896,0.649,0.649,0.649,0.649,1.299,1.299,5.195,0,1.299,0,9.74,8.442,5.195,0,3.896,1.299,0,0,0,0,0,0.649,0.649,0,2.597,0,1.948,0,0.649,3.247,1.299,1.948,0.649,0,0.649,8.442,6.494,5.195,5.195,0,3.247,0,0,0,0,0,0,0,1.299,0,1.299,0,0.649,0,0.649,5.195,0,0,0,0,0,0,0,0,0,0,0,0,0,0,0,0,0,0,0,0,0,0,0,0,0,0,0,0,0,0,0,0,2.597,1.299,0,0,0,0,0,0,0,0,0,0,0,0,0,0,0,0,0,0,0,0,NA,NA,NA,NA,NA,NA,NA,NA,NA,NA,NA,NA,NA,NA,NA,NA,NA,NA,NA,NA,NA,NA,NA,NA,NA,NA,NA,NA,NA,NA,NA,NA,-17.532,2.597,0.649,10.39,3.247,"2024a","6QXL6O",12.479625
82,"Czech Republic",0,0,1990-06-09,199006,82410,"Civic Forum","OF",40,"NA",236,999,1992,NA,NA,49.352,0,NA,127,200,8,20,"NA",167,0,0,4.192,1.198,0.599,0.599,0,0.599,8.982,0,0,5.389,5.389,1.198,0,3.593,0,0,0,0,5.389,0.599,1.198,0,0,1.198,0.599,0.599,0,0,2.994,0,0,0,0,1.796,2.395,1.198,0.599,0.599,0,4.192,0,1.796,0,0,0,0.599,13.772,1.796,0,0.599,0,0.599,0,0,0,0,0,0,0,0,0,0,0,0,0,0,0,0,0,0,0,0,0,0,0,0,0,0,0,0,20.359,0,0,0,0,0,0,0,1.198,0,0,0,0,0,0,4.192,0,0,0,0,0,0,0,0,0,0,0,0,0,NA,NA,NA,NA,NA,NA,NA,NA,NA,NA,NA,NA,NA,NA,NA,NA,NA,NA,NA,NA,NA,NA,NA,NA,NA,NA,NA,NA,NA,NA,NA,NA,14.371,1.198,5.389,1.198,4.79,"2024a","SPU6GN",49.352
82,"Czech Republic",0,0,1992-06-06,199206,82221,"Left Bloc","LB",20,"NA",240,999,1996,0.66,NA,14.023,0,NA,35,200,8,20,"NA",334,2.695,0.599,2.395,1.198,0,1.796,0.299,0.599,0.898,1.796,0,4.491,2.395,0.299,0,4.79,0,0,0.599,5.988,0.599,1.497,0.299,0,0.898,1.497,0,3.293,0,1.497,1.497,2.395,0.599,1.198,0.898,0,5.389,1.497,5.689,2.096,0.599,2.096,0,4.491,0.299,0.599,0.599,1.796,7.186,1.198,0,0.599,0,3.892,0.299,0.299,5.389,0,0,0,0,0,0,0,0,0,0,0,0,0,0,0,1.497,0,0,0,0,0,0,0.898,0,0.599,0,0,0,0,0,0,0,1.497,1.198,0,0,1.198,0,0,0,0.299,0.299,0,0,0.599,0,0,0,0,0,0,0.898,0,0,NA,NA,NA,NA,NA,NA,NA,NA,NA,NA,NA,NA,NA,NA,NA,NA,NA,NA,NA,NA,NA,NA,NA,NA,NA,NA,NA,NA,NA,NA,NA,NA,12.874,2.695,1.796,7.784,4.491,"2024a","RHV4YO",14.023
82,"Czech Republic",0,0,1992-06-06,199206,82320,"Czechoslovak Social Democratic Party","ČSSD",30,"NA",236,999,1993,NA,NA,6.518,0,NA,16,200,1,20,"NA",373,0,0,2.413,0.268,2.681,0.268,0.268,4.558,3.753,0,0,1.609,4.021,0.268,0,1.877,0,1.877,0.268,0.804,0.536,1.877,5.094,0.268,2.145,0,2.949,0.268,1.609,0.536,1.072,0.268,0,0.536,0,4.29,4.021,0.268,12.601,3.485,0,2.681,0,2.413,0,0,0.268,2.949,12.601,1.609,0,3.485,0,0.804,0,0.536,2.413,0,0,0,0,0,0,0,0,0,0,0,0,0,0,0,0,0,0,0,0,0,0,0,0,0,1.877,0,0,0.268,0,0,0,0.268,0,0,0,0.804,0,0,0,0.268,0,0,0,0,0,0,0,0,0,0,0,0,0,NA,NA,NA,NA,NA,NA,NA,NA,NA,NA,NA,NA,NA,NA,NA,NA,NA,NA,NA,NA,NA,NA,NA,NA,NA,NA,NA,NA,NA,NA,NA,NA,4.558,5.63,1.072,16.086,2.949,"2024a","6813BQ",22.203
82,"Czech Republic",0,0,1992-06-06,199206,82413,"Civic Democratic Party","ODS",60,"NA",236,999,1993,NA,NA,NA,NA,NA,NA,200,1,20,"NA",176,1.136,1.705,0,0,0.568,0,0,2.841,2.841,0,0,9.091,3.409,5.114,0,1.136,0,1.136,0,1.705,9.659,0.568,0,0,0,0,0.568,0.568,0,0,0.568,0,0,1.705,0,0.568,9.091,5.114,0.568,1.136,2.841,0.568,0,0,0,3.977,0,1.136,10.795,0,0,0,0,5.114,0,2.273,0,0,0,0,0,0,0,0,0,0,0,0,0,0,0,0,0,0,0,0,0,0,0,1.705,0,0,2.841,0,0,1.705,0,0,0,0.568,0,0,0,0,0,0,1.136,2.841,1.705,0,0,0,0,0,0,0,0,0,0,0,0,NA,NA,NA,NA,NA,NA,NA,NA,NA,NA,NA,NA,NA,NA,NA,NA,NA,NA,NA,NA,NA,NA,NA,NA,NA,NA,NA,NA,NA,NA,NA,NA,39.773,0,11.364,1.705,0,"2024a","VY14GH",22.355
82,"Czech Republic",0,0,1992-06-06,199206,82419,"Civic Democratic Party - Christian Democratic Party","ODS-KDS",60,"NA",999,999,NA,NA,NA,29.67,0,NA,76,200,5,20,"NA",204,2.949,1.935,0.216,0,0.284,0,0,2.503,1.637,0.433,0,5.628,3.22,3.206,0,2.083,0,1.867,0,1.718,5.046,2.232,0.433,1.082,0,0,0.284,1.366,0,0.649,3.964,2.165,0,1.718,0,0.284,10.173,4.072,1.366,1.434,1.853,1.583,0.216,1.082,0,3.287,0,1.001,7.129,0.649,0,0,0,3.639,0,1.786,2.814,0,0,0,0,0,0,0.433,0,0,0,0,0,0,0,0.649,0,0,0,0,0,0,0,0.852,0.216,0,1.42,0,0,0.852,0,0.866,0,0.284,0.866,0,0,0,0,0.433,0.785,1.42,1.285,0,0,0.649,0,0,0,0,0,0,0,0,0,NA,NA,NA,NA,NA,NA,NA,NA,NA,NA,NA,NA,NA,NA,NA,NA,NA,NA,NA,NA,NA,NA,NA,NA,NA,NA,NA,NA,NA,NA,NA,NA,22.051,3.68,6.764,2.8,0.216,"2024a","B4KDNT",29.67
82,"Czech Republic",10,0,1996-05-31,199605,82220,"Communist Party of Bohemia and Moravia","KSČM",20,"NA",240,999,1996,0.66,NA,10.334,0,NA,22,200,1,20,"NA",206,2.427,0.485,1.942,0,0.971,0.971,0,0,0.485,0.485,0,1.942,9.223,0.485,0,1.456,0,3.398,1.456,0.971,0,4.854,0,0.485,0,1.942,0,0.485,0,0,0.971,3.398,0.971,0,0,0,6.311,5.34,5.34,5.825,0,1.456,0,2.913,0,1.942,0.485,4.369,2.913,0,0,0.485,0,2.427,3.398,1.942,11.165,0,0,0.485,0,0,0,0,0,0,0,0,0,0,0,0,0,0,0,0,0,0,0,0,0,0.971,0,0,0,0,0,0,0,0.485,0,0,0,0.485,0,0,0,1.456,0,0,0,0,0,0,0,0,0,0,0,0,0,NA,NA,NA,NA,NA,NA,NA,NA,NA,NA,NA,NA,NA,NA,NA,NA,NA,NA,NA,NA,NA,NA,NA,NA,NA,NA,NA,NA,NA,NA,NA,NA,-3.398,3.883,0,11.165,2.913,"2024a","EC6D8B",12.479625
82,"Czech Republic",10,0,1996-05-31,199605,82320,"Czech Social Democratic Party","ČSSD",30,"NA",240,999,1996,0.66,NA,26.443,0,NA,61,200,1,20,"NA",513,2.924,0,0,0,2.144,0,0.39,1.754,3.704,0,0,1.559,5.068,0.585,0,3.119,0,1.949,1.559,2.534,0.78,5.848,2.924,0.78,1.754,2.144,0,0.78,0.195,1.559,5.068,1.365,0,1.365,0,0,6.628,3.314,3.314,6.238,0.585,3.899,0,0,0,1.17,0,5.458,3.704,0.39,0,0.975,0,1.559,1.754,0,4.873,0.195,0.195,0.195,0,0,0,0,0,0,0,0,0,0,0,0,0.195,0,0,0,0,0,0,0,0,0,0,0,0.195,0,0,0.39,0,0.585,0,0,0.195,0,0,1.365,0,0.39,0.195,0,0,0,0,0,0.195,0,0,0,0,0,0,NA,NA,NA,NA,NA,NA,NA,NA,NA,NA,NA,NA,NA,NA,NA,NA,NA,NA,NA,NA,NA,NA,NA,NA,NA,NA,NA,NA,NA,NA,NA,NA,0.195,5.068,2.144,9.552,0.39,"2024a","ND26R1",22.203
82,"Czech Republic",10,0,1996-05-31,199605,82413,"Civic Democratic Party","ODS",60,"NA",240,999,1996,0.66,NA,29.617,0,NA,68,200,1,20,"NA",1103,24.751,0.635,0,0,4.714,0,0.181,0.907,2.085,0,0,0.907,1.541,0.635,0,2.357,0.091,2.992,0.091,2.085,0.816,4.533,2.72,0.544,0,0.544,0.272,1.179,0.091,1.088,3.083,0.091,0,2.901,0,0,2.085,2.085,1.723,2.448,1.632,2.176,0.181,0.725,0,1.088,0,7.253,1.451,0.181,0.091,0.363,0,1.269,2.357,0.725,0.363,0.091,0.907,0.453,0,0,0,0,0,0,0,0,0,0,0,0,0.544,0,0,0,0,0,0,0,0.091,0,0,0,0.091,2.539,1.813,0.453,0.181,0.091,0,0,0,0,0,0.363,0,0.363,0.091,0,0,1.632,0,0,0.272,0,0,0,0,0,0,NA,NA,NA,NA,NA,NA,NA,NA,NA,NA,NA,NA,NA,NA,NA,NA,NA,NA,NA,NA,NA,NA,NA,NA,NA,NA,NA,NA,NA,NA,NA,NA,17.498,3.354,3.717,4.17,0.181,"2024a","O3QT2R",22.355
82,"Czech Republic",10,20,1998-06-19,199806,82220,"Communist Party of Bohemia and Moravia","KSČM",20,"NA",240,999,1998,0.66,NA,11.032,0,NA,24,200,1,20,"NA",413,1.695,0.969,0.242,0.242,0,2.179,1.211,0.242,0.969,0,0.484,2.663,3.39,0.726,0,0.969,0,1.453,0.726,2.179,0,5.811,3.39,0.969,1.211,4.358,0,2.663,0.242,0.969,2.906,2.906,0.242,2.179,0.726,0,5.569,3.39,1.937,5.085,0,3.874,0,0.726,0,0.242,0.242,3.874,0.969,0.726,0,0.726,0,3.632,1.695,0.242,7.264,0,0.726,0.726,0,0,0,0,0,0,0,0,0,0,0,0,0,0,0,0,0,0,0,0,1.453,0,0,0,0,0,0,0,0,2.906,0,0,0.242,0.726,1.695,0.242,0.242,0.726,0.242,0,0,0.726,0,0,0,0.242,0,0,0,0,0,NA,NA,NA,NA,NA,NA,NA,NA,NA,NA,NA,NA,NA,NA,NA,NA,NA,NA,NA,NA,NA,NA,NA,NA,NA,NA,NA,NA,NA,NA,NA,NA,-9.443,7.264,2.179,7.022,3.632,"2024a","TGHLSG",12.479625
82,"Czech Republic",10,20,1998-06-19,199806,82320,"Czech Social Democratic Party","ČSSD",30,"NA",240,999,1998,0.66,NA,32.309,0,NA,74,200,1,20,"NA",761,0.263,0.526,0,0,1.971,0,0.788,1.051,5.388,0,0,2.497,1.314,1.445,0,3.285,0,4.599,0.788,2.234,0,3.548,2.102,0.394,0.657,1.183,0,1.051,0.788,5.913,6.307,2.76,0,1.708,0,0,2.76,4.862,2.102,5.913,0.131,3.679,0,0.657,0,0.92,0,3.548,2.234,0.657,0,1.445,0,1.84,1.314,0.131,3.811,0,0.526,0.788,0,0,0,0,0,0,0,0,0,0,0,0,0.263,0.131,0.526,0,0,0,0,0,1.051,0,0,0,0.526,0.657,0,0.131,0,1.445,0,0,0,0,1.314,0.526,0,0.263,0.394,0,0,0.526,0,0,0.394,1.051,0,0.131,0.263,0,0.526,NA,NA,NA,NA,NA,NA,NA,NA,NA,NA,NA,NA,NA,NA,NA,NA,NA,NA,NA,NA,NA,NA,NA,NA,NA,NA,NA,NA,NA,NA,NA,NA,0.263,5.256,1.708,8.016,0.788,"2024a","62UPHH",22.203
82,"Czech Republic",10,20,1998-06-19,199806,82413,"Civic Democratic Party","ODS",60,"NA",240,999,1998,0.66,NA,27.741,0,NA,63,200,1,20,"NA",720,2.778,0,0,0,2.917,0,0,1.667,1.111,0.139,0.972,5.694,4.028,0.417,0.556,0.694,2.222,4.722,0.278,8.472,1.389,4.583,1.667,0,0.139,0.139,0.139,4.861,0,0.139,1.528,0,0,0.972,0,0,0.417,0.278,2.083,2.5,2.639,3.194,0.833,3.056,0,3.472,0,7.222,2.5,0,0,0,0,0,1.389,0.139,10.556,0,0.139,0,0,0,0,0,0,0,0,0,0,0,0,0.139,1.111,0,0,0,0,0,0,0,0.139,0,0.139,0,0,2.083,1.111,0.139,0.139,0,0,0,0,0,0,0,0,0.278,0.556,0,0,0.694,0,0,0,0.556,0,0.139,0,0,0.139,NA,NA,NA,NA,NA,NA,NA,NA,NA,NA,NA,NA,NA,NA,NA,NA,NA,NA,NA,NA,NA,NA,NA,NA,NA,NA,NA,NA,NA,NA,NA,NA,30.278,1.667,2.361,4.583,0,"2024a","61U6BW",22.355
82,"Czech Republic",10,20,2002-06-14,200206,82220,"Communist Party of Bohemia and Moravia","KSČM",20,"NA",241,999,2002,0.543,NA,18.512,0,NA,41,200,1,20,"NA",572,2.273,0.35,0.175,0.175,0.35,1.224,0.35,1.573,0.524,0.175,0.35,2.622,8.566,1.224,1.573,2.448,0.175,1.748,1.573,0.699,0.175,3.671,0.35,2.972,1.748,1.224,0,0.874,0.35,0.874,5.42,2.273,0,0.874,0.699,0,4.371,3.671,2.098,10.315,0.175,4.545,0,1.748,0,2.098,0,6.993,0.699,0.35,0,2.273,0,2.448,0,0.699,1.748,0,0,0,0,0,0,0,0,0,0,0,0,0,0,0,0,0,0,0,0,0,0,0,0,0.699,0,0,0,0,0,0,0,0.35,0.874,0,0,0.175,0.175,0,0,0.699,0.699,0,0,1.923,0,0,0,0.524,0,0,0,0,0,NA,NA,NA,NA,NA,NA,NA,NA,NA,NA,NA,NA,NA,NA,NA,NA,NA,NA,NA,NA,NA,NA,NA,NA,NA,NA,NA,NA,NA,NA,NA,NA,-14.51,5.594,1.049,12.413,1.748,"2024a","61JBZY",12.479625
82,"Czech Republic",10,20,2002-06-14,200206,82320,"Czech Social Democratic Party","ČSSD",30,"NA",241,999,2002,0.543,NA,30.207,0,NA,70,200,1,20,"2024-1",226,2.212,0,0,0,1.327,1.327,0,0,3.982,0,0,2.655,0.885,0,0,2.212,0,1.327,1.327,1.77,0,4.867,0.885,0.885,1.77,0.885,0,3.097,0,2.212,7.522,4.867,0.442,0.442,0,0,2.655,2.655,5.31,14.602,0,2.212,0,1.77,0,1.327,0,2.655,2.655,0,0,2.655,0,4.867,1.77,0.885,4.867,0,0,0,0,0,0,0,0,0,0,0,0,0,0,0,0,0,0,0,0,0,0,0,0,0,0,0,0,0.442,0,0,0,0,0,0,0,0,0,0,0,1.77,0,0,0,0,0,0,0,0,0,0,0,0,0,NA,NA,NA,NA,NA,NA,NA,NA,NA,NA,NA,NA,NA,NA,NA,NA,NA,NA,NA,NA,NA,NA,NA,NA,NA,NA,NA,NA,NA,NA,NA,NA,-10.177,6.637,0.442,19.912,1.327,"2024a","URCIH7",22.203
82,"Czech Republic",10,20,2002-06-14,200206,82413,"Civic Democratic Party","ODS",60,"NA",241,999,2002,0.543,NA,24.475,0,NA,58,200,1,20,"NA",557,4.309,0.359,0,0,8.618,0.18,1.077,0,1.975,0.18,4.309,3.052,5.566,0.898,0.359,0.898,0,11.67,1.975,7.72,1.436,1.975,0.539,0.18,0,0,2.693,1.616,0.359,0,0.18,0,0,6.643,0,0,3.232,0,1.795,2.873,2.513,0,0,7.361,0,0,0,7.361,0.18,0,0,0,0,0,0,1.077,1.077,0,0,0,0,0,0,0,0.539,0,0,0,0,0,0,0,0,0,0,0,0,0,0,0,0,0,0,0,0,0,1.257,0,0,0,0,0,0,0,0,0,0.898,0.898,0,0,0,0.18,0,0,0,0,0,0,0,0,0,NA,NA,NA,NA,NA,NA,NA,NA,NA,NA,NA,NA,NA,NA,NA,NA,NA,NA,NA,NA,NA,NA,NA,NA,NA,NA,NA,NA,NA,NA,NA,NA,40.036,0.718,8.079,4.668,1.257,"2024a","9BM7KS",22.355
82,"Czech Republic",10,20,2002-06-14,200206,82524,"Christian and Democratic Union - Czech People's Party -  Freedom Union - Democratic Union","KDU-ČSL-US-DEU",60,"NA",241,999,2002,0.543,NA,14.276,0,NA,31,200,8,20,"NA",543,1.657,0,0,0,2.21,0,0,1.657,4.972,0,0,1.105,2.21,0.552,1.105,0.368,0,6.077,2.578,1.105,1.842,5.157,1.105,0.552,0,0.184,0.368,5.157,0.552,0.737,6.446,0.368,0,1.473,0,0,3.867,1.842,1.105,6.998,0.552,6.077,0,0.368,0,4.052,0,10.497,0.368,1.105,0,2.21,0,2.026,0.921,0,0.368,0,0,0,0,0,0,0,0,0,0,0,0,0,0,0,0.184,0,0,0,0,0,0,0,0,0,0.552,0,0,0.552,0,0.552,0,0,0.184,0,0,0,0,0.552,0.737,2.578,0.368,0,0,1.657,0,0,0,0.184,0,0,0,0,0,NA,NA,NA,NA,NA,NA,NA,NA,NA,NA,NA,NA,NA,NA,NA,NA,NA,NA,NA,NA,NA,NA,NA,NA,NA,NA,NA,NA,NA,NA,NA,NA,8.287,2.026,3.315,8.103,0,"2024a","46TW8X",14.276
82,"Czech Republic",10,10,2006-06-03,200606,82220,"Communist Party of Bohemia and Moravia","KSČM",20,"NA",288,3,2011,0.815,NA,12.81,0,NA,26,200,1,50,"2024-1",523,0,0.191,0,0,0.574,1.912,1.53,2.677,0.382,0,0,2.868,4.398,0,0.191,1.147,0,2.486,1.338,0,0.382,1.338,9.178,0,0.956,0.574,0,5.736,0,0.956,4.398,0,0,0,0,0.956,4.589,2.677,6.883,15.296,0.382,2.103,0,0.765,0,0.574,1.147,9.369,0.574,0.765,0,1.338,0,3.442,1.147,0,1.338,0,0,0,0,0,0,0,0,0,0,0,0,0,0,0,0,0,0,0,0,0,0,0,0,0,0,0,0,0,0,0,0,0.191,0.765,0.574,0.382,0.382,0,0,0,0.382,0.574,0,0,0,0,0,0,0.191,0,0,0,0,0,NA,NA,NA,NA,NA,NA,NA,NA,NA,NA,NA,NA,NA,NA,NA,NA,NA,NA,NA,NA,NA,NA,NA,NA,NA,NA,NA,NA,NA,NA,NA,NA,-22.18,9.178,0.382,22.18,3.442,"2024a","WSPIZE",12.479625
82,"Czech Republic",10,10,2006-06-03,200606,82320,"Czech Social Democratic Party","ČSSD",30,"NA",288,3,2011,0.815,NA,32.32,0,NA,74,200,1,50,"2024-1",1566,0.894,0.128,0,0,0.639,0,0.255,2.49,2.49,0,0,0.511,3.831,0,0,0.511,0,1.724,3.257,0,0.192,4.342,3.001,0,0.639,1.213,0.702,7.28,0,4.725,8.365,1.086,0.319,0.766,0,0.255,6.194,4.023,6.769,9.451,0.064,6.003,0,0.255,0,1.724,0.192,6.705,0.255,0.319,0,1.086,0,2.107,0.894,0.192,2.107,0,0,0,0,0,0,0,0,0,0,0,0,0,0,0,0,0,0,0,0,0,0,0,0,0,0,0,0,0,0,0,0,0,0.702,0,0,0,0.192,0.192,0,0.83,0,0,0,0,0,0,0,0.064,0,0,0.064,0,0,NA,NA,NA,NA,NA,NA,NA,NA,NA,NA,NA,NA,NA,NA,NA,NA,NA,NA,NA,NA,NA,NA,NA,NA,NA,NA,NA,NA,NA,NA,NA,NA,-12.58,4.087,0.958,16.22,0.255,"2024a","23JFAS",22.203
82,"Czech Republic",10,10,2006-06-03,200606,82413,"Civic Democratic Party","ODS",60,"NA",288,3,2011,0.815,NA,35.38,0,NA,81,200,1,50,"2024-1",1366,0,0,0,0,5.783,0.22,0.22,1.464,0.586,0,0.146,1.318,3.294,0,0,1.245,0,5.637,2.562,0.439,4.685,5.124,0.659,0,0,1.098,0,11.054,0.293,1.83,4.319,0,0,1.757,0,0.586,3.441,2.489,4.319,4.173,1.464,2.635,0,0.146,0,1.025,0.073,13.324,0,0,0,0.512,0.293,1.903,0.732,0.146,1.464,0,0,0,0,0,0,0,0,0,0,0,0,0,0.512,0,0,0,0,0,0,0,0,0,0,0,0,0,0,0.805,3.514,0.073,0,0,0.293,0,0,0,0,0.22,0,1.684,0.439,0,0,0,0,0,0,0,0,0,0,0,0,NA,NA,NA,NA,NA,NA,NA,NA,NA,NA,NA,NA,NA,NA,NA,NA,NA,NA,NA,NA,NA,NA,NA,NA,NA,NA,NA,NA,NA,NA,NA,NA,20.791,0.659,6.442,8.492,0.439,"2024a","YH4HY4",22.355
82,"Czech Republic",10,10,2010-05-29,201005,82220,"Communist Party of Bohemia and Moravia","KSČM",20,"NA",288,3,2011,0.83,NA,11.27,0,NA,26,200,1,51,"2024-1",275,0.727,0,0,1.091,0.727,2.182,0.727,1.091,0,0.727,0,1.091,9.455,0.727,0,1.091,0,0.727,0.364,2.545,0,1.818,8.364,0.727,0.364,0.727,0,11.273,0,0,3.273,0.364,0,0,0,0,5.818,3.273,1.818,15.636,0,4.727,0,0.727,0,1.455,0,8.727,0,0,0,1.091,0,2.545,0,0,0,0,0,0,0,0,0,0,0,0,0,0,0,0,0.364,0,0,0,0,0,0,0,0,0,0,0,0,0,0,0,0,0,0,0,0,1.091,0.364,0.364,1.091,0,0,0.364,0.364,0,0,0,0,0,0,0,0,0,0,0,0,NA,NA,NA,NA,NA,NA,NA,NA,NA,NA,NA,NA,NA,NA,NA,NA,NA,NA,NA,NA,NA,NA,NA,NA,NA,NA,NA,NA,NA,NA,NA,NA,-28.364,9.455,0,17.455,2.909,"2024a","INADST",12.479625
82,"Czech Republic",10,10,2010-05-29,201005,82320,"Czech Social Democratic Party","ČSSD",30,"NA",288,3,2011,0.83,NA,22.09,0,NA,56,200,1,51,"2024-1",713,0,0,0,0,1.403,0.701,0.561,2.104,1.403,0,0,2.244,6.311,0,0,0.14,0,3.086,3.086,1.543,0.421,2.104,2.665,0.281,0.842,1.262,0,16.41,0.561,1.683,3.647,0.14,1.122,1.122,0,0,4.348,1.823,4.769,9.818,0,4.067,0,0.281,0,1.403,0,8.976,0,0.701,0.281,1.122,0,2.805,0.842,1.403,0.701,0,0,0,0,0,0,0,0,0,0,0,0,0,0,0,0.281,0,0,0,0,0,0,0,0,0,0.701,0,0,0,0,0,0,0,0,0,0,0,0.281,0,0,0.561,0,0,0,0,0,0,0,0,0,0,0,0,0,NA,NA,NA,NA,NA,NA,NA,NA,NA,NA,NA,NA,NA,NA,NA,NA,NA,NA,NA,NA,NA,NA,NA,NA,NA,NA,NA,NA,NA,NA,NA,NA,-10.659,3.086,1.543,14.586,1.262,"2024a","ZDAOFG",22.203
82,"Czech Republic",10,10,2010-05-29,201005,82413,"Civic Democratic Party","ODS",60,"NA",288,3,2011,0.83,NA,20.22,0,NA,53,200,1,51,"2024-1",1260,0,0.159,0,0.714,2.302,0,0.079,2.619,2.302,0.238,1.429,3.651,4.206,0,0,1.032,0,5.317,1.825,1.667,3.254,3.651,0.794,0,0,0.397,0.159,18.095,0,0.635,3.413,0,0.079,3.016,0,0,4.762,3.81,1.19,5.952,2.54,2.222,0,0.476,0,1.825,0,5.794,0,0,0.556,0.079,0,1.825,0.238,0.873,1.825,0,0,0,0,0,0,0.079,0,0,0,0,0,0,0,0,0,0,0,0,0,0,0,0,0,0,0.714,0,0.159,0.635,0.556,0,0,0,0,0,0,0,0.238,0.079,0,2.222,0.238,0,0,0,0,0,0,0,0,0.079,0,0,0,NA,NA,NA,NA,NA,NA,NA,NA,NA,NA,NA,NA,NA,NA,NA,NA,NA,NA,NA,NA,NA,NA,NA,NA,NA,NA,NA,NA,NA,NA,NA,NA,11.19,0.794,6.27,7.143,0.079,"2024a","TA4ART",22.355
82,"Czech Republic",10,10,2010-05-29,201005,82530,"Tradition, Responsibility, Prosperity 09","TOP09",50,"NA",288,3,2011,0.83,NA,16.71,0,NA,41,200,1,51,"2024-1",669,0.897,0.448,0,0.149,1.794,0,0,1.345,1.644,0,0,1.495,3.737,0,0,1.345,0,6.278,4.933,0.149,2.392,1.345,3.737,0,0,1.046,0.149,15.247,0,0.149,5.531,0,0.299,4.036,0,0.598,7.175,1.943,1.943,4.335,4.484,2.691,0,0.149,0,1.794,0.149,7.324,0,0,0,0,0,1.196,1.794,0.747,0.448,0.299,0,0,0,0,0.448,0,0,0,0,0,0,0,0,0,0,0,0,0,0,0,0,0,0,0,0,0,0.747,0,0.299,0,0,0,0,0.299,0,0,0,0.448,0,1.644,0.897,0,0,0,0,0,0,0,0,0,0,0,0,NA,NA,NA,NA,NA,NA,NA,NA,NA,NA,NA,NA,NA,NA,NA,NA,NA,NA,NA,NA,NA,NA,NA,NA,NA,NA,NA,NA,NA,NA,NA,NA,7.773,3.737,6.428,6.278,0,"2024a","LZHAYZ",11.3403333333333
82,"Czech Republic",10,10,2010-05-29,201005,82952,"Public Affairs","VV",90,"NA",288,3,2011,0.83,NA,10.88,0,NA,24,200,1,51,"2024-1",843,0.712,0.474,0,0,1.779,1.423,0,1.661,1.542,0,0.237,2.372,5.813,0,0.593,1.068,0,6.643,6.287,0,2.372,0.712,3.677,0,0,1.779,0,17.319,0.119,0.119,4.389,0,0,1.186,0,0.119,5.219,2.491,1.186,4.864,2.372,1.779,0,0,0,1.423,0.237,9.846,0,0,0,0.237,0,2.372,0.356,0,1.068,0,0,0,0,0,0,0,0,0,0,0,0,0,0.119,0,0,0,0,0,0,0,0,0,0,0,0,0,0,0.119,0,0.83,0,0,0,0.119,0,0,0.356,0.119,0,2.135,0.356,0,0,0,0,0,0,0,0,0,0,0,0,NA,NA,NA,NA,NA,NA,NA,NA,NA,NA,NA,NA,NA,NA,NA,NA,NA,NA,NA,NA,NA,NA,NA,NA,NA,NA,NA,NA,NA,NA,NA,NA,0.83,3.677,3.559,6.05,1.423,"2024a","JS3UK7",10.88
82,"Czech Republic",10,10,2013-10-26,201310,82220,"Communist Party of Bohemia and Moravia","KSČM",20,"NA",288,4,2014,0.838,0.426,14.91,0,NA,33,200,1,81,"2024-1",266,0,0.752,0,0,1.504,3.008,1.128,2.256,0,0,0,3.008,8.647,0,0.376,0,0,2.632,1.88,0,0,1.504,8.271,2.256,0.752,1.504,0,1.128,0,0,3.759,3.383,1.128,0,0,1.128,7.519,4.511,5.263,12.03,0,2.632,0,1.504,0,0.376,1.128,6.391,0.752,0,0,3.759,0,0.752,0.376,0.376,2.632,0,0,0,0,0,0,0,0,0,0,0,0,0,0,0,0,0,0,0,0,0,0,0,0,0,0,0,0,0,0,0,0,0,0,0,0,0,0,0,0,0,0,0,0,0,0,0,0,0,0,0,0,0,0,NA,NA,NA,NA,NA,NA,NA,NA,NA,NA,NA,NA,NA,NA,NA,NA,NA,NA,NA,NA,NA,NA,NA,NA,NA,NA,NA,NA,NA,NA,NA,NA,-34.962,13.91,0,17.293,4.135,"2024a","EJPNQP",12.479625
82,"Czech Republic",10,10,2013-10-26,201310,82320,"Czech Social Democratic Party","ČSSD",30,"NA",288,4,2014,0.838,0.426,20.459,0,NA,50,200,1,81,"2024-1",430,0,0.465,0,0,1.86,0,0,1.163,2.093,0,0,0.698,4.651,0,0.233,0.465,0,5.116,0.698,0,0,1.86,5.116,1.163,0.93,2.326,0,2.326,0.465,0.698,8.372,0.233,0,0.233,0,0.465,16.047,4.651,3.256,12.791,0.233,3.953,0,0.233,0,0.93,0.465,3.488,0.233,0,0,4.651,0,1.86,1.628,0.698,3.256,0,0,0,0,0,0,0,0,0,0,0,0,0,0,0,0,0,0,0,0,0,0,0,0,0,0,0,0,0,0,0,0,0,0,0,0,0,0,0,0,0,0,0,0,0,0,0,0,0,0,0,0,0,0,NA,NA,NA,NA,NA,NA,NA,NA,NA,NA,NA,NA,NA,NA,NA,NA,NA,NA,NA,NA,NA,NA,NA,NA,NA,NA,NA,NA,NA,NA,NA,NA,-26.279,6.512,0.233,16.047,0,"2024a","TGGOL9",22.203
82,"Czech Republic",10,10,2013-10-26,201310,82413,"Civic Democratic Party","ODS",60,"NA",288,4,2014,0.838,0.426,7.73,0,NA,16,200,1,81,"2024-1",596,0,0.503,0,0,4.698,0,0.336,1.846,0.336,0,1.342,4.027,4.027,0.671,0,0.839,0,7.55,0.168,0.336,3.859,9.899,5.034,3.188,0,1.846,0,1.51,0.671,1.174,6.376,0,0,2.517,0,0,3.356,3.02,3.188,6.544,3.02,2.852,0,0.671,0,0.336,0,5.034,0.168,0.168,0.336,3.188,0,1.51,0.671,0.336,2.852,0,0,0,0,0,0,0,0,0,0,0,0,0,0,0,0,0,0,0,0,0,0,0,0,0,0,0,0,0,0,0,0,0,0,0,0,0,0,0,0,0,0,0,0,0,0,0,0,0,0,0,0,0,0,NA,NA,NA,NA,NA,NA,NA,NA,NA,NA,NA,NA,NA,NA,NA,NA,NA,NA,NA,NA,NA,NA,NA,NA,NA,NA,NA,NA,NA,NA,NA,NA,6.376,8.221,6.376,9.732,0.336,"2024a","N9MN9F",22.355
82,"Czech Republic",10,10,2013-10-26,201310,82430,"ANO 2011","ANO",40,"NA",288,4,2014,0.838,0.426,18.657,0,NA,47,200,1,81,"2024-1",724,0,0.414,0,0,1.934,0,0.138,2.072,0.552,0,0,2.348,9.53,0,0,1.519,0,12.293,1.657,0.276,0,5.11,2.901,2.762,0,1.519,0,3.591,0.552,1.519,5.525,0.414,0,0.967,0,0.138,3.867,4.834,3.453,5.249,1.105,4.282,0,1.934,0,0.414,0,5.387,1.519,0,0,2.072,0,3.729,0.414,1.381,2.624,0,0,0,0,0,0,0,0,0,0,0,0,0,0,0,0,0,0,0,0,0,0,0,0,0,0,0,0,0,0,0,0,0,0,0,0,0,0,0,0,0,0,0,0,0,0,0,0,0,0,0,0,0,0,NA,NA,NA,NA,NA,NA,NA,NA,NA,NA,NA,NA,NA,NA,NA,NA,NA,NA,NA,NA,NA,NA,NA,NA,NA,NA,NA,NA,NA,NA,NA,NA,-9.945,6.077,0.967,8.702,0.138,"2024a","MDBKKK",24.1495
82,"Czech Republic",10,10,2013-10-26,201310,82530,"Tradition, Responsibility, Prosperity 09","TOP09",50,"NA",288,4,2014,0.838,0.426,11.999,0,NA,26,200,1,81,"2024-1",598,1.003,0.502,0,0,1.505,0,0.167,1.338,2.007,0,0,2.676,11.873,1.171,0,0.669,0,4.348,1.003,0,0.836,3.344,3.177,1.505,0,0.836,0.167,2.341,0,2.341,4.849,0.334,0.167,3.846,0,0,6.355,6.02,3.177,8.696,0.836,6.355,0,0.669,0,2.174,0,3.679,3.679,0,0,1.505,0.167,0.836,2.341,0.502,1.003,0,0,0,0,0,0,0,0,0,0,0,0,0,0,0,0,0,0,0,0,0,0,0,0,0,0,0,0,0,0,0,0,0,0,0,0,0,0,0,0,0,0,0,0,0,0,0,0,0,0,0,0,0,0,NA,NA,NA,NA,NA,NA,NA,NA,NA,NA,NA,NA,NA,NA,NA,NA,NA,NA,NA,NA,NA,NA,NA,NA,NA,NA,NA,NA,NA,NA,NA,NA,-11.371,5.017,4.682,11.873,0.167,"2024a","MKUAKD",11.3403333333333
82,"Czech Republic",10,10,2017-10-21,201710,82220,"Communist Party of Bohemia and Moravia","KSČM",20,"NA",288,5,2018,0.821,0.691,7.768,0,NA,15,200,1,131,"2024-1",383,0,0,0,0.522,1.305,1.567,2.35,2.611,0,0,1.567,3.394,7.05,0,0.783,0.261,0,1.828,1.828,0.261,0.261,0.261,6.266,1.044,1.305,1.567,0,0.522,1.567,0.261,8.094,2.089,2.872,0,0,4.178,2.872,2.611,4.439,16.449,0.522,4.439,0,1.305,0,0.261,2.089,3.916,0.261,0,0,3.133,0,1.305,0.261,0,0.522,0,0,0,0,0,0,0,0,0,0,0,0,0,0,0,0,0,0,0,0,0,0,0,0,0,0,0,0,0,0,0,0,0,0,0,0,0,0,0,0,0,0,0,0,0,0,0,0,0,0,0,0,0,0,0,0.522,1.305,2.089,4.961,0,0.261,1.828,0,0,0,0.261,0,0,0,4.178,0.783,0.522,0,0,3.916,0,0.261,0,0,0,0,0,0,0,1.305,0,-40.209,9.399,0.261,20.888,3.916,"2024a","MNE3P5",12.479625
82,"Czech Republic",10,10,2017-10-21,201710,82320,"Czech Social Democratic Party","ČSSD",30,"NA",288,5,2018,0.821,0.691,7.278,0,NA,15,200,1,131,"2024-1",580,0,0.172,0,0,2.759,0,0.517,1.724,2.414,0,0,1.034,2.069,0,0,0.172,0,2.069,0,0.862,0,1.034,9.138,3.621,1.724,3.793,0,0.862,0.517,5.172,9.31,1.724,0,0.345,0,2.759,1.897,3.966,8.276,16.207,0,4.828,0,1.724,0,0.172,0,3.103,0,0,0,3.966,0,1.724,0,0,0.345,0,0,0,0,0,0,0,0,0,0,0,0,0,0,0,0,0,0,0,0,0,0,0,0,0,0,0,0,0,0,0,0,0,0,0,0,0,0,0,0,0,0,0,0,0,0,0,0,0,0,0,0,0,0,0,0,0.69,0.345,2.069,0,0,0,0.862,0,0,0,0,0,0,2.759,1.034,0.69,0,0,3.103,0,0,0,0,0,0,0,0,0,1.724,0,-36.552,14.483,0.345,24.483,0.517,"2024a","BNE3VE",22.203
82,"Czech Republic",10,10,2017-10-21,201710,82413,"Civic Democratic Party","ODS",60,"NA",288,5,2018,0.821,0.691,11.322,0,NA,25,200,1,131,"2024-1",366,0.82,0,0,0,4.918,0,0,1.093,1.913,0,3.005,3.552,4.645,0,0,0.273,0,15.847,0,0,9.016,1.366,1.913,1.366,0.273,1.366,0,1.639,0,0.82,7.65,0,0,0,0,4.098,3.825,3.005,1.366,7.923,2.459,6.284,0.273,1.913,0.273,0.546,0,3.279,0,0,0,0.273,0,3.005,0,0,0,0,0,0,0,0,0,0,0,0,0,0,0,0,0,0,0,0,0,0,0,0,0,0,0,0,0,0,0,0,0,0,0,0,0,0,0,0,0,0,0,0,0,0,0,0,0,0,0,0,0,0,0,0,0,0,0,2.732,0.82,4.645,0,0,0,0,0,0,0,0,0,0,4.098,1.093,0.82,0,0.273,3.279,0.82,0,0,0,0,0,0,0,0,3.005,0,2.186,3.279,9.016,9.29,0,"2024a","O1LAE6",22.355
82,"Czech Republic",10,10,2017-10-21,201710,82430,"ANO 2011","ANO",40,"NA",288,5,2018,0.821,0.691,29.642,0,NA,78,200,1,131,"2024-1",1156,0.692,0,0,0,6.401,0.26,0.173,2.076,0.692,0,0.519,0.606,2.941,0,0,1.557,0.692,16.003,1.038,0.865,0.606,3.633,6.401,3.201,0.433,1.038,0.26,1.298,0.606,0.952,11.505,0.606,0.865,0.779,0,1.384,2.076,6.747,1.471,9.343,0.433,4.758,0,1.471,0,0.26,0.087,3.287,0,0,0,0.606,0,1.211,0,0,0.173,0,0,0,0,0,0,0,0,0,0,0,0,0,0,0,0,0,0,0,0,0,0,0,0,0,0,0,0,0,0,0,0,0,0,0,0,0,0,0,0,0,0,0,0,0,0,0,0,0,0,0,0,0,0,0,0,0.519,0.087,2.941,0,0,0,0.692,0,0.173,0,0,0,0,1.384,0.779,0.692,0,0,3.287,0.692,0,0,0,0,0,0,0,0,1.211,0,-13.668,10.208,1.384,10.813,0.433,"2024a","T5WW7J",24.1495
82,"Czech Republic",10,10,2017-10-21,201710,82530,"Tradition, Responsibility, Prosperity 09","TOP09",50,"NA",288,5,2018,0.821,0.691,5.312,0,NA,7,200,1,131,"2024-1",1100,0.455,0,0,0,8.364,0,0.455,4.091,5.909,0,0.364,3.727,7.364,0.364,0,1,0.091,7.636,0.909,0.455,1.364,2.091,4.455,1.273,0.182,0.455,0.182,0.545,0,2,10.909,0.273,0.182,0.818,0,2.091,1.909,2.727,1.273,9,1.818,4.545,0.455,1.727,0.545,1.545,0,3.909,0.182,0.091,0.182,0.455,0,1.091,0.182,0.273,0.091,0,0,0,0,0,0,0,0,0,0,0,0,0,0,0,0,0,0,0,0,0,0,0,0,0,0,0,0,0,0,0,0,0,0,0,0,0,0,0,0,0,0,0,0,0,0,0,0,0,0,0,0,0,0,0,0,2.091,1.636,7.273,0,0.091,0,0.364,0,0,0,0,0.091,0,2.091,1.273,0.455,0,0.545,3.909,0.455,0.182,0,0.091,0,0,0.182,0,0,1.091,0,-6,6,2.182,10.273,0.455,"2024a","6XIMRM",11.3403333333333
82,"Czech Republic",10,10,2017-10-21,201710,82721,"Freedom and Direct Democracy","SPD",70,"NA",288,5,2018,0.821,0.691,10.642,0,NA,22,200,1,131,"2024-1",206,4.369,0,0,0,2.913,0.485,0.485,0.971,0,0,10.194,2.427,6.796,0,0,0.485,0,1.456,3.883,1.942,0,4.369,8.738,0,0,3.398,0,1.456,0,0,1.942,0.485,0.971,0,0,0.485,2.427,0,0.485,14.563,2.913,8.252,0.485,2.913,0,1.456,0,5.34,0,0,1.456,0.485,0,0.971,0,0,0,0,0,0,0,0,0,0,0,0,0,0,0,0,0,0,0,0,0,0,0,0,0,0,0,0,0,0,0,0,0,0,0,0,0,0,0,0,0,0,0,0,0,0,0,0,0,0,0,0,0,0,0,0,0,0,0,1.456,0.971,2.427,4.369,0,4.369,0.971,0,0.971,0,0,0,0,0.485,1.942,0.971,0,0,5.34,0,0,0,0,0,0,1.456,0,0,0.971,0,-21.359,9.223,0,15.049,0.971,"2024a","E22Y81",10.642
82,"Czech Republic",10,10,2017-10-21,201710,82953,"Czech Pirate Party","Piráti",95,"NA",288,5,2018,0.821,0.691,10.797,0,NA,22,200,1,131,"2024-1",517,1.741,0,0,0.193,3.095,0,0,1.354,0.387,0,0,3.482,9.865,0,0,1.354,0,16.054,4.836,0,0.58,2.515,6.576,2.708,0,1.354,0,1.547,0,1.934,8.317,0.58,0.387,0.387,0,3.482,3.675,4.642,0.193,6.19,0,4.642,0,0.774,0,0.387,0.193,3.095,0,0,0,1.547,0,1.354,0.58,0,0,0,0,0,0,0,0,0,0,0,0,0,0,0,0,0,0,0,0,0,0,0,0,0,0,0,0,0,0,0,0,0,0,0,0,0,0,0,0,0,0,0,0,0,0,0,0,0,0,0,0,0,0,0,0,0,0.193,3.095,0.387,8.511,0,0,1.354,0,0,0,0,0,0,0,3.482,0.193,0.58,0,0,3.095,1.354,0,0,0,0,0,0,0,0,1.354,0,-21.083,9.865,0.967,6.383,0,"2024a","829F1D",10.797
83,"Estonia",0,0,1992-09-20,199209,83220,"Electoral Union ‘Secure Home'","",20,"NA",239,1,1994,0.452,NA,13.602,0,NA,17,101,8,20,"NA",66,6.061,0,0,0,4.545,0,0,0,0,0,0,4.545,0,7.576,0,1.515,0,0,0,0,0,7.576,1.515,0,0,0,0,6.061,0,0,0,0,0,4.545,0,0,0,1.515,0,9.091,0,4.545,0,0,0,9.091,0,4.545,4.545,0,0,0,0,15.152,0,0,0,0,0,0,0,0,0,0,0,0,0,0,0,1.515,0,0,0,0,0,0,0,0,0,0,0,0,0,0,0,6.061,0,0,0,0,0,0,0,0,0,0,0,0,0,0,0,0,0,0,0,0,0,0,0,0,0,NA,NA,NA,NA,NA,NA,NA,NA,NA,NA,NA,NA,NA,NA,NA,NA,NA,NA,NA,NA,NA,NA,NA,NA,NA,NA,NA,NA,NA,NA,NA,NA,31.818,1.515,4.545,9.091,0,"2024a","3RZ4PH",13.602
83,"Estonia",0,0,1992-09-20,199209,83410,"Electoral coalition Estonian Rural Center Party - Estonian Social Democratic Party","EMKE/ESDP",30,"NA",239,1,1994,0.452,NA,9.728,0,NA,12,101,8,20,"NA",166,1.807,0,0,0,0,0,0,1.807,0,0,0,0,6.627,1.807,0,1.807,0,1.807,1.205,0,2.41,10.241,0.602,0,0,0,0,0,0,0,5.422,0,0,0,0,0,7.229,3.614,0,11.446,0,6.627,0,0.602,0,2.41,0,0,2.41,0,0,3.012,0,8.434,0,0,1.807,0.602,0,1.205,1.205,0,0,1.205,0,0,0,0,0,0.602,0,0,0.602,0,0,0,0,0,0,0,0,0,0.602,0,0,4.819,0,0,1.205,0,1.807,0,0,0,0,0,0,0,0,0,0,1.807,0,0,0,0,0,0,1.205,0,0,NA,NA,NA,NA,NA,NA,NA,NA,NA,NA,NA,NA,NA,NA,NA,NA,NA,NA,NA,NA,NA,NA,NA,NA,NA,NA,NA,NA,NA,NA,NA,NA,-10.241,0.602,2.41,11.446,0,"2024a","GL2FLE",11.26625
83,"Estonia",0,0,1992-09-20,199209,83421,"Electoral Union ‘Popular Front'","",40,"NA",239,1,1994,0.452,NA,12.248,0,NA,15,101,8,20,"NA",288,2.778,0,0,0,0,0,0,0,0,0,0,0,0,0,0,0,0,0,0,0,0,10.764,0,0,0,0.347,0,0,0,0,0.694,0,0,1.389,0,0,9.028,0,2.778,17.014,0,7.986,0,2.431,0,5.556,0,2.431,3.125,0,0,0,0,6.944,0,0,19.792,0,0,0,0,0,0,0,0,0,0,0,0,0.347,0,0,0,0,0,0,0,0,0,0,0,0,0,0,0,6.25,0,0.347,0,0,0,0,0,0,0,0,0,0,0,0,0,0,0,0,0,0,0,0,0,0,0,NA,NA,NA,NA,NA,NA,NA,NA,NA,NA,NA,NA,NA,NA,NA,NA,NA,NA,NA,NA,NA,NA,NA,NA,NA,NA,NA,NA,NA,NA,NA,NA,0.347,0,1.389,19.792,0,"2024a","OSQMHP",12.248
83,"Estonia",0,0,1992-09-20,199209,83710,"National Coalition Pro Patria","RKI",60,"NA",239,1,1994,0.452,NA,22.003,0,NA,29,101,1,20,"NA",358,1.117,0,0,0.559,4.469,0,0,6.983,2.793,0,0,0,0,0,0,3.073,0,0.559,0,0,2.514,8.38,0.838,0,0,0,0,0.279,0,0,5.587,0,0,3.352,0,0,1.397,5.866,0.279,9.497,0,5.307,0,0.838,0,0.838,0,4.749,0,0,0,0,0,4.19,0,0,3.911,0,0,0,0.838,0,0,0,0,0,0,0,0,5.587,0,0,0,0.838,0,0,0,0,0,0,0,0,3.631,0,0,5.587,0,1.117,0.838,0,0,0,0,0,0,0,0,0,0,0,0,4.19,0,0,0,0,0,0,0,0,0,NA,NA,NA,NA,NA,NA,NA,NA,NA,NA,NA,NA,NA,NA,NA,NA,NA,NA,NA,NA,NA,NA,NA,NA,NA,NA,NA,NA,NA,NA,NA,NA,1.955,0.838,5.866,9.777,0,"2024a","MGFCKD",22.003
83,"Estonia",0,0,1995-03-05,199503,83410,"Electoral coalition Estonian Rural Center Party - Estonian Social Democratic Party","EMKE/ESDP/EAKL",30,"NA",239,1,1995,0.452,NA,5.989,0,NA,6,101,8,20,"NA",212,3.774,0,0,0,2.358,0,0,3.302,0.943,0,0,0,0.943,0,0,7.075,0,1.415,1.415,0,1.887,16.038,3.302,1.887,0,1.415,0,0,0,0.943,3.302,0,0,3.774,0,0,0.472,2.83,0.943,17.453,0,2.83,0,0,0,2.83,0,1.415,0,0,0,0,0,5.189,0,0,0,0.472,0,0,0,0,0,0,0,0,0,0,0,0,0,0,0,0,0,0,0,0,0,0,0,0,0,0,0,2.358,0,7.547,1.887,0,0,0,0,0,0,0,0,0,0,0,0,0,0,0,0,0,0,0,0,0,0,NA,NA,NA,NA,NA,NA,NA,NA,NA,NA,NA,NA,NA,NA,NA,NA,NA,NA,NA,NA,NA,NA,NA,NA,NA,NA,NA,NA,NA,NA,NA,NA,-2.83,5.189,5.66,18.396,0,"2024a","PL66MP",11.26625
83,"Estonia",0,0,1995-03-05,199503,83411,"Estonian Center Party","K",40,"NA",239,1,1995,0.452,NA,14.173,0,NA,16,101,1,20,"NA",144,4.861,1.389,0,0,0,0,0,0.694,0,0,2.083,0,2.083,5.556,0,11.111,0,0.694,1.389,0,0.694,7.639,5.556,0,0,1.389,0,0,0,0,0,0,0,0.694,0,0,0,1.389,0,20.833,0,9.722,0,0,0,0,0,10.417,0,0,0,0,0,3.472,0,0,0,0,0,0,0,0,0,0,0,0,0,0,0,0,0,0,0,0,0,0,0,0,0,0,0,0,0,0,0,3.472,0,3.472,1.389,0,0,0,0,0,0,0,0,0,0,0,0,0,0,0,0,0,0,0,0,0,0,NA,NA,NA,NA,NA,NA,NA,NA,NA,NA,NA,NA,NA,NA,NA,NA,NA,NA,NA,NA,NA,NA,NA,NA,NA,NA,NA,NA,NA,NA,NA,NA,-15.278,5.556,1.389,20.833,0,"2024a","9DVDS7",22.9002857142857
83,"Estonia",0,0,1995-03-05,199503,83430,"Estonian Reform Party","ER",40,"NA",239,1,1995,0.452,NA,16.188,0,NA,19,101,1,20,"NA",165,0,0,0,0,2.424,0,0,1.818,1.818,0,0,0.606,0,1.818,0,7.273,0,4.242,3.03,0,1.818,8.485,3.03,0,0,0,1.212,0,0,0,3.636,0,0,3.636,0,0,1.818,1.818,0,11.515,0,5.455,0,0,0,0,0,14.545,0,0,0,0,0,2.424,0,0,0.606,0,0,0,0.606,0,0,0,0,0,0,0,0,0,0,0,0,0,0,0,0,0,0,0,0,0,0,0,0,0,0.606,4.242,0,0,0,0,0,0,0,0,0,6.667,0.606,0,0,4.242,0,0,0,0,0,0,0,0,0,NA,NA,NA,NA,NA,NA,NA,NA,NA,NA,NA,NA,NA,NA,NA,NA,NA,NA,NA,NA,NA,NA,NA,NA,NA,NA,NA,NA,NA,NA,NA,NA,12.727,3.03,5.455,11.515,0,"2024a","5TAL8B",23.2598571428571
83,"Estonia",0,0,1995-03-05,199503,83709,"Electoral Union Pro Patria and Estonian National Independence Party","I/ERSP",60,"NA",239,1,1995,0.452,NA,7.859,0,NA,8,101,8,20,"NA",163,4.908,0,0,0.613,7.975,0,0,2.454,0.613,0,0,1.84,0,0,0,9.202,0,0,0,0,2.454,3.681,0.613,0.613,0,0,0.613,1.84,0,0,2.454,0,0,2.454,0,0,5.521,3.681,0,11.043,0,9.816,0,1.84,0,0.613,0,12.883,0,0,0,0,0,3.067,0,0,0,0.613,0,0,1.227,0,0,0.613,0,0,0,0,0,0,0,0,0,0,0,0,0,0,0,0,0,0,0,0,0,0.613,0,1.227,0,0,0,0,0,0,0,0,0,0,0,0,0,4.908,0,0,0,0,0,0,0,0,0,NA,NA,NA,NA,NA,NA,NA,NA,NA,NA,NA,NA,NA,NA,NA,NA,NA,NA,NA,NA,NA,NA,NA,NA,NA,NA,NA,NA,NA,NA,NA,NA,9.202,1.227,4.908,11.043,0,"2024a","BHVLCB",10.4163333333333
83,"Estonia",0,0,1995-03-05,199503,83719,"Coalition Party and Rural Union","KMÜ",80,"NA",999,999,NA,NA,NA,32.23,0,NA,41,101,4,20,"NA",418,2.871,0.239,0,2.153,2.871,0,0,1.914,0.239,0,0,0.957,0.718,0.478,0,4.067,0,0,0.239,0,2.392,7.656,3.589,0.718,0,0,3.349,0.957,0,0.239,4.545,0,0,4.306,0,0,0.957,4.545,0.478,13.158,0,4.545,0,2.632,0,1.435,0,7.895,1.196,0,0,2.632,0,2.632,0,0,0,0.478,0,0,0.239,0.239,0,0,0,0,0,0,0,0,0,0,0,0,0,0,0,0,0,0,0,0,0,0,0,3.589,0.239,2.871,0,0,0,0,0,0,0,0,0,0,0.239,0,0,3.589,0,0,0.718,0,0,0,1.196,0,0,NA,NA,NA,NA,NA,NA,NA,NA,NA,NA,NA,NA,NA,NA,NA,NA,NA,NA,NA,NA,NA,NA,NA,NA,NA,NA,NA,NA,NA,NA,NA,NA,5.742,4.306,6.699,13.636,0,"2024a","QFU4DW",32.23
83,"Estonia",0,20,1999-03-07,199903,83410,"People’s Party Moderates","M",30,"NA",242,3,2000,0.582,NA,15.205,0,NA,17,101,1,20,"NA",167,0,0,0,0,7.784,0,0,2.395,1.796,0,0,1.796,7.186,0,0,0,0,1.796,1.198,1.198,0.599,1.198,2.994,1.198,1.796,0,0,0.599,0,1.198,10.18,0,0,3.593,0,0,2.994,1.198,1.198,15.569,0,11.377,0,2.395,0,2.994,0,8.383,0.599,0,0.599,0,0,2.994,0,0,0.599,0,0,0,0,0,0,0,0,0,0,0,0,0,0,0,0,0.599,0,0,0,0,0,0,0,0,0,0,0,0,0,0,0,0,0,0,0,0,0,0,0,0,0,0,0,0,0,0,0,0,0,0,0,0,0,NA,NA,NA,NA,NA,NA,NA,NA,NA,NA,NA,NA,NA,NA,NA,NA,NA,NA,NA,NA,NA,NA,NA,NA,NA,NA,NA,NA,NA,NA,NA,NA,-10.18,4.192,4.192,16.766,0,"2024a","ECU6MC",11.26625
83,"Estonia",0,20,1999-03-07,199903,83411,"Estonian Center Party","K",40,"NA",290,3,2011,0.796,0.623,23.414,0,NA,28,101,1,60,"2024-1",247,0.81,0.405,0,0,0,0,0,2.024,2.429,0,0,0.405,1.619,0,0,1.215,0,3.239,0,19.433,0,3.644,1.215,0,0,0,0,4.453,0,1.619,1.619,0.405,0,0,0,0.405,0.405,2.024,7.287,10.526,0,4.858,0,4.453,0,1.619,0,8.097,3.239,0,2.024,4.049,0,4.049,1.215,0.81,0.405,0,0,0,0,0,0,0,0,0,0,0,0,0,0,0,0,0,0,0,0,0,0,0,0,0,0,0,0,0,0,0,0,0,0,0,0,0,0,0,0,0,0,0,0,0,0,0,0,0,0,0,0,0,0,NA,NA,NA,NA,NA,NA,NA,NA,NA,NA,NA,NA,NA,NA,NA,NA,NA,NA,NA,NA,NA,NA,NA,NA,NA,NA,NA,NA,NA,NA,NA,NA,16.194,1.619,0,17.814,0,"2024a","6EFUR8",22.9002857142857
83,"Estonia",0,20,1999-03-07,199903,83430,"Estonian Reform Party","ER",40,"NA",242,3,2000,0.582,NA,15.919,0,NA,18,101,1,20,"NA",128,0,0,0,0,4.688,0,0,3.125,0.781,0,0,6.25,5.469,0,0,1.563,0,3.125,0,0.781,3.906,0.781,0,0,0,0,1.563,3.906,0,3.906,7.031,0,0,10.938,0,0,0,0,7.031,12.5,0,9.375,0,3.125,0,3.125,0,4.688,0,0,0,0.781,0,0,0,0,0,0,0,0,0,0,0,0,0,0,0,0,0,0,0,0,0,1.563,0,0,0,0,0,0,0,0,0,0,0,0,0,0,0,0,0,0,0,0,0,0,0,0,0,0,0,0,0,0,0,0,0,0,0,0,0,NA,NA,NA,NA,NA,NA,NA,NA,NA,NA,NA,NA,NA,NA,NA,NA,NA,NA,NA,NA,NA,NA,NA,NA,NA,NA,NA,NA,NA,NA,NA,NA,8.594,0,14.844,19.531,0,"2024a","OXTU9V",23.2598571428571
83,"Estonia",0,20,1999-03-07,199903,83709,"Pro Patria Union","",60,"NA",242,3,2000,0.582,NA,16.09,0,NA,18,101,1,20,"NA",81,0,0,0,0,2.469,0,0,0,2.469,0,0,0,1.235,0,0,0,0,1.235,1.235,4.938,1.235,2.469,3.704,0,0,0,0,0,0,3.704,7.407,0,0,11.111,0,0,0,0,1.235,11.111,0,13.58,0,16.049,0,6.173,0,4.938,2.469,0,0,0,0,0,0,0,0,0,0,0,0,0,0,0,0,0,0,0,0,0,0,0,0,1.235,0,0,0,0,0,0,0,0,0,0,0,0,0,0,0,0,0,0,0,0,0,0,0,0,0,0,0,0,0,0,0,0,0,0,0,0,0,NA,NA,NA,NA,NA,NA,NA,NA,NA,NA,NA,NA,NA,NA,NA,NA,NA,NA,NA,NA,NA,NA,NA,NA,NA,NA,NA,NA,NA,NA,NA,NA,22.222,3.704,12.346,12.346,0,"2024a","XAVJP1",10.4163333333333
83,"Estonia",0,20,2003-03-02,200303,83410,"People’s Party Moderates","M",30,"NA",242,1,2003,0.812,NA,7.036,0,NA,6,101,1,20,"NA",153,0,0,0,0,1.961,0,0,0,11.111,0,0,0,2.614,0,0,3.268,0,2.614,0.654,0.654,0,1.961,0,0,1.961,0,0,0,0,0.654,13.072,0,0,0.654,0,0,5.882,3.268,5.229,7.843,0,4.575,0,0,0,3.268,0,5.229,6.536,0,0,6.536,0,6.536,0,0.654,1.307,0.654,0,0,0,0.654,0,0,0,0,0,0,0,0,0,0,0,0,0,0,0,0,0,0,0,0,0,0,0,0,0,0,0,0,0,0,0,0,0,0,0,0.654,0,0,0,0,0,0,0,0,0,0,0,0,0,NA,NA,NA,NA,NA,NA,NA,NA,NA,NA,NA,NA,NA,NA,NA,NA,NA,NA,NA,NA,NA,NA,NA,NA,NA,NA,NA,NA,NA,NA,NA,NA,-1.307,0,0.654,13.072,0,"2024a","3XV89R",11.26625
83,"Estonia",0,20,2003-03-02,200303,83411,"Estonian Center Party","K",40,"NA",242,1,2003,0.812,NA,25.403,0,NA,28,101,1,20,"NA",360,1.111,0,0,0,2.5,0,0,1.111,5.833,0,0,0,0.833,0,0,5,0,2.222,0.833,3.056,0.278,2.778,0.556,0.833,0,0,0,0.556,0.556,0.833,4.444,0,0,0.833,0,0,6.667,7.222,6.389,13.056,0,3.611,0,5.556,0,0.833,0,5.278,1.667,0,0,1.944,0,7.778,0.556,0.278,0.556,0.556,0,0,0.556,0.556,0,0,0,0,0,0,0,0,0,0,0,0,0,0,0,0,0,0,0,0,0,0,0.556,0,0,0,0,0,0,0,0,0,0,0,0,0,0,0,0,0,0,0,0,0,0,0,2.222,0,0,NA,NA,NA,NA,NA,NA,NA,NA,NA,NA,NA,NA,NA,NA,NA,NA,NA,NA,NA,NA,NA,NA,NA,NA,NA,NA,NA,NA,NA,NA,NA,NA,0.833,1.389,1.111,19.444,0,"2024a","GZDVFO",22.9002857142857
83,"Estonia",0,20,2003-03-02,200303,83430,"Estonian Reform Party","ER",40,"NA",242,1,2003,0.812,NA,17.711,0,NA,19,101,1,20,"NA",257,6.226,0,0,0,3.113,0,0,1.167,5.058,0,0,1.946,3.113,0.389,0,2.724,0,8.171,0,0.778,0,0.778,0,0.778,0,0,0,1.167,0,0.778,7.393,0,0,5.447,0,0,4.28,7.782,3.502,7.393,0,6.226,0,2.335,0,0.389,0,3.891,5.058,0,0,1.556,0,1.946,0,0,0.778,0,0,0,0,0.778,0,0,0,0,0,0,0,0,0,0,0,2.335,0,0,0,0,0,0,0,0,0,0,0,0,0,0,0,0,0,0,0,0,0,0,0,0,0.389,0,0,0,0,0,0,0,0,0,2.335,0,0,NA,NA,NA,NA,NA,NA,NA,NA,NA,NA,NA,NA,NA,NA,NA,NA,NA,NA,NA,NA,NA,NA,NA,NA,NA,NA,NA,NA,NA,NA,NA,NA,3.891,0.778,5.447,10.895,0,"2024a","99WHLR",23.2598571428571
83,"Estonia",0,20,2003-03-02,200303,83611,"Union for the Republic","RP",60,"NA",242,1,2003,0.812,NA,24.615,0,NA,28,101,1,20,"NA",171,4.094,0,0,0,0,0,0,0,1.754,0,0,0,1.754,0,0,0,0,14.62,8.187,2.924,0,1.754,0.585,0,0,0,0,0,0,1.17,5.263,0,0,7.602,0,0,0.585,0,4.094,18.713,0,8.772,0,0.585,0,1.17,0,14.035,0,0,0,0,0,0,1.17,0,1.17,0,0,0,0,0,0,0,0,0,0,0,0,0,0,0,0,0,0,0,0,0,0,0,0,0,0,0,0,0,0,0,0,0,0,0,0,0,0,0,0,0,0,0,0,0,0,0,0,0,0,0,0,0,0,NA,NA,NA,NA,NA,NA,NA,NA,NA,NA,NA,NA,NA,NA,NA,NA,NA,NA,NA,NA,NA,NA,NA,NA,NA,NA,NA,NA,NA,NA,NA,NA,-1.754,0.585,7.602,22.807,0,"2024a","7J912H",17.63
83,"Estonia",0,20,2003-03-02,200303,83709,"Pro Patria Union","",60,"NA",242,1,2003,0.812,NA,7.3,0,NA,7,101,1,20,"NA",94,1.064,0,0,0,4.255,0,0,1.064,6.383,0,0,0,1.064,0,0,3.191,0,1.064,0,2.128,1.064,0,0,1.064,0,0,0,4.255,0,0,3.191,0,0,11.702,0,0,0,0,0,12.766,0,4.255,0,14.894,0,1.064,0,8.511,2.128,0,0,1.064,0,5.319,0,0,2.128,0,0,0,0,0,0,0,0,0,0,0,0,0,0,0,0,6.383,0,0,0,0,0,0,0,0,0,0,0,0,0,0,0,0,0,0,0,0,0,0,0,0,0,0,0,0,0,0,0,0,0,0,0,0,0,NA,NA,NA,NA,NA,NA,NA,NA,NA,NA,NA,NA,NA,NA,NA,NA,NA,NA,NA,NA,NA,NA,NA,NA,NA,NA,NA,NA,NA,NA,NA,NA,24.468,1.064,12.766,12.766,0,"2024a","Y2OUF8",10.4163333333333
83,"Estonia",0,10,2007-03-04,200703,83410,"Social Democratic Party","SDE",30,"NA",290,3,2011,0.796,0.623,10.06,0,NA,10,101,1,51,"2024-1",715,0.42,0.14,0,0,2.657,0,0.28,1.259,2.797,0,0,0.28,2.797,0,0,2.098,0,1.678,0.14,0.28,0,3.217,0.559,0.839,0,0,0,3.916,0,1.538,8.252,0.979,0.42,0.28,0,0.699,4.895,10.35,4.336,13.846,0,5.594,0,4.755,0,0,0,5.315,3.497,1.538,1.958,2.937,0,2.657,0.42,0.42,1.958,0,0,0,0,0,0,0,0,0,0,0,0,0,0,0,0,0,0,0,0,0,0,0,0,0,0,0,0,0,0,0,0,0,0,0,0,0,0,0,0,0,0,0,0,0,0,0,0,0,0,0,0,0,0,NA,NA,NA,NA,NA,NA,NA,NA,NA,NA,NA,NA,NA,NA,NA,NA,NA,NA,NA,NA,NA,NA,NA,NA,NA,NA,NA,NA,NA,NA,NA,NA,-9.231,2.378,0.28,18.182,0.28,"2024a","ZI1CLI",11.26625
83,"Estonia",0,10,2007-03-04,200703,83411,"Estonian Center Party","K",40,"NA",290,3,2011,0.796,0.623,26.08,0,NA,29,101,1,51,"2024-1",391,0,0,0,0,2.046,0,0,1.279,1.279,0,0,0,1.535,0,0,3.836,0,0.256,0,0.512,0,3.069,2.046,0.256,0,0,0,2.813,0,0.256,8.44,0,0.767,0,0,0.512,3.581,8.951,3.069,23.274,0,10.23,0,0.512,0,0.256,0,8.44,0.767,1.023,0.512,5.371,0,1.79,2.302,0,1.023,0,0,0,0,0,0,0,0,0,0,0,0,0,0,0,0,0,0,0,0,0,0,0,0,0,0,0,0,0,0,0,0,0,0,0,0,0,0,0,0,0,0,0,0,0,0,0,0,0,0,0,0,0,0,NA,NA,NA,NA,NA,NA,NA,NA,NA,NA,NA,NA,NA,NA,NA,NA,NA,NA,NA,NA,NA,NA,NA,NA,NA,NA,NA,NA,NA,NA,NA,NA,-29.156,2.302,0,26.343,0,"2024a","BH5YJK",22.9002857142857
83,"Estonia",0,10,2007-03-04,200703,83430,"Estonian Reform Party","ER",40,"NA",290,3,2011,0.796,0.623,27.82,0,NA,31,101,1,51,"2024-1",574,0.871,0.348,0,0,5.923,0,0,3.484,4.181,0,0.348,0.871,0.697,0,0,0.174,0,6.446,0,0.523,2.091,3.136,0.174,0.174,0,0,0,2.613,0,2.962,6.446,0,0,0,0,0,5.401,7.317,0.697,10.627,0,8.362,0,11.15,0,0,0,6.446,1.568,1.568,2.787,1.045,0,0.348,0,0.523,0.697,0,0,0,0,0,0,0,0,0,0,0,0,0,0,0,0,0,0,0,0,0,0,0,0,0,0,0,0,0,0,0,0,0,0,0,0,0,0,0,0,0,0,0,0,0,0,0,0,0,0,0,0,0,0,NA,NA,NA,NA,NA,NA,NA,NA,NA,NA,NA,NA,NA,NA,NA,NA,NA,NA,NA,NA,NA,NA,NA,NA,NA,NA,NA,NA,NA,NA,NA,NA,7.143,0.348,2.091,11.324,0,"2024a","ECDE7I",23.2598571428571
83,"Estonia",0,10,2007-03-04,200703,83611,"Pro Patria and Res Publica Union","IRL",60,"NA",290,3,2011,0.796,0.623,17.87,0,NA,19,101,4,51,"2024-1",568,4.225,0.528,0.352,0,6.162,0,0.176,1.761,5.458,0,0,2.113,2.289,0,0,0.704,0,3.169,1.056,0,1.761,1.056,1.056,0,0,0,0,4.577,0,1.761,4.225,0,0.176,0.352,0,0,2.641,3.169,2.113,9.331,0,10.739,0,10.035,0,2.465,0,4.93,2.993,0.88,1.232,0.528,0,3.697,2.289,0,0,0,0,0,0,0,0,0,0,0,0,0,0,0,0,0,0,0,0,0,0,0,0,0,0,0,0,0,0,0,0,0,0,0,0,0,0,0,0,0,0,0,0,0,0,0,0,0,0,0,0,0,0,0,0,NA,NA,NA,NA,NA,NA,NA,NA,NA,NA,NA,NA,NA,NA,NA,NA,NA,NA,NA,NA,NA,NA,NA,NA,NA,NA,NA,NA,NA,NA,NA,NA,5.81,1.056,2.113,11.444,0.528,"2024a","T6ES9K",17.63
83,"Estonia",10,10,2011-03-06,201103,83410,"Social Democratic Party","SDE",30,"NA",290,3,2011,0.796,0.623,17.093,0,NA,19,101,1,60,"2024-1",619,1.454,0.485,0,0,4.039,0,0.162,1.292,1.292,0,0,1.292,4.039,0.323,0,3.554,0,2.1,0,2.746,0,5.493,0.646,0.646,0,0,0,5.331,0,1.777,4.039,0.646,0.323,0.162,0,0.162,5.977,7.916,5.17,10.985,0,8.401,0,1.616,0,0,0,4.362,0.808,2.908,1.616,1.939,0,4.523,0,0.485,1.292,0,0,0,0,0,0,0,0,0,0,0,0,0,0,0,0,0,0,0,0,0,0,0,0,0,0,0,0,0,0,0,0,0,0,0,0,0,0,0,0,0,0,0,0,0,0,0,0,0,0,0,0,0,0,NA,NA,NA,NA,NA,NA,NA,NA,NA,NA,NA,NA,NA,NA,NA,NA,NA,NA,NA,NA,NA,NA,NA,NA,NA,NA,NA,NA,NA,NA,NA,NA,-8.239,1.939,0.162,16.155,0.162,"2024a","9UPV8Q",11.26625
83,"Estonia",10,10,2011-03-06,201103,83411,"Estonian Center Party","K",40,"NA",290,3,2011,0.796,0.623,23.321,0,NA,26,101,1,60,"2024-1",447,0.895,0.224,0,0,2.908,0,0,0.671,1.342,0,0,0.447,2.013,0,0,3.356,0,1.119,0,2.461,0.224,3.356,1.119,0,0,0,0,4.027,0,2.461,3.579,0.895,0.447,0.224,0,0.224,3.132,5.593,5.369,16.331,0,8.725,0,4.698,0,0.671,0,5.369,4.251,1.119,0.447,7.383,0,2.461,0.671,0,1.79,0,0,0,0,0,0,0,0,0,0,0,0,0,0,0,0,0,0,0,0,0,0,0,0,0,0,0,0,0,0,0,0,0,0,0,0,0,0,0,0,0,0,0,0,0,0,0,0,0,0,0,0,0,0,NA,NA,NA,NA,NA,NA,NA,NA,NA,NA,NA,NA,NA,NA,NA,NA,NA,NA,NA,NA,NA,NA,NA,NA,NA,NA,NA,NA,NA,NA,NA,NA,-12.975,2.013,0.447,21.7,0,"2024a","HY5Y3J",22.9002857142857
83,"Estonia",10,10,2011-03-06,201103,83430,"Estonian Reform Party","ER",40,"NA",290,3,2011,0.796,0.623,28.559,0,NA,33,101,1,60,"2024-1",980,0.102,0,0,0,7.857,0,0,2.653,0.714,0,0,1.531,1.939,0.204,0,0.714,0,5.204,0.102,0.306,1.531,1.531,0.612,0.102,0,0,0,3.776,0,2.653,10.408,0.204,0.102,0.612,0,0,4.898,10.816,1.02,8.673,0,10,0,4.082,0,0.612,0,8.163,2.245,2.347,1.327,1.327,0,0.816,0.102,0.306,0.408,0,0,0,0,0,0,0,0,0,0,0,0,0,0,0,0,0,0,0,0,0,0,0,0,0,0,0,0,0,0,0,0,0,0,0,0,0,0,0,0,0,0,0,0,0,0,0,0,0,0,0,0,0,0,NA,NA,NA,NA,NA,NA,NA,NA,NA,NA,NA,NA,NA,NA,NA,NA,NA,NA,NA,NA,NA,NA,NA,NA,NA,NA,NA,NA,NA,NA,NA,NA,3.061,0.918,2.143,9.694,0,"2024a","ARBOSV",23.2598571428571
83,"Estonia",10,10,2011-03-06,201103,83611,"Pro Patria and Res Publica Union","IRL",60,"NA",290,3,2011,0.796,0.623,20.521,0,NA,23,101,1,60,"2024-1",461,1.735,0.651,0,0,3.254,0,0,2.386,0.868,0,0,1.518,0.217,0,0,1.085,0,0.651,0.868,0.868,0.434,6.074,1.518,0,0,0,0.217,5.64,0,3.254,6.291,0.651,0,1.302,0,0,4.338,4.338,0.868,14.967,0,8.243,0,5.64,0,5.206,0,7.158,2.386,0,0.217,2.82,0,3.037,0,0,1.302,0,0,0,0,0,0,0,0,0,0,0,0,0,0,0,0,0,0,0,0,0,0,0,0,0,0,0,0,0,0,0,0,0,0,0,0,0,0,0,0,0,0,0,0,0,0,0,0,0,0,0,0,0,0,NA,NA,NA,NA,NA,NA,NA,NA,NA,NA,NA,NA,NA,NA,NA,NA,NA,NA,NA,NA,NA,NA,NA,NA,NA,NA,NA,NA,NA,NA,NA,NA,3.254,2.169,1.735,15.835,0,"2024a","ORP9OD",17.63
83,"Estonia",10,10,2015-03-01,201503,83410,"Social Democratic Party","SDE",30,"NA",290,5,2015,0.88,0.72,15.186,0,NA,15,101,1,110,"2024-1",941,0.213,0.106,0,0,5.42,0,0,1.594,0.425,0,0,0.531,3.082,0,0,7.545,0,3.826,0.213,0,1.169,6.27,1.063,0.85,0,0,0,6.376,0,1.169,2.444,0.531,0.531,0,0,1.594,3.932,4.995,4.57,12.327,0,9.139,0,1.382,0,0,0,5.951,0.531,2.444,1.169,3.826,0,4.251,0,0.319,0.213,0,0,0,0,0,0,0,0,0,0,0,0,0,0,0,0,0,0,0,0,0,0,0,0,0,0,0,0,0,0,0,0,0,0,0,0,0,0,0,0,0,0,0,0,0,0,0,0,0,0,0,0,0,0,0,0,0.106,0.425,1.594,0,1.382,0.106,0,0,0,0,0,0,0,1.594,1.382,0,0,0,5.951,0,0.531,0,2.444,0,0,1.169,0,0,4.251,0,-11.69,2.444,1.169,16.897,0,"2024a","VR8QOT",11.26625
83,"Estonia",10,10,2015-03-01,201503,83411,"Estonian Center Party","K",40,"NA",290,5,2015,0.88,0.72,24.812,0,NA,27,101,1,110,"2024-1",653,0.306,0,0,0,6.891,0,0.459,3.216,0.613,0,0,0.459,4.441,0.153,0,4.9,0,0.153,0,0.459,0.153,2.297,0.766,0.306,0.306,0,0,3.522,0,1.531,4.441,0.459,0.306,0,0,0.153,4.594,5.36,4.594,19.449,0,8.882,0,1.991,0,0.153,0,7.504,0.153,1.225,0.306,3.675,0,3.522,0.306,0.613,1.378,0,0,0,0,0,0,0,0,0,0,0,0,0,0,0,0,0,0,0,0,0,0,0,0,0,0,0,0,0,0,0,0,0,0,0,0,0,0,0,0,0,0,0,0,0,0,0,0,0,0,0,0,0,0,0,0,0.153,0.306,1.225,0,1.685,1.531,0.459,0,0,0,0,0,0,0.153,1.991,0,0,0,7.504,0,0.153,0,1.225,0,0,0.306,0,0,3.522,0,-21.746,1.531,0.153,24.043,0.459,"2024a","5X5L2P",22.9002857142857
83,"Estonia",10,10,2015-03-01,201503,83430,"Estonian Reform Party","ER",40,"NA",290,5,2015,0.88,0.72,27.688,0,NA,30,101,1,110,"2024-1",1098,0.455,0,0.273,0,8.379,0,0.091,1.093,1.821,0.091,0.091,1.548,3.279,0.182,0,2.823,0,3.734,0.091,0.273,2.55,2.55,0.182,0.273,0.091,0,0.182,2.368,0,2.914,6.831,0,0.729,0.273,0,0.364,5.556,9.381,1.093,6.74,0,14.026,0,8.288,0,0.273,0,4.736,0.546,1.002,0.729,2.823,0,0.82,0.182,0,0.273,0,0,0,0,0,0,0,0,0,0,0,0,0,0,0,0,0,0,0,0,0,0,0,0,0,0,0,0,0,0,0,0,0,0,0,0,0,0,0,0,0,0,0,0,0,0,0,0,0,0,0,0,0,0,0,0,1.275,0.273,1.73,0,1.548,0,0.273,0,0,0,0,0,0,0.364,8.288,0,0,0,4.736,0,0.546,0,1.002,0,0,0.729,0,0,0.82,0,0.546,0.455,2.823,7.832,0.364,"2024a","B1S9O7",23.2598571428571
83,"Estonia",10,10,2015-03-01,201503,83611,"Pro Patria and Res Publica Union","IRL",60,"NA",290,5,2015,0.88,0.72,13.7,0,NA,14,101,1,110,"2024-1",1408,0.284,0,0.142,0,6.889,0,0,1.491,1.491,0.213,0,0.213,0.639,0,0,4.048,0,2.415,1.065,0,3.906,5.114,0,0,0,0,0,4.901,0,3.764,6.747,0,0.781,0.142,0,1.42,2.202,7.315,2.415,14.986,0,4.688,0,5.611,0,1.278,0,6.889,3.622,0.213,0,1.776,0,2.273,0.142,0.568,0.355,0,0,0,0,0,0,0,0,0,0,0,0,0,0,0,0,0,0,0,0,0,0,0,0,0,0,0,0,0,0,0,0,0,0,0,0,0,0,0,0,0,0,0,0,0,0,0,0,0,0,0,0,0,0,0,0,0.142,0.071,0.639,0,0,0,0,0,0,0,0,0,0,1.42,5.469,0.142,0,0,6.889,0,3.622,0,0.213,0,0,0,0,0,2.273,0,9.304,0,4.048,17.401,0.142,"2024a","IN1E1D",17.63
83,"Estonia",10,10,2015-03-01,201503,83720,"Conservative People's Party of Estonia","EKRE",70,"NA",290,5,2015,0.88,0.72,8.146,0,NA,7,101,1,110,"2024-1",445,0.449,0,1.348,0,6.966,0,0,1.798,0,2.472,0.449,0.449,8.989,0.674,0,6.067,0,2.022,0.674,1.124,0.449,2.921,1.124,0,0,0,0,4.045,0,2.921,2.697,0.225,1.124,0.449,0,0.899,3.82,4.27,1.124,5.393,0.674,5.618,0,12.809,0,2.247,0,8.315,1.573,0,0.225,1.573,0,1.798,0,0.225,0,0,0,0,0,0,0,0,0,0,0,0,0,0,0,0,0,0,0,0,0,0,0,0,0,0,0,0,0,0,0,0,0,0,0,0,0,0,0,0,0,0,0,0,0,0,0,0,0,0,0,0,0,0,0,0,0,0.449,0,2.697,0,4.719,1.573,1.124,0,0,0,0,0,0,0.899,12.135,0.674,0,0,8.315,0,1.573,0,0,0,0,0,0.225,0,1.798,0,12.809,1.348,0.899,6.517,1.348,"2024a","LZYNRK",12.954
83,"Estonia",10,10,2019-03-03,201903,83410,"Social Democratic Party","SDE",30,"NA",352,5,2021,0.891,0.909,9.833,0,NA,10,101,1,160,"2024-1",1147,0.262,0.174,0.087,0,3.313,0,0,0.697,0.174,0,0,0.436,2.092,0,0,2.18,0,1.308,0,0.262,1.482,4.272,0.697,0.087,0.262,0,0,0.349,0.174,1.395,10.636,0,0.262,0.087,0,6.713,6.19,7.236,6.19,15.867,0,6.452,0,2.616,0.174,0.262,0.436,3.923,1.133,4.098,0.262,5.057,0,2.092,0,0.087,0.523,0,0,0,0,0,0,0,0,0,0,0,0,0,0,0,0,0,0,0,0,0,0,0,0,0,0,0,0,0,0,0,0,0,0,0,0,0,0,0,0,0,0,0,0,0,0,0,0,0,0,0,0,0,0,0,0,0.174,0.262,0.959,0,0.872,0.262,0.174,0,0,0,0,0.087,0,6.713,2.354,0.262,0,0.174,3.923,0.174,1.133,0,0.349,3.749,0,0.087,0.174,0,2.092,0,-13.426,0.785,1.569,22.058,0.087,"2024a","YETWGL",11.26625
83,"Estonia",10,10,2019-03-03,201903,83411,"Estonian Center Party","K",40,"NA",352,5,2021,0.891,0.909,23.099,0,NA,26,101,1,160,"2024-1",889,0,0,0,0,3.712,0,0.112,1.8,0.787,0,0,2.025,2.25,0,0,3.375,0,3.037,0.337,0.9,0.45,3.037,1.35,0.45,0.225,0,0.225,0,0.225,1.462,12.936,0.112,0.225,0.112,0,3.262,4.387,6.299,6.524,13.948,0,5.062,0,2.925,0,0.787,0.112,4.274,3.375,2.7,0.337,4.837,0,1.237,0,0,0.787,0,0,0,0,0,0,0,0,0,0,0,0,0,0,0,0,0,0,0,0,0,0,0,0,0,0,0,0,0,0,0,0,0,0,0,0,0,0,0,0,0,0,0,0,0,0,0,0,0,0,0,0,0,0,0,0,0,2.025,0.787,0,0.9,0.562,0.9,0,0,0,0,0,0,3.262,2.25,0.675,0,0,4.274,0,3.375,0,1.012,1.687,0,0.337,0,0,1.237,0,-8.324,1.912,0.562,20.472,0.112,"2024a","36QHOY",22.9002857142857
83,"Estonia",10,10,2019-03-03,201903,83430,"Estonian Reform Party","ER",40,"NA",352,5,2021,0.891,0.909,28.934,0,NA,34,101,1,160,"2024-1",877,0.228,0,0.228,0.114,5.929,0,0.228,2.052,2.965,0,0,1.254,2.166,0.114,0,1.824,0,6.613,0,0.114,3.079,3.991,0.798,0.456,0,0,0.456,0.114,0,1.026,13.113,0,0,1.482,0,4.789,4.105,4.675,2.851,10.832,0.57,7.868,0.228,3.421,0.798,0.456,0,2.737,0.798,0.456,1.482,2.509,0,2.395,0,0.228,0.456,0,0,0,0,0,0,0,0,0,0,0,0,0,0,0,0,0,0,0,0,0,0,0,0,0,0,0,0,0,0,0,0,0,0,0,0,0,0,0,0,0,0,0,0,0,0,0,0,0,0,0,0,0,0,0.114,0,0.456,0.798,1.368,0,0.798,0,0.114,0,0,0,0,0,0,4.789,2.851,0.57,0,0.798,2.737,0.114,0.798,0,0.114,0.342,0,0.57,0.912,0,2.395,0.114,-2.623,1.254,4.561,13.683,0.456,"2024a","IHKNAZ",23.2598571428571
83,"Estonia",10,10,2019-03-03,201903,83611,"Pro Patria","",60,"NA",352,5,2021,0.891,0.909,11.444,0,NA,12,101,1,160,"2024-1",866,0,0,0.346,0,5.427,0,0.115,1.617,1.732,0,1.617,1.386,1.617,0.115,0,2.309,0.115,3.926,0.693,0.924,6.236,4.273,1.155,0.346,0,0,0,0.577,0.115,3.002,7.506,0,0.577,1.386,0,2.771,1.848,6.351,1.617,10.624,0.346,4.273,0.115,11.085,0.115,1.155,0,3.233,2.771,0,2.079,0.346,0,4.157,0,0,0,0,0,0,0,0,0,0,0,0,0,0,0,0,0,0,0,0,0,0,0,0,0,0,0,0,0,0,0,0,0,0,0,0,0,0,0,0,0,0,0,0,0,0,0,0,0,0,0,0,0,0,0,0,0,0,0,0.577,0.808,1.501,0,0.115,0,0.924,0,0,0,0,0,0,2.771,8.314,2.771,0,0.115,3.233,0,2.656,0.115,0,0,0,1.27,0.808,0,4.157,0,17.667,1.501,7.621,12.24,0.462,"2024a","NLMXEB",17.63
83,"Estonia",10,10,2019-03-03,201903,83720,"Conservative People's Party of Estonia","EKRE",70,"NA",352,5,2021,0.891,0.909,17.762,0,NA,19,101,1,160,"2024-1",330,0,0,0.606,0,22.121,0,0,0.303,0,1.212,2.121,0.606,2.727,0,2.727,2.424,0,1.515,0.303,0,3.333,8.182,1.212,0.606,0,0.303,0,0.606,0,3.636,4.545,0.303,0,0,0,1.515,3.333,2.727,2.121,8.485,0,1.515,0,8.182,0,3.636,0,2.121,0,0,0.909,0.909,0,5.152,0,0,0,0,0,0,0,0,0,0,0,0,0,0,0,0,0,0,0,0,0,0,0,0,0,0,0,0,0,0,0,0,0,0,0,0,0,0,0,0,0,0,0,0,0,0,0,0,0,0,0,0,0,0,0,0,0,0,0,0.606,0,1.212,0,0.303,1.212,0,0,0,0,0,0,0,1.515,6.97,1.212,0,0,2.121,0,0,0,0,0,0,0,0.909,0,5.152,0,31.818,2.121,3.333,10.606,0.606,"2024a","4CR4PY",12.954
87,"Latvia",0,0,1993-06-05,199306,87220,"Harmony for Latvia - Rebirth of the Economy","SLAT",20,"NA",239,1,1995,0.452,NA,12.008,0,NA,13,100,1,20,"NA",44,0,0,0,2.273,0,2.273,0,0,0,0,0,4.545,0,4.545,0,2.273,0,0,0,0,2.273,6.818,2.273,0,0,4.545,0,9.091,0,0,2.273,0,0,2.273,0,0,0,2.273,0,9.091,0,2.273,0,0,0,0,0,9.091,13.636,0,0,0,0,9.091,0,0,0,0,0,0,0,0,0,0,0,0,0,0,0,0,0,0,0,4.545,0,0,0,0,0,0,0,0,0,0,0,2.273,0,0,0,0,2.273,0,0,0,0,0,0,0,0,0,0,0,0,0,0,0,0,0,0,0,0,NA,NA,NA,NA,NA,NA,NA,NA,NA,NA,NA,NA,NA,NA,NA,NA,NA,NA,NA,NA,NA,NA,NA,NA,NA,NA,NA,NA,NA,NA,NA,NA,20.455,2.273,4.545,9.091,2.273,"2024a","QCSXF3",12.008
87,"Latvia",0,0,1993-06-05,199306,87410,"Latvian Way Union","LC",40,"NA",239,1,1995,0.452,NA,32.412,0,NA,36,100,1,20,"NA",223,0,0,0,0,0,0,0,1.794,4.036,0,0,0.448,0.897,0.448,0,0,0,5.381,0.448,0,1.794,7.623,2.242,0,0,1.345,0.448,5.83,0,0,8.52,0,0,19.283,0,0,0,0,0.448,1.794,0,6.726,0,0,0,0.448,0,0,0,0,0,0,0,13.453,0,0,0,0,0,0,0.897,0,0,2.691,0,0,0,0,0,0,0,0,0,0,0,0,0,0,0,0,0,0,0.448,0,0,12.556,0,0,0,0,0,0,0,0,0,0,0,0,0,0,0,0,0,0,0,0,0,0,0,0,0,NA,NA,NA,NA,NA,NA,NA,NA,NA,NA,NA,NA,NA,NA,NA,NA,NA,NA,NA,NA,NA,NA,NA,NA,NA,NA,NA,NA,NA,NA,NA,NA,15.695,2.242,21.076,2.242,0,"2024a","BFXDZX",17.541
87,"Latvia",0,0,1993-06-05,199306,87710,"Latvian National Independence Movement","LNNK",60,"NA",239,1,1995,0.452,NA,13.355,0,NA,15,100,1,20,"NA",166,0.602,0,0,3.012,6.024,0,0,1.205,0,1.205,0,0.602,1.807,3.614,0,1.807,0,0.602,0.602,0,0.602,1.205,0,0,0,0,0,1.205,0,0,7.229,0,0,3.614,0,0,4.819,13.855,0,4.217,1.205,7.831,0,16.867,0,0,0,3.614,0.602,0.602,0,0,0,0,0,0,0,0,0,0,0.602,0,0,2.41,0,0,0,0,0,0,0,0,0,0,0,0,0,0,0,0,0,0,5.422,0,0,0.602,0,2.41,0,0,0,0,0,0,0,0,0,0,0,0,0,0,0,0,0,0,0,0,0,0,0,NA,NA,NA,NA,NA,NA,NA,NA,NA,NA,NA,NA,NA,NA,NA,NA,NA,NA,NA,NA,NA,NA,NA,NA,NA,NA,NA,NA,NA,NA,NA,NA,19.88,0,4.217,4.217,0,"2024a","93PI53",13.355
87,"Latvia",0,0,1993-06-05,199306,87810,"Latvian Farmers’ Union","LZS",80,"NA",239,1,1995,0.452,NA,10.651,0,NA,12,100,1,20,"NA",248,1.21,0,0,1.21,0.403,0,0,0.806,1.21,0,0,0.403,0,0.806,0,7.258,0,0,1.613,0,1.21,9.274,0,0,0,2.016,0,0.806,0,0,13.306,0,0.806,0.806,0,0,6.048,0.806,0,7.661,0,6.855,0,0,0,5.645,0,5.242,0.806,0,0,0,0,3.629,0,0,1.613,0.403,0,0.806,0.806,0.806,0,0,0,0,0,0,0,0.806,0,0,0,1.613,0,0,0,0,0,0,0,0,0.403,5.645,0,0.806,0,0.806,0,1.613,0,0,0,0,0,0,0,0,0,0,0,1.21,0,0,0,0,0,1.613,1.21,0,0,NA,NA,NA,NA,NA,NA,NA,NA,NA,NA,NA,NA,NA,NA,NA,NA,NA,NA,NA,NA,NA,NA,NA,NA,NA,NA,NA,NA,NA,NA,NA,NA,5.242,0,2.016,7.661,0,"2024a","P95JS8",10.651
87,"Latvia",0,0,1995-09-30,199509,87410,"Latvian Way Union","LC",40,"NA",245,1,2001,0.668,NA,14.714,0,NA,17,100,1,20,"NA",42,9.524,0,0,0,2.381,0,0,0,4.762,0,0,11.905,0,0,0,0,0,0,0,0,2.381,2.381,0,0,0,0,0,0,0,0,0,0,0,0,0,0,0,7.143,2.381,11.905,0,4.762,0,4.762,0,7.143,0,14.286,0,2.381,0,0,0,7.143,0,0,0,0,0,0,2.381,0,0,0,0,0,0,0,0,0,0,0,0,0,0,0,0,0,0,0,0,0,0,0,0,0,0,0,0,0,0,0,0,0,0,0,0,0,0,0,0,2.381,0,0,0,0,0,0,0,0,0,NA,NA,NA,NA,NA,NA,NA,NA,NA,NA,NA,NA,NA,NA,NA,NA,NA,NA,NA,NA,NA,NA,NA,NA,NA,NA,NA,NA,NA,NA,NA,NA,28.571,0,2.381,14.286,0,"2024a","CWGD2H",17.541
87,"Latvia",0,0,1995-09-30,199509,87411,"Democratic Party ‘Saimnieks’","DPS",40,"NA",245,1,2001,0.668,NA,15.222,0,NA,18,100,1,20,"NA",57,1.754,0,0,0,0,0,0,3.509,0,0,0,0,0,0,0,3.509,0,3.509,0,0,1.754,8.772,1.754,0,0,1.754,0,3.509,0,0,0,0,0,0,0,0,0,1.754,3.509,40.351,0,3.509,0,1.754,0,3.509,0,3.509,5.263,0,0,0,0,5.263,0,0,0,0,0,0,0,0,0,0,0,0,0,0,0,0,0,0,0,0,0,0,0,0,0,0,0,0,0,0,0,0,0,0,1.754,0,0,0,0,0,0,0,0,0,0,0,0,0,0,0,0,0,0,0,0,0,0,NA,NA,NA,NA,NA,NA,NA,NA,NA,NA,NA,NA,NA,NA,NA,NA,NA,NA,NA,NA,NA,NA,NA,NA,NA,NA,NA,NA,NA,NA,NA,NA,-26.316,1.754,1.754,43.86,0,"2024a","B4L4V7",15.222
87,"Latvia",0,0,1995-09-30,199509,87722,"Popular Movement for Latvia-Zigerista Party","TKL-ZP",70,"NA",245,1,2001,0.668,NA,14.966,0,NA,16,100,1,20,"NA",45,0,0,0,0,8.889,0,0,2.222,6.667,0,0,0,0,0,0,0,0,0,8.889,0,0,13.333,0,0,0,0,0,0,0,0,0,0,0,0,0,0,0,6.667,0,15.556,0,0,0,0,0,4.444,0,0,4.444,4.444,0,0,0,15.556,0,0,0,0,0,0,0,0,0,0,0,0,0,0,0,0,0,0,0,0,0,0,0,0,0,0,0,0,8.889,0,0,0,0,0,0,0,0,0,0,0,0,0,0,0,0,0,0,0,0,0,0,0,0,0,0,0,0,NA,NA,NA,NA,NA,NA,NA,NA,NA,NA,NA,NA,NA,NA,NA,NA,NA,NA,NA,NA,NA,NA,NA,NA,NA,NA,NA,NA,NA,NA,NA,NA,13.333,0,0,15.556,0,"2024a","KFXOD6",14.966
87,"Latvia",0,20,1998-10-03,199810,87311,"Latvian Social Democratic Alliance","LSDA",30,"NA",245,1,2001,0.668,NA,12.878,0,NA,14,100,1,20,"NA",673,0.892,0,0,0,2.823,0,0,2.377,1.486,0.149,0,1.932,1.634,1.337,0.297,3.12,0,2.823,4.16,0.743,1.04,1.04,1.04,2.229,0.297,0.446,0.149,5.349,0.149,1.189,5.944,0.149,0,0.594,0,0,2.229,5.498,2.675,10.104,0,4.012,0,3.418,0,0.594,0,7.875,0.446,0.743,0,1.932,0,3.863,1.783,1.932,2.972,0.297,0.149,0,1.337,0.446,0,0,0,0,0,0,0,0,0.446,0,0,0.446,0,0,0,0,0,0,0,0,0,0.297,0,0,0,0,0,0.297,1.04,0,0.149,0,0.297,0.446,0,0.594,0.297,0,0,0,0,0,0,0,0,0,0,0,0,NA,NA,NA,NA,NA,NA,NA,NA,NA,NA,NA,NA,NA,NA,NA,NA,NA,NA,NA,NA,NA,NA,NA,NA,NA,NA,NA,NA,NA,NA,NA,NA,-1.932,3.418,1.634,12.779,0,"2024a","AXL14I",12.878
87,"Latvia",0,20,1998-10-03,199810,87410,"Latvian Way Union","LC",40,"NA",245,1,2001,0.668,NA,18.148,0,NA,21,100,1,20,"NA",743,0.135,0.135,0,0,3.23,0,0,2.288,3.634,0,0,1.48,1.077,1.077,0,6.729,0,7.806,2.557,1.211,0.269,2.557,3.23,0.673,0.135,0,0.135,4.307,0,1.211,8.479,0,0,3.903,0,0,6.595,3.903,1.211,5.653,0,5.249,0,1.884,0,0.808,0,5.518,1.077,0,0,0.538,0,2.826,1.346,1.48,0,0.269,0.404,0,1.211,0.404,0,0,0,0,0,0,0,0,0.135,0,0,0,0.269,0,0,0,0,0,0,0,0,0,0,0.538,0,0,0,0,0.135,0,0,0,0,0.673,0,0.808,0.135,0,0,0,0,0,0,0,0,0.269,0.269,0,0.135,NA,NA,NA,NA,NA,NA,NA,NA,NA,NA,NA,NA,NA,NA,NA,NA,NA,NA,NA,NA,NA,NA,NA,NA,NA,NA,NA,NA,NA,NA,NA,NA,4.441,3.903,4.172,6.864,0,"2024a","UY9URX",17.541
87,"Latvia",0,20,1998-10-03,199810,87610,"People’s Party","TP",60,"NA",245,1,2001,0.668,NA,21.305,0,NA,24,100,1,20,"NA",488,1.23,0.41,0,0,1.844,0,0,0.82,1.434,0,0,0.41,0.41,1.025,0,4.508,0.205,8.197,3.074,4.713,0.82,1.434,1.639,0.205,0.205,0.82,0,4.918,0,0.41,13.525,0.205,0.205,0.82,0,0,1.844,3.484,0.615,10.451,0,4.098,0,3.689,0,1.434,0,8.607,0.205,0.205,0,1.23,0,4.098,1.23,1.434,0.41,1.23,0.615,0.205,1.025,0,0,0,0,0,0,0,0,0,0,0,0,0,0,0,0,0,0,0,0,0,0,0,0,0,0,0,0,0,0,0,0,0,0,0,0,0.41,0,0,0,0,0,0,0,0,0,0,0,0,0,NA,NA,NA,NA,NA,NA,NA,NA,NA,NA,NA,NA,NA,NA,NA,NA,NA,NA,NA,NA,NA,NA,NA,NA,NA,NA,NA,NA,NA,NA,NA,NA,4.918,2.049,1.639,11.066,0,"2024a","I6GZCP",19.1833333333333
87,"Latvia",0,20,2002-10-05,200210,87110,"Greens' and Farmers’ Union","ZZS",80,"NA",245,1,2003,0.668,NA,9.468,0,NA,12,100,8,20,"NA",43,0,0,0,0,0,0,0,2.326,2.326,0,0,0,0,0,0,0,0,2.326,0,2.326,2.326,6.977,4.651,0,0,0,0,0,0,2.326,2.326,0,0,0,0,0,11.628,0,6.977,13.953,0,11.628,0,6.977,0,0,0,0,6.977,0,0,0,0,2.326,0,0,9.302,0,0,0,0,0,0,0,0,0,0,0,0,0,0,0,0,0,0,0,0,0,0,0,0,0,0,0,2.326,0,0,0,0,0,0,0,0,0,0,0,0,0,0,0,0,0,0,0,0,0,0,0,0,0,0,NA,NA,NA,NA,NA,NA,NA,NA,NA,NA,NA,NA,NA,NA,NA,NA,NA,NA,NA,NA,NA,NA,NA,NA,NA,NA,NA,NA,NA,NA,NA,NA,-6.977,4.651,2.326,20.93,0,"2024a","HU4QUY",14.7071666666667
87,"Latvia",0,20,2002-10-05,200210,87410,"Latvian Way Union","LC",40,"NA",245,1,2003,0.668,NA,4.89,0,NA,0,100,1,20,"NA",64,0,0,0,0,0,0,0,1.563,4.688,0,0,0,1.563,0,0,4.688,0,0,3.125,10.938,0,4.688,1.563,0,0,0,0,1.563,0,0,7.813,0,0,0,0,0,0,9.375,0,17.188,0,7.813,0,3.125,0,0,0,7.813,3.125,1.563,0,1.563,0,4.688,0,0,1.563,0,0,0,0,0,0,0,0,0,0,0,0,0,0,0,0,0,0,0,0,0,0,0,0,0,0,0,0,0,0,0,0,0,0,0,0,0,0,0,0,0,0,0,0,0,0,0,0,0,0,0,0,0,0,NA,NA,NA,NA,NA,NA,NA,NA,NA,NA,NA,NA,NA,NA,NA,NA,NA,NA,NA,NA,NA,NA,NA,NA,NA,NA,NA,NA,NA,NA,NA,NA,-1.562,1.563,0,17.188,0,"2024a","QR2T8P",17.541
87,"Latvia",0,20,2002-10-05,200210,87422,"For Human Rights in a United Latvia","PCTVL",30,"NA",245,1,2003,0.668,NA,19.095,0,NA,25,100,1,20,"NA",62,0,3.226,0,0,0,3.226,0,6.452,3.226,0,0,1.613,1.613,0,0,6.452,0,0,4.839,6.452,0,3.226,0,0,0,0,0,6.452,0,0,1.613,0,0,0,0,0,0,1.613,4.839,8.065,0,0,0,1.613,0,0,0,3.226,4.839,3.226,0,0,0,4.839,4.839,1.613,3.226,0,0,0,0,0,0,0,0,0,0,0,0,0,0,0,0,0,6.452,0,0,0,0,0,0,1.613,0,0,1.613,0,0,0,0,0,0,0,0,0,0,0,0,0,0,0,0,0,0,0,0,0,0,0,0,0,0,NA,NA,NA,NA,NA,NA,NA,NA,NA,NA,NA,NA,NA,NA,NA,NA,NA,NA,NA,NA,NA,NA,NA,NA,NA,NA,NA,NA,NA,NA,NA,NA,1.613,0,0,12.903,3.226,"2024a","L523O3",12.5605
87,"Latvia",0,20,2002-10-05,200210,87423,"New Era","JL",60,"NA",245,1,2003,0.668,NA,23.979,0,NA,26,100,1,20,"NA",67,0,0,0,0,0,0,0,1.493,2.985,0,0,0,4.478,0,0,0,0,5.97,7.463,1.493,1.493,2.985,0,0,0,0,0,2.985,0,4.478,8.955,0,0,0,0,0,2.985,4.478,4.478,11.94,0,7.463,0,5.97,0,0,0,7.463,0,0,0,2.985,0,4.478,1.493,0,1.493,0,0,0,0,0,0,0,0,0,0,0,0,0,0,0,0,0,0,0,0,0,0,0,0,0,0,0,0,0,0,0,0,0,0,0,0,0,0,0,0,0,0,0,0,0,0,0,0,0,0,0,0,0,0,NA,NA,NA,NA,NA,NA,NA,NA,NA,NA,NA,NA,NA,NA,NA,NA,NA,NA,NA,NA,NA,NA,NA,NA,NA,NA,NA,NA,NA,NA,NA,NA,-8.955,0,1.493,16.418,0,"2024a","CQVV8M",20.1775
87,"Latvia",0,20,2002-10-05,200210,87610,"People’s Party","TP",60,"NA",245,1,2003,0.668,NA,16.687,0,NA,20,100,1,20,"NA",60,5,0,0,0,1.667,0,0,0,1.667,0,0,0,0,0,0,1.667,0,0,0,20,0,8.333,1.667,0,0,0,0,6.667,0,1.667,0,0,0,0,0,0,0,0,0,20,0,5,0,0,0,0,0,6.667,0,0,0,5,0,6.667,6.667,0,0,0,0,0,0,0,0,0,0,0,0,0,0,0,0,0,0,0,0,0,0,0,0,0,0,0,0,0,1.667,0,0,0,0,0,0,0,0,0,0,0,0,0,0,0,0,0,0,0,0,0,0,0,0,0,0,NA,NA,NA,NA,NA,NA,NA,NA,NA,NA,NA,NA,NA,NA,NA,NA,NA,NA,NA,NA,NA,NA,NA,NA,NA,NA,NA,NA,NA,NA,NA,NA,5,1.667,0,20,0,"2024a","F9TQ5D",19.1833333333333
87,"Latvia",0,10,2006-10-07,200610,87021,"Concord Centre","SC",20,"NA",330,5,2016,0.893,0.488,14.423,0,NA,17,100,8,110,"2024-1",76,0,0,0,0,0,1.316,0,2.632,1.316,0,0,2.632,0,0,0,0,0,2.632,2.632,0,0,1.316,3.947,0,0,0,0,1.316,0,1.316,9.211,2.632,0,0,0,0,0,0,14.474,21.053,0,5.263,0,5.263,1.316,0,0,0,1.316,13.158,0,0,0,0,1.316,0,3.947,0,0,0,0,0,0,0,0,0,0,0,0,0,0,0,0,0,0,0,0,0,0,0,0,0,0,0,0,0,0,0,0,0,0,0,0,0,0,0,0,0,0,0,0,0,0,0,0,0,0,0,0,0,0,0,0,1.316,1.316,0,0,0,0,0,0,0,0,0,0,0,0,5.263,0,1.316,0,0,0,1.316,0,13.158,0,0,0,0,0,0,0,-26.316,6.579,0,35.526,1.316,"2024a","3NB1KD",23.217
87,"Latvia",0,10,2006-10-07,200610,87110,"Greens' and Farmers’ Union","ZZS",80,"NA",330,5,2016,0.893,0.488,16.705,0,NA,18,100,1,110,"2024-1",60,0,0,0,0,3.333,0,0,0,1.667,1.667,0,0,3.333,0,0,10,0,3.333,3.333,0,0,5,0,0,0,0,0,3.333,0,3.333,3.333,0,0,0,0,3.333,6.667,0,1.667,11.667,0,13.333,0,6.667,0,1.667,0,5,1.667,0,0,1.667,0,5,0,0,0,0,0,0,0,0,0,0,0,0,0,0,0,0,0,0,0,0,0,0,0,0,0,0,0,0,0,0,0,0,0,0,0,0,0,0,0,0,0,0,0,0,0,0,0,0,0,0,0,0,0,0,0,0,0,0,0,0,0,3.333,0,0,0,0,0,0,0,0,0,0,3.333,6.667,0,0,0,5,0,0,1.667,0,0,0,0,0,0,5,0,-6.667,0,0,13.333,0,"2024a","D9IPGG",14.7071666666667
87,"Latvia",0,10,2006-10-07,200610,87422,"For Human Rights in a United Latvia","PCTVL",30,"NA",330,5,2016,0.893,0.488,6.026,0,NA,6,100,1,110,"2024-1",59,0,0,0,0,0,3.39,0,8.475,0,0,0,0,3.39,0,0,0,0,1.695,6.78,6.78,0,1.695,0,0,0,0,0,1.695,0,3.39,3.39,3.39,0,0,0,0,1.695,0,8.475,11.864,0,11.864,0,0,0,8.475,0,6.78,0,3.39,0,3.39,0,0,0,0,0,0,0,0,0,0,0,0,0,0,0,0,0,0,0,0,0,0,0,0,0,0,0,0,0,0,0,0,0,0,0,0,0,0,0,0,0,0,0,0,0,0,0,0,0,0,0,0,0,0,0,0,0,0,0,0,0,0,0,1.695,0,0,1.695,6.78,0,0,0,0,0,0,0,0,0,0,0,6.78,0,0,0,3.39,0,0,0,0,0,0,0,-22.034,3.39,0,20.339,3.39,"2024a","QUSIH8",12.5605
87,"Latvia",0,10,2006-10-07,200610,87423,"New Era","JL",60,"NA",330,5,2016,0.893,0.488,16.376,0,NA,18,100,1,110,"2024-1",67,0,0,0,0,1.493,0,0,0,0,0,0,0,0,0,0,0,0,4.478,7.463,0,0,2.985,0,0,0,0,0,0,2.985,1.493,4.478,2.985,0,2.985,0,0,1.493,0,2.985,14.925,0,16.418,0,2.985,0,4.478,0,16.418,0,0,0,4.478,0,1.493,2.985,0,0,0,0,0,0,0,0,0,0,0,0,0,0,0,0,0,0,0,0,0,0,0,0,0,0,0,0,0,0,0,0,0,0,0,0,0,0,0,0,0,0,0,0,0,0,0,0,0,0,0,0,0,0,0,0,0,0,0,0,0,0,0,0,0,0,0,0,0,0,0,0,2.985,0,0,0,16.418,0,0,0,0,0,0,0,0,0,1.493,0,-7.463,2.985,2.985,17.91,0,"2024a","LFX6RY",20.1775
87,"Latvia",0,10,2006-10-07,200610,87610,"People’s Party","TP",60,"NA",330,5,2016,0.893,0.488,19.558,0,NA,23,100,1,110,"2024-1",36,0,0,0,0,0,0,0,0,0,0,0,0,0,0,0,0,0,19.444,0,25,0,0,0,0,0,0,0,0,0,19.444,11.111,0,0,0,0,0,0,0,0,5.556,0,5.556,0,8.333,0,0,0,0,0,0,0,2.778,0,0,2.778,0,0,0,0,0,0,0,0,0,0,0,0,0,0,0,0,0,0,0,0,0,0,0,0,0,0,0,0,0,0,0,0,0,0,0,0,0,0,0,0,0,0,0,0,0,0,0,0,0,0,0,0,0,0,0,0,0,0,0,0,0,0,0,0,22.222,0,2.778,0,0,0,0,0,8.333,0,0,0,0,0,0,0,0,0,0,0,0,0,0,0,19.444,0,0,5.556,0,"2024a","YG492R",19.1833333333333
87,"Latvia",0,10,2010-10-02,201010,87021,"Concord Centre","SC",20,"NA",330,5,2016,0.893,0.488,26.608,0,NA,29,100,8,110,"2024-1",68,0,0,0,0,0,0,0,5.882,0,0,0,2.941,1.471,0,0,0,0,0,1.471,13.235,0,1.471,8.824,0,0,0,0,2.941,0,7.353,2.941,0,0,0,0,0,0,0,4.412,5.882,0,1.471,0,14.706,0,7.353,0,0,1.471,7.353,0,4.412,0,0,0,0,4.412,0,0,0,0,0,0,0,0,0,0,0,0,0,0,0,0,0,0,0,0,0,0,0,0,0,0,0,0,0,0,0,0,0,0,0,0,0,0,0,0,0,0,0,0,0,0,0,0,0,0,0,0,0,0,0,0,1.471,1.471,1.471,0,0,0,8.824,0,4.412,0,0,0,0,0,14.706,0,0,0,0,0,1.471,0,7.353,0,0,0,0,0,0,0,13.235,8.824,0,10.294,0,"2024a","X54OP1",23.217
87,"Latvia",0,10,2010-10-02,201010,87062,"Unity","",60,"NA",330,5,2016,0.893,0.488,31.903,0,NA,33,100,8,110,"2024-1",70,0,0,0,0,1.429,0,0,0,2.857,0,0,0,4.286,0,0,0,0,0,7.143,7.143,0,7.143,1.429,0,0,0,0,0,1.429,11.429,1.429,0,0,1.429,0,0,0,2.857,4.286,14.286,0,8.571,0,8.571,0,0,0,5.714,4.286,0,0,1.429,0,2.857,0,0,0,0,0,0,0,0,0,0,0,0,0,0,0,0,0,0,0,0,0,0,0,0,0,0,0,0,0,0,0,0,0,0,0,0,0,0,0,0,0,0,0,0,0,0,0,0,0,0,0,0,0,0,0,0,0,0,0,0,0,4.286,0,0,0,0,5.714,1.429,0,0,0,0,0,8.571,0,0,0,5.714,0,2.857,1.429,0,0,0,0,0,0,2.857,0,5.714,1.429,1.429,18.571,0,"2024a","3J6PD9",19.91325
87,"Latvia",0,10,2010-10-02,201010,87071,"National Alliance ‘All For Latvia!' – ‘For Fatherland and Freedom - Latvian National Independence Movement'","",70,"NA",330,5,2016,0.893,0.488,7.835,0,NA,8,100,8,110,"2024-1",58,0,0,0,3.448,6.897,0,0,0,1.724,0,0,0,0,0,0,0,0,6.897,0,3.448,0,5.172,0,0,0,0,0,0,0,5.172,0,0,0,0,0,0,0,0,1.724,8.621,0,8.621,0,22.414,0,12.069,0,1.724,0,6.897,1.724,0,0,1.724,1.724,0,0,0,0,0,0,0,0,0,0,0,0,0,0,0,0,0,0,0,0,0,0,0,0,0,0,0,0,0,0,0,0,0,0,0,0,0,0,0,0,0,0,0,0,0,0,0,0,0,0,0,0,0,0,0,0,3.448,0,0,0,0,0,0,0,1.724,0,0,0,0,1.724,0,0,18.966,3.448,0,0,1.724,0,0,0,6.897,0,0,1.724,0,0,1.724,0,31.034,0,0,10.345,0,"2024a","MGL1NG",12.41
87,"Latvia",0,10,2010-10-02,201010,87110,"Greens' and Farmers’ Union","ZZS",80,"NA",330,5,2016,0.893,0.488,20.112,0,NA,22,100,1,110,"2024-1",62,1.613,0,0,0,4.839,0,1.613,3.226,0,0,0,0,0,0,0,0,0,1.613,0,0,0,4.839,0,0,0,4.839,0,0,0,1.613,1.613,0,0,0,0,0,11.29,6.452,3.226,8.065,0,11.29,0,17.742,0,1.613,0,1.613,0,1.613,0,3.226,0,6.452,1.613,0,0,0,0,0,0,0,0,0,0,0,0,0,0,0,0,0,0,0,0,0,0,0,0,0,0,0,0,0,0,0,0,0,0,0,0,0,0,0,0,0,0,0,0,0,0,0,0,0,0,0,0,0,0,0,0,0,0,0,0,0,0,0,0,0,0,0,0,0,0,0,0,17.742,0,0,0,1.613,0,0,0,1.613,0,0,0,0,0,6.452,0,-1.613,0,0,11.29,1.613,"2024a","Z5S4HJ",14.7071666666667
87,"Latvia",0,10,2011-09-17,201109,87021,"Concord Centre","SC",20,"NA",330,5,2016,0.893,0.488,28.62,0,NA,31,100,1,111,"2024-1",41,0,0,0,0,0,0,0,0,0,0,2.439,0,0,4.878,0,9.756,0,9.756,0,9.756,0,19.512,0,0,0,0,0,0,0,2.439,0,0,0,4.878,0,0,0,0,14.634,17.073,0,4.878,0,0,0,0,0,0,0,0,0,0,0,0,0,0,0,0,0,0,0,0,0,0,0,0,0,0,0,0,0,0,0,0,0,0,0,0,0,0,0,0,0,0,0,0,0,0,0,0,0,0,0,0,0,0,0,0,0,0,0,0,0,0,0,0,0,0,0,0,0,0,0,0,0,0,0,0,0,9.756,0,0,0,0,0,0,0,0,0,0,0,0,0,0,0,0,0,0,0,0,0,0,0,17.073,0,4.878,31.707,0,"2024a","HLSIUC",23.217
87,"Latvia",0,10,2011-09-17,201109,87062,"Unity","",60,"NA",330,5,2016,0.893,0.488,19,0,NA,20,100,1,111,"2024-1",60,0,0,0,0,0,0,0,3.333,3.333,0,0,0,1.667,0,0,0,0,5,3.333,3.333,0,1.667,1.667,0,0,0,0,1.667,0,6.667,3.333,0,0,3.333,0,0,3.333,11.667,3.333,8.333,0,11.667,0,6.667,0,1.667,0,0,5,0,0,3.333,0,3.333,0,0,3.333,0,0,0,0,0,0,0,0,0,0,0,0,0,0,0,0,0,0,0,0,0,0,0,0,0,0,0,0,0,0,0,0,0,0,0,0,0,0,0,0,0,0,0,0,0,0,0,0,0,0,0,0,0,0,0,0,0,0,1.667,0,0,0,1.667,1.667,0,0,0,0,0,0,6.667,0,0,0,0,0,0,5,0,0,0,0,0,0,3.333,0,-8.333,1.667,3.333,11.667,0,"2024a","2CU62D",19.91325
87,"Latvia",0,10,2011-09-17,201109,87071,"National Alliance ‘All For Latvia!' – ‘For Fatherland and Freedom - Latvian National Independence Movement'","",70,"NA",330,5,2016,0.893,0.488,14.006,0,NA,14,100,1,111,"2024-1",51,1.961,0,0,3.922,5.882,0,0,0,0,0,0,0,1.961,0,0,0,0,0,3.922,13.725,0,1.961,0,0,0,0,0,0,0,1.961,0,0,0,0,0,0,3.922,0,7.843,5.882,0,1.961,0,31.373,0,1.961,0,0,0,5.882,5.882,0,0,0,0,0,0,0,0,0,0,0,0,0,0,0,0,0,0,0,0,0,0,0,0,0,0,0,0,0,0,0,0,0,0,0,0,0,0,0,0,0,0,0,0,0,0,0,0,0,0,0,0,0,0,0,0,0,0,0,0,3.922,0,0,0,0,0,0,1.961,13.725,0,0,0,0,0,0,0,31.373,0,0,0,0,0,0,0,5.882,0,0,5.882,0,0,0,0,41.176,0,0,13.725,0,"2024a","V73GT3",12.41
87,"Latvia",0,10,2011-09-17,201109,87110,"Greens' and Farmers’ Union","ZZS",80,"NA",330,5,2016,0.893,0.488,12.327,0,NA,13,100,1,111,"2024-1",62,1.613,1.613,0,0,1.613,0,0,3.226,0,0,0,0,0,0,0,4.839,0,6.452,0,0,0,4.839,0,0,0,0,0,0,1.613,3.226,4.839,0,0,0,0,0,11.29,4.839,1.613,9.677,0,6.452,0,16.129,0,1.613,0,6.452,0,0,0,0,0,4.839,1.613,0,1.613,0,0,0,0,0,0,0,0,0,0,0,0,0,0,0,0,0,0,0,0,0,0,0,0,0,0,0,0,0,0,0,0,0,0,0,0,0,0,0,0,0,0,0,0,0,0,0,0,0,0,0,0,0,0,0,0,0,0,0,0,0,0,0,0,0,0,0,0,0,0,16.129,0,0,0,6.452,0,0,0,0,0,0,0,0,0,4.839,0,11.29,0,0,11.29,0,"2024a","LGUOV7",14.7071666666667
87,"Latvia",0,10,2011-09-17,201109,87620,"Zatlers' Reform Party","ZRP",60,"NA",330,5,2016,0.893,0.488,21.014,0,NA,22,100,1,111,"2024-1",63,7.937,0,0,0,1.587,0,0,1.587,9.524,0,0,0,6.349,0,0,7.937,0,9.524,3.175,0,0,6.349,0,0,0,0,0,1.587,0,1.587,1.587,0,0,0,0,0,0,6.349,4.762,6.349,0,6.349,0,3.175,0,3.175,0,6.349,0,0,0,1.587,0,3.175,0,0,0,0,0,0,0,0,0,0,0,0,0,0,0,0,0,0,0,0,0,0,0,0,0,0,0,0,0,0,0,0,0,0,0,0,0,0,0,0,0,0,0,0,0,0,0,0,0,0,0,0,0,0,0,0,0,0,0,0,0,3.175,0,0,3.175,0,0,0,0,0,0,0,0,3.175,0,0,0,6.349,0,0,0,0,0,0,0,0,0,3.175,0,-1.587,0,0,11.111,0,"2024a","CCDJDM",21.014
87,"Latvia",0,10,2014-10-04,201410,87062,"Unity","",60,"NA",330,5,2016,0.893,0.488,22.011,0,NA,23,100,1,111,"2024-1",55,0,0,0,1.818,7.273,0,0,3.636,1.818,0,0,0,9.091,0,0,0,0,1.818,0,5.455,0,9.091,1.818,1.818,0,0,0,0,0,9.091,5.455,0,0,1.818,0,0,0,1.818,5.455,7.273,0,5.455,0,5.455,0,3.636,0,1.818,1.818,0,0,0,0,0,0,0,7.273,0,0,0,0,0,0,0,0,0,0,0,0,0,0,0,0,0,0,0,0,0,0,0,0,0,0,0,0,0,0,0,0,0,0,0,0,0,0,0,0,0,0,0,0,0,0,0,0,0,0,0,0,0,0,1.818,0,0,0,9.091,0,0,0,5.455,0,0,0,0,0,0,0,5.455,0,0,0,1.818,0,1.818,0,0,0,0,0,0,0,0,0,5.455,3.636,1.818,12.727,0,"2024a","KH38HL",19.91325
87,"Latvia",0,10,2014-10-04,201410,87071,"National Alliance ‘All For Latvia!' – ‘For Fatherland and Freedom - Latvian National Independence Movement'","",70,"NA",330,5,2016,0.893,0.488,16.719,0,NA,17,100,1,111,"2024-1",60,0,0,0,5,6.667,0,0,0,0,0,0,0,0,1.667,0,0,0,1.667,0,0,0,1.667,1.667,0,0,0,0,0,6.667,5,6.667,0,1.667,0,0,0,1.667,11.667,6.667,16.667,0,3.333,0,15,0,1.667,0,0,0,3.333,0,0,0,0,1.667,0,0,0,0,0,0,0,0,0,0,0,0,0,0,0,0,0,0,0,0,0,0,0,0,0,0,0,0,0,0,0,0,0,0,0,0,0,0,0,0,0,0,0,0,0,0,0,0,0,0,0,0,0,0,0,0,3.333,1.667,0,0,0,0,0,0,0,0,0,0,0,0,0,0,15,0,0,0,0,0,0,0,3.333,0,0,0,0,0,0,0,-1.667,1.667,0,23.333,0,"2024a","JEJWMF",12.41
87,"Latvia",0,10,2014-10-04,201410,87110,"Greens' and Farmers’ Union","ZZS",80,"NA",330,5,2016,0.893,0.488,19.658,0,NA,21,100,1,111,"2024-1",90,0,0,0,0,6.667,0,0,1.111,0,0,0,0,0,0,0,3.333,0,5.556,0,0,0,4.444,1.111,0,0,0,0,0,0,5.556,3.333,0,1.111,1.111,0,2.222,7.778,6.667,1.111,10,0,11.111,0,5.556,0,2.222,0,5.556,1.111,0,0,1.111,0,10,1.111,0,1.111,0,0,0,0,0,0,0,0,0,0,0,0,0,0,0,0,0,0,0,0,0,0,0,0,0,0,0,0,0,0,0,0,0,0,0,0,0,0,0,0,0,0,0,0,0,0,0,0,0,0,0,0,0,0,0,0,0,0,0,0,0,0,0,0,0,0,0,0,0,2.222,5.556,0,0,0,5.556,0,1.111,0,0,0,0,0,0,0,10,0,1.111,1.111,1.111,11.111,0,"2024a","A6QMK1",14.7071666666667
87,"Latvia",0,10,2014-10-04,201410,87340,"Social Democartic Party Harmony","SDPS",30,"NA",330,5,2016,0.893,0.488,23.153,0,NA,24,100,1,111,"2024-1",47,0,0,0,0,0,0,0,0,0,0,0,0,0,0,0,0,0,0,0,17.021,0,6.383,0,0,0,0,0,0,2.128,27.66,2.128,2.128,2.128,0,0,0,0,4.255,29.787,2.128,0,0,0,0,0,0,0,0,0,0,0,4.255,0,0,0,0,0,0,0,0,0,0,0,0,0,0,0,0,0,0,0,0,0,0,0,0,0,0,0,0,0,0,0,0,0,0,0,0,0,0,0,0,0,0,0,0,0,0,0,0,0,0,0,0,0,0,0,0,0,0,0,0,0,0,0,0,0,0,0,17.021,0,0,0,0,0,0,0,0,0,0,0,0,0,0,0,0,0,0,0,0,0,0,0,12.766,2.128,0,31.915,0,"2024a","BZ68JF",21.536
87,"Latvia",10,10,2018-10-06,201810,87042,"Development/For!","",40,"NA",330,5,2019,0.81,0.674,12.12,0,NA,13,100,8,141,"2024-1",96,0,0,0,0,5.208,0,0,0,1.042,0,0,1.042,3.125,0,0,0,0,5.208,1.042,2.083,0,2.083,5.208,1.042,0,0,0,1.042,0,4.167,4.167,3.125,0,0,0,5.208,2.083,1.042,17.708,8.333,0,11.458,0,4.167,0,0,0,3.125,0,1.042,0,2.083,0,0,4.167,0,0,0,0,0,0,0,0,0,0,0,0,0,0,0,0,0,0,0,0,0,0,0,0,0,0,0,0,0,0,0,0,0,0,0,0,0,0,0,0,0,0,0,0,0,0,0,0,0,0,0,0,0,0,0,0,0,0,0,1.042,3.125,0,0,0,2.083,0,0,0,0,0,0,5.208,4.167,0,0,0,3.125,0,0,0,1.042,0,0,0,0,0,0,0,-16.667,9.375,0,26.042,0,"2024a","MB8TKW",12.12
87,"Latvia",10,10,2018-10-06,201810,87062,"Unity","",60,"NA",330,5,2019,0.81,0.674,6.739,0,NA,8,100,8,141,"2024-1",75,0,0,0,0,6.667,0,0,0,5.333,0,0,1.333,2.667,0,0,2.667,0,10.667,1.333,2.667,0,4,1.333,0,0,0,0,2.667,0,4,5.333,0,0,2.667,0,5.333,0,0,5.333,12,0,6.667,0,4,0,0,0,5.333,1.333,0,0,1.333,0,1.333,1.333,1.333,1.333,0,0,0,0,0,0,0,0,0,0,0,0,0,0,0,0,0,0,0,0,0,0,0,0,0,0,0,0,0,0,0,0,0,0,0,0,0,0,0,0,0,0,0,0,0,0,0,0,0,0,0,0,0,0,0,0,0,1.333,1.333,0,0,1.333,0,0,0,0,2.667,0,0,5.333,4,0,0,0,5.333,0,1.333,0,0,0,0,0,0,0,1.333,0,4,1.333,2.667,17.333,0,"2024a","M8TNG5",19.91325
87,"Latvia",10,10,2018-10-06,201810,87071,"National Alliance ‘All For Latvia!' – ‘For Fatherland and Freedom - Latvian National Independence Movement'","",70,"NA",330,5,2019,0.81,0.674,11.08,0,NA,13,100,8,141,"2024-1",58,0,0,0,3.448,3.448,0,0,3.448,1.724,0,1.724,0,1.724,1.724,0,0,0,1.724,0,3.448,0,1.724,0,0,0,0,0,0,0,0,1.724,0,0,0,0,0,5.172,5.172,6.897,6.897,0,5.172,0,15.517,0,1.724,0,3.448,0,5.172,1.724,8.621,0,0,1.724,5.172,1.724,0,0,0,0,0,0,0,0,0,0,0,0,0,0,0,0,0,0,0,0,0,0,0,0,0,0,0,0,0,0,0,0,0,0,0,0,0,0,0,0,0,0,0,0,0,0,0,0,0,0,0,0,0,0,3.448,0,0,0,1.724,0,0,0,3.448,0,0,0,0,0,0,0,13.793,1.724,0,0,3.448,0,0,0,5.172,0,0,1.724,0,0,0,0,1.724,0,0,13.793,0,"2024a","1P437Z",12.41
87,"Latvia",10,10,2018-10-06,201810,87110,"Greens' and Farmers’ Union","ZZS",80,"NA",330,5,2019,0.81,0.674,9.973,0,NA,11,100,1,141,"2024-1",57,1.754,0,0,0,1.754,0,0,0,3.509,0,0,0,5.263,0,0,0,0,3.509,0,1.754,0,0,0,0,0,0,0,7.018,0,7.018,7.018,0,0,5.263,0,1.754,1.754,3.509,3.509,14.035,0,5.263,0,7.018,0,0,0,3.509,5.263,0,0,5.263,0,5.263,0,0,0,0,0,0,0,0,0,0,0,0,0,0,0,0,0,0,0,0,0,0,0,0,0,0,0,0,0,0,0,0,0,0,0,0,0,0,0,0,0,0,0,0,0,0,0,0,0,0,0,0,0,0,0,0,0,0,0,0,0,5.263,0,0,0,1.754,0,0,0,0,0,0,1.754,7.018,0,0,0,3.509,0,0,5.263,0,0,0,0,0,0,5.263,0,-5.263,0,5.263,17.544,0,"2024a","OZETAH",14.7071666666667
87,"Latvia",10,10,2018-10-06,201810,87340,"Social Democartic Party Harmony","SDPS",30,"NA",330,5,2019,0.81,0.674,19.919,0,NA,23,100,1,141,"2024-1",71,0,0,0,0,5.634,0,0,4.225,1.408,0,0,0,0,0,0,0,1.408,1.408,0,1.408,0,5.634,0,1.408,0,0,0,2.817,0,2.817,8.451,2.817,0,0,0,1.408,0,0,7.042,21.127,0,9.859,0,1.408,0,0,0,9.859,5.634,1.408,0,0,0,0,1.408,0,1.408,0,0,0,0,0,0,0,0,0,0,0,0,0,0,0,0,0,0,0,0,0,0,0,0,0,0,0,0,0,0,0,0,0,0,0,0,0,0,0,0,0,0,0,0,0,0,0,0,0,0,0,0,0,0,0,0,0,0,0,0,0,0,1.408,0,0,0,0,0,0,1.408,1.408,0,0,0,9.859,0,1.408,4.225,1.408,0,0,0,0,0,0,0,-9.859,4.225,0,28.169,0,"2024a","7RK873",21.536
87,"Latvia",10,10,2018-10-06,201810,87640,"New Conservative Party","",60,"NA",330,5,2019,0.81,0.674,13.67,0,NA,16,100,1,141,"2024-1",70,0,0,0,0,5.714,0,0,0,1.429,0,0,0,0,0,0,0,0,5.714,2.857,4.286,0,8.571,2.857,0,0,0,0,0,5.714,0,1.429,2.857,1.429,0,0,0,0,2.857,1.429,7.143,0,7.143,0,8.571,0,4.286,0,11.429,0,2.857,0,1.429,0,5.714,4.286,0,0,0,0,0,0,0,0,0,0,0,0,0,0,0,0,0,0,0,0,0,0,0,0,0,0,0,0,0,0,0,0,0,0,0,0,0,0,0,0,0,0,0,0,0,0,0,0,0,0,0,0,0,0,0,0,0,0,0,0,0,0,0,0,0,0,1.429,0,2.857,0,0,0,7.143,1.429,0,0,11.429,0,0,0,2.857,0,0,0,0,0,5.714,0,20,5.714,0,8.571,0,"2024a","DM7137",13.67
87,"Latvia",10,10,2018-10-06,201810,87730,"Who owns the state?","KPV LV",70,"NA",330,5,2019,0.81,0.674,14.334,0,NA,16,100,1,141,"2024-1",58,0,0,0,0,0,0,0,0,0,0,0,0,0,0,0,0,0,6.897,5.172,15.517,0,0,5.172,0,0,0,0,0,0,0,0,0,0,0,0,0,0,0,1.724,8.621,0,3.448,0,15.517,0,0,0,1.724,29.31,0,0,0,0,1.724,3.448,0,1.724,0,0,0,0,0,0,0,0,0,0,0,0,0,0,0,0,0,0,0,0,0,0,0,0,0,0,0,0,0,0,0,0,0,0,0,0,0,0,0,0,0,0,0,0,0,0,0,0,0,0,0,0,0,0,0,0,0,0,0,0,0,0,12.069,0,0,0,3.448,0,0,0,15.517,0,0,0,1.724,0,10.345,18.966,0,0,0,0,0,0,1.724,0,44.828,5.172,0,10.345,0,"2024a","UE4WJT",14.334
92,"Poland",0,0,1991-10-27,199110,92210,"Democratic Left Alliance","SLD",30,"NA",236,1,1992,0.782,NA,11.312,0,NA,60,460,8,20,"NA",237,0.844,0,0,0.422,1.266,0,0,2.532,0,0.844,0,2.954,8.439,6.751,0,3.797,0.422,0.844,1.266,9.283,0.844,0.422,2.532,0,0,0.844,0,6.329,1.266,0.844,2.954,1.688,2.11,0,0,0.844,0.844,0.844,4.641,4.641,0,1.688,0,0,0,0.844,2.11,0.422,0.844,0,0,2.11,0,5.907,0,0.422,6.329,0.844,0.844,0,0,0,0,0,0,0,0,0,0,0,0,0,0,0,0,0,0,0,0,0,0,0,0.422,0,0,1.688,0,0,0.844,1.266,1.266,0,0,0,0,0,0,0.422,0,0,0,0,0,0,0,0,0,0.422,0,0,0,NA,NA,NA,NA,NA,NA,NA,NA,NA,NA,NA,NA,NA,NA,NA,NA,NA,NA,NA,NA,NA,NA,NA,NA,NA,NA,NA,NA,NA,NA,NA,NA,-3.376,4.219,0.844,9.283,0,"2024a","2I3B2U",15.6806
92,"Poland",0,0,1991-10-27,199110,92410,"Democratic Union","UD",30,"NA",236,1,1992,0.782,NA,11.626,0,NA,62,460,1,20,"NA",395,0,0,0,0.506,0,0,0,7.089,1.013,0,0,1.519,0.253,17.722,0,6.329,0,1.013,0,0.759,9.873,0.253,2.025,1.519,0.506,0,4.304,0.759,0.253,0,2.278,0.253,0,3.544,0,0.506,3.038,1.519,1.013,5.063,0.506,1.772,0,0,0,2.278,0.759,0,0,1.013,0,1.772,0.253,2.025,0,1.266,0.506,3.797,1.266,0,0,0,0,0.506,0,0,0,0,0,0,0,0,0,0,0,0,0,0,0,0,0,0,0,0,0,4.304,0,0,0.506,1.519,0,0,0,0,0,0,0,2.025,0.759,0,0,0,0,0,0,0,0,0.253,0,0,0,NA,NA,NA,NA,NA,NA,NA,NA,NA,NA,NA,NA,NA,NA,NA,NA,NA,NA,NA,NA,NA,NA,NA,NA,NA,NA,NA,NA,NA,NA,NA,NA,20.506,3.797,13.418,6.076,0,"2024a","2EZGDN",11.108
92,"Poland",0,0,1993-09-19,199309,92210,"Democratic Left Alliance","SLD",30,"NA",249,1,1996,0.835,NA,20.405,0,NA,171,460,8,20,"2024-1",95,0,0,0,0,0,0,0,2.105,1.053,0,0,3.158,1.053,4.211,5.263,2.105,0,1.053,0,0,2.105,10.526,0,4.211,0,2.105,4.211,0,3.158,2.105,3.158,0,11.579,0,0,1.053,0,1.053,5.263,10.526,0,3.158,0,0,0,0,3.158,0,1.053,0,0,1.053,0,2.105,0,0,4.211,1.053,0,0,0,0,0,0,0,0,0,0,0,0,0,0,0,0,0,0,0,0,0,0,0,0,0,0,0,2.105,0,0,0,0,0,0,0,0,0,0,0,1.053,0,0,0,0,0,0,0,0,0,0,0,0,0,NA,NA,NA,NA,NA,NA,NA,NA,NA,NA,NA,NA,NA,NA,NA,NA,NA,NA,NA,NA,NA,NA,NA,NA,NA,NA,NA,NA,NA,NA,NA,NA,-10.526,4.211,2.105,15.789,0,"2024a","3ZGCHV",15.6806
92,"Poland",0,0,1993-09-19,199309,92410,"Democratic Union","UD",30,"NA",236,1,1994,0.782,NA,10.59,0,NA,74,460,1,20,"2024-1",54,0,0,0,0,9.259,1.852,0,5.556,1.852,0,0,0,0,3.704,0,3.704,0,0,0,0,1.852,1.852,0,0,1.852,0,0,0,3.704,0,5.556,0,0,7.407,0,0,7.407,1.852,0,9.259,0,5.556,0,0,0,0,0,9.259,0,0,0,1.852,0,11.111,0,0,1.852,0,0,0,0,0,0,0,0,0,0,0,0,0,0,0,0,0,0,0,0,0,0,0,0,0,0,0,0,1.852,0,0,0,1.852,0,0,0,0,0,0,0,0,0,0,0,0,0,0,0,0,0,0,0,0,0,NA,NA,NA,NA,NA,NA,NA,NA,NA,NA,NA,NA,NA,NA,NA,NA,NA,NA,NA,NA,NA,NA,NA,NA,NA,NA,NA,NA,NA,NA,NA,NA,9.259,0,9.259,9.259,1.852,"2024a","KQJGXU",11.108
92,"Poland",10,0,1997-09-21,199709,92210,"Democratic Left Alliance","SLD",30,"NA",250,1,1999,0.719,NA,27.133,0,NA,164,460,8,20,"NA",272,2.206,0,0,0,1.471,0,0,0.368,2.574,0,0,1.471,0.368,0,0,1.838,0,0.735,1.103,6.985,0,12.132,0,0,1.103,0.368,0,0,0,3.676,0.735,0,0,1.838,0,0,0.735,0.735,0.735,18.75,0,6.25,0,0,0,0,0,8.824,3.309,0.735,0,0.735,0,11.397,0,0.368,5.515,0,0,0,0,0,0,0,0,0,0,0,0,0,0,0,0,0,0,0,0,0,0,0,0,0,0,0,0,1.471,0,0,0,0.368,0.735,0,0,0.368,0,0,0,0,0,0,0,0,0,0,0,0,0,0,0,0,0,NA,NA,NA,NA,NA,NA,NA,NA,NA,NA,NA,NA,NA,NA,NA,NA,NA,NA,NA,NA,NA,NA,NA,NA,NA,NA,NA,NA,NA,NA,NA,NA,9.191,0,1.838,19.485,0,"2024a","I18473",15.6806
92,"Poland",10,0,1997-09-21,199709,92434,"Freedom Union","UW",40,"NA",250,1,1999,0.719,NA,13.367,0,NA,60,460,8,20,"NA",603,1.493,0,0,0,2.653,0,0,2.819,0.995,0,0,1.658,0.166,0,0,3.98,0,7.297,0,5.473,0.663,9.287,3.483,0,0,0,0,0,0,3.648,3.98,0,0,3.483,0,0,3.317,4.643,0.166,19.735,0,4.975,0,0,0,0,0,5.97,0,0.332,0,0,0,5.473,0,0,0,0,0,0,0,0,0,0,0,0,0,0,0,0,0,0,0,0,0,0,0,0,0,0,0,0,0,0,0,3.648,0,0.663,0,0,0,0,0,0,0,0,0,0,0,0,0,0,0,0,0,0,0,0,0,0,0,NA,NA,NA,NA,NA,NA,NA,NA,NA,NA,NA,NA,NA,NA,NA,NA,NA,NA,NA,NA,NA,NA,NA,NA,NA,NA,NA,NA,NA,NA,NA,NA,-1.99,3.483,4.146,19.9,0,"2024a","FJWW89",13.367
92,"Poland",10,0,1997-09-21,199709,92620,"Electoral Action ‘Solidarity'","AWS",50,"NA",250,1,1999,0.719,NA,33.827,0,NA,201,460,8,20,"NA",188,0,0,0,0,1.596,0,0,1.596,2.128,0,0,2.128,1.064,0,0,2.66,0,9.043,1.064,8.511,0.532,5.319,3.191,0,1.596,0,0,0,0,1.596,3.723,0,0,3.723,0,0,0.532,4.255,3.723,10.638,0,5.851,0,0,0,3.723,0,2.66,11.17,0,0,0,0,1.596,0,0,0,0,0,0,0,0,0,0,0,0,0,0,0,0,0,0,0,0,0,0,0,0,0,0,0.532,0,2.66,0,0,3.191,0,0,0,0,0,0,0,0,0,0,0,0,0,0,0,0,0,0,0,0,0,0,0,0,0,NA,NA,NA,NA,NA,NA,NA,NA,NA,NA,NA,NA,NA,NA,NA,NA,NA,NA,NA,NA,NA,NA,NA,NA,NA,NA,NA,NA,NA,NA,NA,NA,17.021,3.191,4.255,14.362,0,"2024a","KR8HSW",33.827
92,"Poland",10,20,2001-09-23,200109,92212,"Coalion of the Democratic Left Alliance and the Union of Labour","SLD-UP",30,"NA",250,1,2002,0.928,NA,41.04,0,NA,216,460,8,20,"2024-1",463,2.376,0,0,0,2.16,0,0,0,2.808,0,0.216,0,0.216,0,0,2.376,0,14.039,2.376,1.296,0,4.752,0.432,0.864,0.432,0.864,0,4.752,0,2.16,6.695,0,0,0,0,0,1.512,5.832,5.4,10.367,0.648,6.695,0,0,0,0,0.216,6.479,0,0.216,0,0,0,6.479,0,0,0.216,2.808,0,0,0,0,0,0,0,0,0,0,0,0,0,0,0,0,0,0,0,0,0,0,0,0,0,0,0,0,0,0,0,0,0,0.216,0,0,3.888,0,0,0,0,0,0,0,0,0,0,0,0,0,0.216,0,0,NA,NA,NA,NA,NA,NA,NA,NA,NA,NA,NA,NA,NA,NA,NA,NA,NA,NA,NA,NA,NA,NA,NA,NA,NA,NA,NA,NA,NA,NA,NA,NA,-4.104,1.296,0,15.767,0,"2024a","HTPNA8",41.04
92,"Poland",10,20,2001-09-23,200109,92435,"Civic Platform","PO",40,"NA",250,1,2002,0.928,NA,12.683,0,NA,65,460,1,20,"NA",643,2.177,0,0,0,0,0,0,0,0,0,0,0,0,0,0,0,0,23.328,0.311,2.799,0,11.509,0,0,0.311,0,0,3.733,0,2.177,2.955,0,0,0,0,0,0,0,1.711,16.485,0,15.552,0,0,0,0,0,7.154,0,0,0,0,0,9.642,0,0,0,0,0,0,0,0,0,0,0,0,0,0,0,0,0,0,0,0,0,0,0,0,0,0,0,0,0,0,0,0.156,0,0,0,0,0,0,0,0,0,0,0,0,0,0,0,0,0,0,0,0,0,0,0,0,0,NA,NA,NA,NA,NA,NA,NA,NA,NA,NA,NA,NA,NA,NA,NA,NA,NA,NA,NA,NA,NA,NA,NA,NA,NA,NA,NA,NA,NA,NA,NA,NA,-10.575,0,0,18.196,0,"2024a","3SF1W9",28.3198
92,"Poland",10,20,2001-09-23,200109,92436,"Law and Justice","PiS",60,"NA",250,1,2002,0.928,NA,9.501,0,NA,44,460,1,20,"NA",685,5.839,1.314,0,0,1.168,0,0,0,0,0,1.46,0,0,0,0.876,0,1.898,12.555,5.109,1.168,0,4.818,0,0,0.876,4.964,0,3.066,0,1.022,4.672,0.584,0.146,0,0,0,1.606,4.526,1.168,12.263,0,4.088,0,4.088,0,4.38,0,11.095,0,0,0,0,0,3.65,0,0,0.438,0,0,0.584,0,0,0,0,0,0,0,0,0,0,0,0,0,0,0,0,0,0,0,0,0,0,0,0,0,0,0,0,0,0,0,0,0,0,0,0,0,0,0,0,0,0,0,0,0,0,0,0.584,0,0,0,NA,NA,NA,NA,NA,NA,NA,NA,NA,NA,NA,NA,NA,NA,NA,NA,NA,NA,NA,NA,NA,NA,NA,NA,NA,NA,NA,NA,NA,NA,NA,NA,4.672,0.584,0,13.431,0,"2024a","ZESHTN",29.9428333333333
92,"Poland",10,20,2001-09-23,200109,92622,"Self-Defence of the Polish Republic","SRP",80,"NA",250,1,2002,0.928,NA,10.198,0,NA,53,460,1,20,"2024-1",57,0,0,0,0,0,0,0,0,0,0,0,0,0,0,0,0,0,17.544,5.263,0,0,14.035,0,0,0,3.509,0,0,0,1.754,0,0,1.754,0,0,0,0,1.754,0,21.053,0,7.018,0,0,0,0,0,1.754,0,0,0,0,0,19.298,0,1.754,1.754,1.754,0,0,0,0,0,0,0,0,0,0,0,0,0,0,0,0,0,0,0,0,0,0,0,0,0,0,0,0,0,0,0,0,0,0,0,0,0,0,0,0,0,0,0,0,0,0,0,0,0,0,0,0,0,NA,NA,NA,NA,NA,NA,NA,NA,NA,NA,NA,NA,NA,NA,NA,NA,NA,NA,NA,NA,NA,NA,NA,NA,NA,NA,NA,NA,NA,NA,NA,NA,-17.544,0,0,21.053,0,"2024a","RDRGZL",10.806
92,"Poland",10,10,2005-09-25,200509,92210,"Democratic Left Alliance","SLD",30,"NA",250,2,2006,NA,NA,11.311,0,NA,55,460,1,30,"NA",170,0,0,0,0,0.588,0,0,0,7.647,0,0,2.941,5.294,0.588,0,1.765,0,1.176,0,17.647,0,2.353,3.529,0,0,0.588,0,5.294,0,2.941,7.059,0,0,0,0,0,1.176,0,10,7.647,0,4.706,0,0,0,0,2.941,1.176,0,0,0,4.118,0,0.588,0,1.765,4.706,0,0,0,0,0,0,0,0,0,0,0,0,0,0,0,0,0,0,0,0,0,0,0,0,0,0,0,0,0,0,0,0,0,1.765,0,0,0,0,0,0,0,0,0,0,0,0,0,0,0,0,0,0,0,0,NA,NA,NA,NA,NA,NA,NA,NA,NA,NA,NA,NA,NA,NA,NA,NA,NA,NA,NA,NA,NA,NA,NA,NA,NA,NA,NA,NA,NA,NA,NA,NA,-0.588,3.529,0,17.647,0,"2024a","ISQ61V",15.6806
92,"Poland",10,10,2005-09-25,200509,92435,"Civic Platform","PO",40,"NA",250,2,2006,NA,NA,24.137,0,NA,133,460,1,30,"NA",693,1.876,0,0,0,0,0,0,0,0,0,0,0,0,1.01,0,0,0,12.698,0.433,2.453,0.722,7.648,1.299,0,0.289,0,0,7.648,0,2.165,1.876,0,0,9.524,0,0,0,0,6.205,14.141,0.289,12.843,0,0.433,0,0.289,0,6.638,0.289,0,0,0,0,9.235,0,0,0,0,0,0,0,0,0,0,0,0,0,0,0,0,0,0,0,0,0,0,0,0,0,0,0,0,0,0,0,0,0,0,0,0,0,0,0,0,0,0,0,0,0,0,0,0,0,0,0,0,0,0,0,0,0,NA,NA,NA,NA,NA,NA,NA,NA,NA,NA,NA,NA,NA,NA,NA,NA,NA,NA,NA,NA,NA,NA,NA,NA,NA,NA,NA,NA,NA,NA,NA,NA,1.01,1.299,10.245,20.346,0,"2024a","BVH4AA",28.3198
92,"Poland",10,10,2005-09-25,200509,92436,"Law and Justice","PiS",60,"NA",250,2,2006,NA,NA,26.987,0,NA,155,460,1,30,"NA",313,0,1.597,0,0,0.319,0,0,0,0.639,2.236,0.319,0,0,0,0.319,0,0,5.112,0.958,6.07,0,5.431,0.319,0,0,1.278,0,0,0,1.278,4.153,0.319,0.319,0,0,0,0,15.016,3.514,16.933,0,8.626,0,0.958,0,4.792,0,6.39,2.236,0,0,0,0,7.029,0,0,0.639,0,0,0,0,0,0,0,0,0,0,0,0,0,0,0,0,0,0,0,0,0,0,0,0,0,2.875,0,0,0,0,0,0,0,0,0,0,0,0,0,0,0,0,0,0,0,0,0,0,0,0,0.319,0,0,0,NA,NA,NA,NA,NA,NA,NA,NA,NA,NA,NA,NA,NA,NA,NA,NA,NA,NA,NA,NA,NA,NA,NA,NA,NA,NA,NA,NA,NA,NA,NA,NA,-1.597,0.639,0,20.447,0,"2024a","QOGDH3",29.9428333333333
92,"Poland",10,10,2005-09-25,200509,92622,"Self-Defence of the Polish Republic","SRP",80,"NA",250,2,2006,NA,NA,11.414,0,NA,56,460,1,30,"NA",479,0,0,0,0,0,0,0,0.626,0,0,0,1.253,0.626,3.132,0,0,0,0.835,0,6.681,0,4.593,1.253,0.209,0,2.714,0,7.516,0,6.263,0.209,12.317,0,0,0,0,0.209,0,10.23,6.889,0,1.044,0,2.296,0,0.835,0,0.835,0.418,0,0,0,0,12.526,0,0.626,0,0,0,0,0,0,0,0,0,0,0,0,0,0,0,0,0,0,0,0,0,0,0,0,0,0,0,0,0,0,0,0,0,0,0,0,0,0,6.889,0,0,0,0,0,0,0,0,8.977,0,0,0,0,0,0,0,NA,NA,NA,NA,NA,NA,NA,NA,NA,NA,NA,NA,NA,NA,NA,NA,NA,NA,NA,NA,NA,NA,NA,NA,NA,NA,NA,NA,NA,NA,NA,NA,-5.637,13.779,0,17.119,0,"2024a","IY5L78",10.806
92,"Poland",10,10,2007-10-21,200710,92021,"Left and Democrats","LiD",30,"NA",250,3,2010,0.708,NA,13.152,0,NA,53,460,8,40,"2024-1",911,0,1.427,0,0,0.659,0.11,0,4.501,6.476,0,0,4.061,0.329,0.988,0.11,2.415,0,6.586,0.22,8.452,0,1.098,0,0,0,0,0,4.391,0,1.207,6.367,0,0,1.756,0,0,8.452,11.855,0.988,9.55,0,4.72,0,0.988,0,0,0.988,0,1.098,0.22,0,0.22,0,0,0,1.756,5.708,0,0,0,0,0,0,0,0,0,0,0,0,0,0,0,0,0,0,0,0,0,0,0,0,0,0,0,0,0.439,0,0,0,0.22,0,0,0,0,0,0,0,0,0,0,0,0,0,0,0,0,0,1.647,0,0,0,NA,NA,NA,NA,NA,NA,NA,NA,NA,NA,NA,NA,NA,NA,NA,NA,NA,NA,NA,NA,NA,NA,NA,NA,NA,NA,NA,NA,NA,NA,NA,NA,-0.329,0,1.756,10.538,0.11,"2024a","53V9OA",13.152
92,"Poland",10,10,2007-10-21,200710,92435,"Civic Platform","PO",40,"NA",250,3,2010,0.708,NA,41.512,0,NA,209,460,1,40,"2024-1",1284,0.389,1.09,0.078,0,4.05,0.545,0,0.623,4.283,0,0,0.857,0.467,0.078,0.078,3.972,0,10.514,1.012,1.246,2.181,2.414,0.312,0.389,0,0.078,0.156,6.386,0,1.246,6.153,0,0,2.336,0,0,0.545,9.969,1.09,12.072,0.312,3.738,0,2.336,0,2.882,0,2.57,2.804,0.156,0,0,0,6.153,0,1.012,0,0,0,0,0,0,0,0,0,0,0,0,0,0,0,0,0,0,0,0,0,0,0,0,0,0,0,0,0,1.246,0,0.779,0,0,0,0,0,0,0,0,0,0,0,0,0,0,0,0,0,0,0,1.402,0,0,0,NA,NA,NA,NA,NA,NA,NA,NA,NA,NA,NA,NA,NA,NA,NA,NA,NA,NA,NA,NA,NA,NA,NA,NA,NA,NA,NA,NA,NA,NA,NA,NA,5.997,0.701,4.517,13.162,0.623,"2024a","QTXSQ8",28.3198
92,"Poland",10,10,2007-10-21,200710,92436,"Law and Justice","PiS",60,"NA",250,3,2010,0.708,NA,32.111,0,NA,166,460,1,40,"2024-1",867,0.115,0,0.923,0,5.536,0,0,0.577,0.692,0,1.153,0.231,0,0.115,0.807,0,0.115,18.8,3.691,1.615,0.577,1.499,0,0,0,0,0,8.42,0,2.307,12.457,0,0,2.768,0,0,0.231,3.345,1.038,9.343,0,3.23,0,1.845,0,0.577,0,8.189,0,0,0,0,0,5.421,0,0.231,0,0,0,0,0,0,0,0,0,0,0,0,0,0,0,0,0,0,0,0,0,0,0,0,0,0,0,0,0,0.346,0,0,0,0,0,0,0,0.346,0,0,0,0,0,0,0,0,0,0,0,0,0,3.46,0,0,0,NA,NA,NA,NA,NA,NA,NA,NA,NA,NA,NA,NA,NA,NA,NA,NA,NA,NA,NA,NA,NA,NA,NA,NA,NA,NA,NA,NA,NA,NA,NA,NA,9.804,0,3.345,10.381,0.923,"2024a","MIKOHS",29.9428333333333
92,"Poland",10,10,2011-10-09,201110,92210,"Democratic Left Alliance","SLD",30,"NA",250,4,2013,0.792,0.652,8.242,0,NA,27,460,1,70,"2024-1",2566,0.234,0.624,0,0.039,9.86,0.078,0,1.988,2.143,0,0,0.39,0.624,0.624,0.156,1.754,0,6.586,0.74,1.715,0.039,0.935,0,0.039,0,0.117,0,2.377,0,0.39,13.055,0,0,1.832,0,0,3.936,7.171,5.339,9.509,0,8.34,0,0,0,0,3.079,3.585,1.91,0,0,1.052,0,7.054,0,0.468,1.91,0,0,0,0,0,0,0,0,0,0,0,0,0,0,0,0,0,0,0,0,0,0,0,0,0,0,0,0,0,0,0,0,0,0,0,0,0,0,0,0,0,0,0,0,0,0,0,0,0,0,0.312,0,0,0,NA,NA,NA,NA,NA,NA,NA,NA,NA,NA,NA,NA,NA,NA,NA,NA,NA,NA,NA,NA,NA,NA,NA,NA,NA,NA,NA,NA,NA,NA,NA,NA,-0.896,0.039,1.871,14.848,0.078,"2024a","D8MWJP",15.6806
92,"Poland",10,10,2011-10-09,201110,92435,"Civic Platform","PO",40,"NA",250,4,2013,0.792,0.652,39.179,0,NA,207,460,1,70,"2024-1",1201,0.083,0.999,0,0,8.493,0,0,4.246,2.748,0,0,0,0.167,0,0,0,0,11.907,0,5.246,0,0.749,0,0,0,0,0,0.833,0,1.499,14.571,0,0,4.33,0,0,3.247,5.412,0.833,13.489,0,10.408,0,0,0,0.833,0,0.083,4.163,0,0,0,0,4.829,0,0.25,0.167,0,0,0,0,0,0,0,0,0,0,0,0,0,0,0,0,0,0,0,0,0,0,0,0,0,0,0,0,0.083,0,0,0,0,0,0,0,0,0,0,0,0,0,0,0,0,0,0,0,0,0,0.333,0,0,0,NA,NA,NA,NA,NA,NA,NA,NA,NA,NA,NA,NA,NA,NA,NA,NA,NA,NA,NA,NA,NA,NA,NA,NA,NA,NA,NA,NA,NA,NA,NA,NA,-4.413,0,4.33,14.321,0,"2024a","3CPVUS",28.3198
92,"Poland",10,10,2011-10-09,201110,92436,"Law and Justice","PiS",60,"NA",250,4,2013,0.792,0.652,29.89,0,NA,157,460,1,70,"2024-1",4195,0.072,0,0,0,9.058,0,0.024,0.62,0.119,0,0.93,0.572,1.836,0.048,0.286,0.119,0.572,12.372,0.453,15.161,0.31,0.262,2.574,0,0,0.119,0.072,1.049,0.024,0.739,7.986,0.143,0.095,1.168,0,0,1.526,3.719,2.241,7.771,0,6.889,0,2.408,0,1.335,0,4.839,2.718,0,0,0.405,0,6.103,0,0.62,1.359,0,0,0,0,0,0,0,0,0,0,0,0,0,0,0,0,0,0,0,0,0,0,0,0,0,0.143,0,0,0.024,0,0,0,0,0,0,0,0,0,0,0,0,0,0,0,0,0,0,0,0,0,1.12,0,0,0,NA,NA,NA,NA,NA,NA,NA,NA,NA,NA,NA,NA,NA,NA,NA,NA,NA,NA,NA,NA,NA,NA,NA,NA,NA,NA,NA,NA,NA,NA,NA,NA,17.473,2.718,1.478,10.012,0.024,"2024a","ZNGX5U",29.9428333333333
92,"Poland",10,10,2011-10-09,201110,92440,"Palikot's Movement","RP",40,"NA",250,4,2013,0.792,0.652,10.018,0,NA,40,460,1,70,"2024-1",245,2.041,0,0,0,0,4.082,0,0,0,0,0,0,0.816,0,0,0,0,43.265,0,6.122,0.816,0.408,0,0,0,0,0,2.857,0,0,1.633,0,0,3.673,0,0,0,2.041,1.224,0,0,0,0,0,0,0,27.755,0,0,0,0,0,2.449,0.408,0,0,0.408,0,0,0,0,0,0,0,0,0,0,0,0,0,0,0,0,0,0,0,0,0,0,0,0,0,0,0,0,0,0,0,0,0,0,0,0,0,0,0,0,0,0,0,0,0,0,0,0,0,0,0,0,0,0,NA,NA,NA,NA,NA,NA,NA,NA,NA,NA,NA,NA,NA,NA,NA,NA,NA,NA,NA,NA,NA,NA,NA,NA,NA,NA,NA,NA,NA,NA,NA,NA,6.122,0,4.49,1.224,4.082,"2024a","2FA6VK",10.018
92,"Poland",10,10,2015-10-25,201510,92435,"Civic Platform","PO",40,"NA",250,5,2020,0.777,0.659,24.088,0,NA,138,460,1,150,"2024-1",1097,0,0.273,0.912,0,3.191,0,0.091,4.011,0.82,0,0,0.365,2.37,0.091,0.912,2.005,0,2.188,0.091,3.099,0.456,3.646,0.273,0.182,0,0,0.365,0,0.182,0.912,14.95,0,0.456,1.641,0,2.188,0.547,2.552,2.461,15.679,0,9.572,0,6.746,0.182,0,0.547,3.829,1.732,0,0,5.834,0.091,3.191,0.182,0,1.185,0,0,0,0,0,0,0,0,0,0,0,0,0,0,0,0,0,0,0,0,0,0,0,0,0,0,0,0,0,0,0,0,0,0,0,0,0,0,0,0,0,0,0,0,0,0,0,0,0,0,0,0,0,0,0,0,0.273,0.091,0.912,0,0.729,0.729,3.099,0,0,0,0,0,0,2.188,5.925,0.82,0.182,0,3.829,0,1.732,0,0,0,0,0,0,0,3.191,0,-13.309,0.456,2.097,18.14,1.003,"2024a","IY3JQ4",28.3198
92,"Poland",10,10,2015-10-25,201510,92436,"Law and Justice","PiS",60,"NA",250,5,2020,0.777,0.659,37.575,0,NA,235,460,1,150,"2024-1",3422,0,0.117,0.614,0.263,3.594,0,0.058,0.906,0.438,1.023,3.098,1.344,4.676,0.146,0.468,1.373,0.205,2.133,5.348,7.89,0.088,5.348,1.169,0.672,0,0.117,0.029,0.088,0,0.76,5.669,0.263,1.607,1.052,0,1.257,0.789,3.419,2.688,7.744,0,7.89,0,8.036,0,2.338,0,8.065,0.818,0,0,2.572,0,3.741,0,0.029,0.058,0,0,0,0,0,0,0,0,0,0,0,0,0,0,0,0,0,0,0,0,0,0,0,0,0,0,0,0,0,0,0,0,0,0,0,0,0,0,0,0,0,0,0,0,0,0,0,0,0,0,0,0,0,0,0.117,0.146,0.438,0.906,1.987,0,0.146,2.542,4.617,0.76,0.205,0,2.309,0,0.058,1.198,8.036,0,0,0,8.065,0,0.76,0.058,0,0,0,0,0,0,3.741,0,10.812,2.104,1.14,10.432,0.672,"2024a","SGGQI4",29.9428333333333
92,"Poland",10,10,2019-10-13,201910,92023,"The Left","",30,"NA",250,5,2020,0.821,0.673,12.56,0,NA,49,460,8,160,"2024-1",181,0,0,0,0,0,0,0,0,0,0,0,0,2.21,2.21,0,1.105,0,3.867,0,0,0,3.867,0,0,0,0.552,0,0,0,0,10.497,2.21,1.105,0,0,6.077,4.972,0,5.525,21.547,0,5.525,0,0,3.867,0,9.392,4.42,1.105,0,0,6.63,0,3.315,0,0,0,0,0,0,0,0,0,0,0,0,0,0,0,0,0,0,0,0,0,0,0,0,0,0,0,0,0,0,0,0,0,0,0,0,0,0,0,0,0,0,0,0,0,0,0,0,0,0,0,0,0,0,0,0,0,0,0,0,0,2.21,0,0,0,0,0,0,0,0,0,0,6.077,0,0,3.315,0.552,4.42,0,0,1.105,0,0,0,0,0,0,3.315,0,-28.177,2.21,0,27.072,0,"2024a","ZA3E5L",12.56
92,"Poland",10,10,2019-10-13,201910,92040,"Civic Coalition","KO",40,"NA",250,5,2020,0.821,0.673,27.397,0,NA,134,460,8,160,"2024-1",1273,0,0,0,0,3.299,0,0,0.864,0.864,0,0,1.178,6.913,0.236,0.079,3.535,0,3.535,3.771,0.786,1.178,4.87,1.1,0.236,0,0.157,0.157,0,0,0,12.412,0.393,0,1.414,0,1.65,6.049,2.907,2.435,16.418,0,4.006,0,1.335,0.393,0.079,1.728,4.949,0.707,0,0,7.384,0,2.671,0.314,0,0,0,0,0,0,0,0,0,0,0,0,0,0,0,0,0,0,0,0,0,0,0,0,0,0,0,0,0,0,0,0,0,0,0,0,0,0,0,0,0,0,0,0,0,0,0,0,0,0,0,0,0,0,0,0,0,0,0.157,1.021,5.813,0,0.786,0.314,0.786,0,0,0,0,0,0,1.65,1.335,0,0.393,0,4.949,0,0.707,0,0,0,0,0,0,0,2.671,0,-17.282,1.728,2.592,18.853,0,"2024a","9Q66AS",27.397
92,"Poland",10,10,2019-10-13,201910,92436,"Law and Justice","PiS",60,"NA",250,5,2020,0.821,0.673,43.593,0,NA,235,460,1,160,"2024-1",3283,0,0.487,0.152,0.061,2.071,0,0.03,1.614,1.188,0.883,2.345,1.279,1.706,0.548,0.213,0.731,0,2.65,2.224,5.696,0.152,4.234,1.584,1.462,0,0.244,0,0.061,0,1.401,13.463,1.279,0.701,0.213,0,1.401,3.96,5.452,3.594,8.316,0,3.533,0,13.006,0,2.955,0,1.31,2.772,0,0,2.528,0,2.102,0.213,0.03,0.152,0,0,0,0,0,0,0,0,0,0,0,0,0,0,0,0,0,0,0,0,0,0,0,0,0,0,0,0,0,0,0,0,0,0,0,0,0,0,0,0,0,0,0,0,0,0,0,0,0,0,0,0,0,0,0.061,0,0.396,0.883,1.371,0,0.335,0,2.985,0.091,0.426,0,2.193,0,0,1.401,12.793,0.213,0,0,1.31,0,2.772,0,0,0,0,0,0,0,2.102,0,11.179,4.325,0.366,11.91,0.183,"2024a","JKG3X1",29.9428333333333
93,"Romania",0,0,1990-05-20,199005,93221,"National Salvation Front","FSN",30,"NA",248,1,1996,0.963,NA,66.313,0,NA,263,396,1,20,"NA",60,0,0,0,0,1.667,0,0,0,0,0,0,11.667,3.333,0,0,0,0,0,0,5,1.667,0,1.667,0,0,3.333,0,1.667,0,0,1.667,0,0,1.667,0,0,0,5,1.667,16.667,0,10,0,0,0,0,0,0,0,0,0,1.667,0,0,0,1.667,11.667,0,0,0,0,0,0,0,0,0,0,0,0,0,0,0,5,0,0,0,0,0,0,0,0,0,0,0,0,3.333,1.667,0,0,1.667,3.333,0,1.667,0,0,0,0,0,0,0,0,0,0,0,0,0,0,1.667,0,0,0,NA,NA,NA,NA,NA,NA,NA,NA,NA,NA,NA,NA,NA,NA,NA,NA,NA,NA,NA,NA,NA,NA,NA,NA,NA,NA,NA,NA,NA,NA,NA,NA,-15,1.667,3.333,18.333,0,"2024a","4CJI76",27.8446666666667
93,"Romania",0,0,1990-05-20,199005,93430,"National Liberal Party","PNL",40,"NA",236,1,1991,0.782,NA,6.415,0,NA,29,396,1,20,"NA",359,0,0,0,0,0.279,0,0,0,0,0,0,0.279,0.557,0,0,0.279,0,1.671,0.279,3.621,25.348,0,5.014,6.685,0,0.279,1.95,0.279,0.279,0.557,11.978,1.114,0.279,10.585,0,0,0,0,1.114,0.557,0,0,0,1.393,0,0,0,0,2.228,0,0,1.671,0,7.799,0,0,0,0,0,0,0,0,0,0,0,0,0,0,0,0,0,0,0,0,0,0,0,0,0,0,0,0,0,0,0,7.521,0,1.393,0,4.457,0.279,0,0,0.279,0,0,0,0,0,0,0,0,0,0,0,0,0,0,0,0,0,NA,NA,NA,NA,NA,NA,NA,NA,NA,NA,NA,NA,NA,NA,NA,NA,NA,NA,NA,NA,NA,NA,NA,NA,NA,NA,NA,NA,NA,NA,NA,NA,29.526,12.813,35.933,1.671,0,"2024a","MJDDUF",12.9875
93,"Romania",0,0,1992-09-27,199209,93221,"National Salvation Front","FSN",30,"NA",248,1,1996,0.963,NA,10.188,0,NA,43,341,1,20,"NA",169,1.183,0.592,1.183,0,1.183,0,0,1.775,0.592,0,0,2.367,2.959,0,0,0,0,0.592,1.775,1.775,3.55,0.592,0.592,0,0,0,0,7.692,0,3.55,0.592,0,0,0.592,0,0,0,0,0,3.55,0,1.183,0,9.467,0,1.183,0,0,13.018,0,0,0,0,4.734,0,0,1.775,0,2.367,0.592,0,0,0,0,0,0,0,0,0,0,0,2.367,0.592,0,0,0,0,0,0,0,0,0,16.568,0,0,2.367,5.917,0,0,0,0,0,0,0,0,0,0,0,0,0,0,0,0,0,0,0,0,1.183,0,0,0,NA,NA,NA,NA,NA,NA,NA,NA,NA,NA,NA,NA,NA,NA,NA,NA,NA,NA,NA,NA,NA,NA,NA,NA,NA,NA,NA,NA,NA,NA,NA,NA,23.669,0.592,4.142,3.55,1.183,"2024a","CTTBW3",27.8446666666667
93,"Romania",0,0,1992-09-27,199209,93223,"Democratic National Salvation Front","FDSN",20,"NA",236,1,1993,0.782,NA,27.717,0,NA,117,341,1,20,"NA",966,0.207,0.518,1.346,0.104,0.725,0.104,0.207,2.174,0.621,0.518,0,1.449,2.07,2.692,0,0.518,0.207,1.139,1.139,1.449,2.07,0.725,2.381,9.524,0.104,0.621,2.588,0.414,0.104,2.484,16.667,2.484,0.725,0.932,0,0,1.553,2.174,2.588,4.141,0,4.141,0,3.209,0.104,2.692,0.311,0.518,2.899,0.518,0.207,1.76,0,4.865,0,0.207,3.313,0.104,0,0.621,0,0,0,0.518,0,0.104,0,0,0,0,0,0,0,0,0,0.207,0,0,0,0,0,0,0,0,0,1.242,0,0.104,0,0.414,0.104,0,0,0,0,0,0,0.311,0,0,0,0,0,0,0,0,0,2.07,0,0,0,NA,NA,NA,NA,NA,NA,NA,NA,NA,NA,NA,NA,NA,NA,NA,NA,NA,NA,NA,NA,NA,NA,NA,NA,NA,NA,NA,NA,NA,NA,NA,NA,-8.489,14.389,3.002,6.729,1.656,"2024a","H2TIHT",32.8925
93,"Romania",0,0,1992-09-27,199209,93411,"Democratic Convention of Romania","CDR",50,"NA",236,1,1993,0.782,NA,20.01,0,NA,82,341,8,20,"NA",692,0.289,0,0.578,0,0.723,0,0,1.012,1.012,0,0,3.035,1.012,3.613,2.312,2.168,0,0,0.723,0.578,6.503,0.867,3.035,2.312,0.145,0.145,2.746,0.434,0.289,1.012,6.214,2.312,0.145,3.468,0,0.723,1.734,3.035,4.913,5.78,0,2.601,0,0.723,0.289,3.902,0.145,0.145,1.59,1.156,0,1.734,0,3.035,0.289,0.289,4.624,0,0,0.289,0,0,0,0,0,0,0,0,0,0,0,0,0,0,0,0,0,0,0,0,0,0.289,3.324,0,0,8.382,0,0.578,0,0.145,0.145,1.445,0,0,0,0.578,0,0.723,0.578,0,0,0,0,0,0,0,0,0.145,0,0,0,NA,NA,NA,NA,NA,NA,NA,NA,NA,NA,NA,NA,NA,NA,NA,NA,NA,NA,NA,NA,NA,NA,NA,NA,NA,NA,NA,NA,NA,NA,NA,NA,7.803,7.659,9.971,10.694,0.578,"2024a","69DPKS",25.0895
93,"Romania",0,0,1992-09-27,199209,93712,"Greater Romania Party","PRM",70,"NA",236,1,1993,0.782,NA,3.898,0,NA,16,341,1,20,"NA",151,0.662,0,0,0.662,2.649,0,0.662,1.325,0,1.987,0,1.987,1.987,3.311,0,0,0,0,1.325,0,1.987,0,0.662,4.636,0,0,1.325,1.325,0,0.662,7.285,1.987,0.662,1.325,0,0,1.325,5.96,1.987,2.649,0,5.298,0,10.596,0,5.298,0,1.987,0.662,0.662,3.311,3.974,0,7.285,0,2.649,3.974,0,0,0,0,0,0,0,0,0,0,0,0,0,0,0,0,0,0,1.987,0,0,0,0,0,0.662,0,0,0,0,0,0,0,0,0.662,0,0,0,0,0,0,0,0,0,0,0,0,0,0,0,0,0.662,0,0,0,NA,NA,NA,NA,NA,NA,NA,NA,NA,NA,NA,NA,NA,NA,NA,NA,NA,NA,NA,NA,NA,NA,NA,NA,NA,NA,NA,NA,NA,NA,NA,NA,6.623,7.285,3.311,4.636,0.662,"2024a","X5G31X",10.193
93,"Romania",0,0,1996-11-03,199611,93223,"Party of Social Democracy of Romania","PDSR",20,"NA",270,3,2011,0.81,NA,21.766,0,NA,91,343,1,20,"2024-1",554,1.264,0.361,0,0,3.249,0,0.361,3.971,2.347,1.083,0,1.444,2.347,0.181,0,1.444,0,2.527,1.625,7.22,1.083,3.249,1.805,0.722,0.181,0,0.181,2.708,0,1.986,12.455,0.722,0,1.264,0,0,2.708,3.791,1.083,10.108,0,5.776,0,0,0,1.986,0,1.986,0.542,0.181,0,1.264,0,3.069,1.805,0.181,6.318,0,0,0,0,0,0,0,0,0,0,0,0,0,0,0,0.361,0,0,0,0.181,0,0,0,0,0,0,0,0,1.805,0,0.181,0.181,0,0.361,0,0,0,0,0.181,0,0,0,0,0,0,0,0,0,0,0,0.181,0,0,0,NA,NA,NA,NA,NA,NA,NA,NA,NA,NA,NA,NA,NA,NA,NA,NA,NA,NA,NA,NA,NA,NA,NA,NA,NA,NA,NA,NA,NA,NA,NA,NA,-4.693,3.249,2.347,11.191,0.361,"2024a","YGBCJN",32.8925
93,"Romania",0,0,1996-11-03,199611,93322,"Social Democratic Union","USD",30,"NA",270,3,2011,0.81,NA,12.928,0,NA,53,343,1,20,"2024-1",549,2.55,0.364,0,0,2.186,0,0.182,0.546,0.364,0,0,1.821,2.004,0,0,1.275,0,1.275,1.093,1.457,3.279,1.821,6.011,1.639,2.732,1.275,0.729,6.922,0,3.643,6.193,0.546,0,3.279,0,0.364,1.457,0.911,2.55,8.743,0.364,3.825,0,0,0,0,0,2.186,3.097,1.457,0.546,1.275,0,4.372,1.821,2.55,8.197,0,0,0,0,0,0,0,0,0,0,0,0,0,0,0,0,0,0,0,0,0,0,0,0.364,0,0,0,0,0.729,0,0,0,0,0,0,0,0,0,0,0,1.821,0.182,0,0,0,0,0,0,0,0,0,0,0,0,NA,NA,NA,NA,NA,NA,NA,NA,NA,NA,NA,NA,NA,NA,NA,NA,NA,NA,NA,NA,NA,NA,NA,NA,NA,NA,NA,NA,NA,NA,NA,NA,-5.829,8.197,6.557,11.293,0.182,"2024a","FHDP2T",12.928
93,"Romania",0,0,1996-11-03,199611,93411,"Democratic Convention of Romania","CDR",50,"NA",270,3,2011,0.81,NA,30.169,0,NA,122,343,8,20,"2024-1",55,0,0,0,0,0,0,0,0,0,0,0,0,0,0,0,1.818,0,0,5.455,0,0,5.455,0,0,3.636,0,0,1.818,0,0,14.545,1.818,0,0,0,0,0,1.818,0,14.545,0,10.909,0,0,0,0,0,7.273,0,0,0,0,0,20,0,0,7.273,0,0,0,0,0,0,0,0,0,0,0,0,0,0,0,0,0,0,0,0,0,0,0,0,0,0,0,0,0,0,3.636,0,0,0,0,0,0,0,0,0,0,0,0,0,0,0,0,0,0,0,0,0,0,0,NA,NA,NA,NA,NA,NA,NA,NA,NA,NA,NA,NA,NA,NA,NA,NA,NA,NA,NA,NA,NA,NA,NA,NA,NA,NA,NA,NA,NA,NA,NA,NA,-14.545,1.818,0,14.545,0,"2024a","TX7IRW",25.0895
93,"Romania",0,0,1996-11-03,199611,93712,"Greater Romania Party","PRM",70,"NA",270,3,2011,0.81,NA,4.465,0,NA,19,343,1,50,"2024-1",60,5,0,0,0,0,0,0,0,0,0,0,0,0,0,0,0,0,0,1.667,11.667,1.667,0,0,0,0,0,0,0,0,0,5,0,0,0,0,0,0,0,0,5,0,0,0,5,0,0,0,0,0,0,1.667,0,0,55,0,0,0,0,0,0,0,0,0,0,0,0,0,0,0,0,0,0,0,0,0,0,0,0,0,0,0,0,0,0,0,0,0,5,0,3.333,0,0,0,0,0,0,0,0,0,0,0,0,0,0,0,0,0,0,0,0,0,NA,NA,NA,NA,NA,NA,NA,NA,NA,NA,NA,NA,NA,NA,NA,NA,NA,NA,NA,NA,NA,NA,NA,NA,NA,NA,NA,NA,NA,NA,NA,NA,13.333,0,1.667,5,0,"2024a","7O3TL8",10.193
93,"Romania",0,20,2000-11-26,200011,93221,"Democratic Party","PD",30,"NA",270,3,2011,0.81,NA,7.033,0,NA,31,345,1,20,"2024-1",857,5.951,0.117,0,0,1.167,0.117,0.467,0.467,3.734,0,0,2.567,4.084,0.817,0.117,2.334,0,11.435,1.75,2.684,3.384,2.1,6.068,0,0,0,0.35,4.317,0.117,3.851,7.001,0.117,0,1.517,0,0,3.617,0.817,3.267,3.851,0.117,1.4,0,0.233,0.117,0.117,0,4.667,4.201,0,0,0.233,0,2.1,0.817,0,4.434,0.117,0,0,0,0,0,0,0,0,0,0,0,0,0,0,0,0,0,0,0,0,0,0,0.467,0,0.233,0,0,1.284,0.35,0.35,0,0,0,0,0,0,0,0.117,0,0.117,0,0,0,0,0,0.35,0,0,0,0,0,0,0,NA,NA,NA,NA,NA,NA,NA,NA,NA,NA,NA,NA,NA,NA,NA,NA,NA,NA,NA,NA,NA,NA,NA,NA,NA,NA,NA,NA,NA,NA,NA,NA,7.118,6.184,4.901,7.118,0.583,"2024a","1K2A5H",27.8446666666667
93,"Romania",0,20,2000-11-26,200011,93223,"Social Democratic Pole of Romania","PDSR",20,"NA",270,3,2011,0.81,NA,36.611,0,NA,155,345,1,20,"2024-1",1004,0.398,0.498,0,0,4.88,0.1,0.299,1.295,5.876,0,0,0.797,5.478,0.598,0.199,0.299,0,5.179,1.594,5.478,3.088,2.789,1.096,0.398,0,0.996,0,5.578,0.1,1.892,9.96,0.398,0,1.394,0,0,3.088,3.187,1.494,3.586,0,1.096,0,0,0,1.195,0,5.08,2.789,2.789,0,0.697,0,3.984,0.299,0.199,3.088,0.199,0,0.199,0,0,0.1,0,0,0,0,0,0,0,0,0,0,0,0,0,0,0,0,0,2.689,0,0,0.1,0,0.896,0.299,0.398,0,0,0,0,0.1,0,0,0,0,0.1,0,0,0,0.299,0,0.299,0,0.797,0,0.299,0,0,0,NA,NA,NA,NA,NA,NA,NA,NA,NA,NA,NA,NA,NA,NA,NA,NA,NA,NA,NA,NA,NA,NA,NA,NA,NA,NA,NA,NA,NA,NA,NA,NA,12.649,1.892,4.482,5.08,0.398,"2024a","4J6577",32.8925
93,"Romania",0,20,2000-11-26,200011,93430,"National Liberal Party","PNL",40,"NA",270,3,2011,0.81,NA,6.894,0,NA,30,345,1,20,"2024-1",195,0,0.513,0,0,0.513,0,0,4.103,0.513,0,0,0,0,0,0,0.513,0,4.615,4.615,1.026,3.59,1.538,7.179,1.026,0.513,1.026,0,6.154,0,0.513,2.564,3.077,0,1.538,0,0,1.026,0,2.051,15.385,0,3.077,0,0,0,0,0,1.538,0.513,0,0,0,0,15.385,0.513,0,2.051,0,0,0,0,0,0,0,0,0,0,0,0,0,0,0,0,0,0,4.103,0,0,0,0,0,0,0,0,0,7.692,0,0.513,0,0,0,0,0,0,0,0,0,0,1.026,0,0,0,0,0,0,0,0,0,0,0,0,NA,NA,NA,NA,NA,NA,NA,NA,NA,NA,NA,NA,NA,NA,NA,NA,NA,NA,NA,NA,NA,NA,NA,NA,NA,NA,NA,NA,NA,NA,NA,NA,-24.615,11.282,5.128,17.436,0,"2024a","TLDGX7",12.9875
93,"Romania",0,20,2000-11-26,200011,93712,"Greater Romania Party","PRM",70,"NA",270,3,2011,0.81,NA,19.485,0,NA,84,345,1,20,"2024-1",82,0,1.22,0,0,2.439,0,0,1.22,3.659,0,0,0,1.22,0,0,0,0,2.439,3.659,0,1.22,2.439,1.22,1.22,0,0,1.22,9.756,0,1.22,8.537,0,0,4.878,0,0,1.22,2.439,0,8.537,0,0,0,2.439,0,0,0,13.415,0,2.439,1.22,0,0,7.317,0,0,7.317,0,0,0,0,0,0,0,0,0,0,0,0,0,0,0,0,0,0,0,0,0,0,0,0,0,0,0,0,2.439,0,0,0,0,0,1.22,0,0,0,0,0,0,0,0,0,0,0,0,0,1.22,0,1.22,0,0,0,NA,NA,NA,NA,NA,NA,NA,NA,NA,NA,NA,NA,NA,NA,NA,NA,NA,NA,NA,NA,NA,NA,NA,NA,NA,NA,NA,NA,NA,NA,NA,NA,14.634,2.439,6.098,8.537,0,"2024a","VD9VQW",10.193
93,"Romania",0,20,2004-11-28,200411,93001,"National Union PSR+PUR","PSD-PUR",98,"NA",270,3,2010,0.812,NA,36.8,0,NA,132,332,2,40,"2024-1",52,0,0,0,0,0,0,0,3.846,1.923,0,0,0,0,1.923,0,0,0,3.846,1.923,1.923,0,7.692,0,15.385,0,0,0,7.692,0,3.846,5.769,0,0,0,0,0,0,0,0,19.231,0,1.923,0,0,0,0,0,0,0,0,0,0,0,13.462,0,0,5.769,0,0,0,0,0,0,0,0,0,0,0,0,0,0,0,0,0,0,0,0,0,0,0,0,0,0,0,0,1.923,0,0,0,0,0,0,0,0,0,0,0,1.923,0,0,0,0,0,0,0,0,0,0,0,0,0,NA,NA,NA,NA,NA,NA,NA,NA,NA,NA,NA,NA,NA,NA,NA,NA,NA,NA,NA,NA,NA,NA,NA,NA,NA,NA,NA,NA,NA,NA,NA,NA,-28.846,15.385,0,19.231,0,"2024a","5JYW9T",36.8
93,"Romania",0,20,2004-11-28,200411,93041,"Justice and Truth Alliance","ADA",40,"NA",270,3,2010,0.812,NA,31.5,0,NA,112,332,2,40,"2024-1",309,0,0.647,0,0,0,0.324,0,1.294,2.589,0,0,0.324,1.618,0.647,0.324,4.531,0,6.472,4.207,0.971,4.854,3.236,5.178,0.647,0.647,0,0,5.825,0,1.294,5.825,0,0,3.236,0,0.324,4.531,2.913,1.942,6.796,0,1.942,0,0.647,0,3.883,0,5.502,0.324,0.324,0,0.324,0,7.767,0.324,0,3.883,0,0,0,0,0,0,0,0,0,0,0,0,0,0,0,0,0,0,0,0,0,0,0,0,0,0,0,0,1.942,0.647,0.324,0,0,0.647,0,0,0,0,0,0,0,0,0,0,0,0,0,0,0,0,0.324,0,0,0,NA,NA,NA,NA,NA,NA,NA,NA,NA,NA,NA,NA,NA,NA,NA,NA,NA,NA,NA,NA,NA,NA,NA,NA,NA,NA,NA,NA,NA,NA,NA,NA,5.502,5.825,8.091,8.738,0.324,"2024a","OZ17TS",31.5
93,"Romania",0,20,2004-11-28,200411,93712,"Greater Romania Party","PRM",70,"NA",270,3,2010,0.812,NA,12.924,0,NA,48,332,1,40,"2024-1",55,0,0,0,0,0,0,0,1.818,1.818,0,0,0,0,0,0,0,0,3.636,0,9.091,0,10.909,10.909,0,0,0,0,3.636,0,3.636,3.636,3.636,1.818,0,0,0,3.636,0,1.818,9.091,0,1.818,0,9.091,0,0,0,3.636,1.818,0,0,1.818,0,9.091,0,0,0,0,0,0,0,0,0,0,0,0,0,0,0,0,1.818,0,0,0,0,0,0,0,0,0,0,0,0,0,0,0,0,0,0,0,0,0,0,0,1.818,0,0,0,0,0,0,0,0,0,0,0,0,0,0,0,0,NA,NA,NA,NA,NA,NA,NA,NA,NA,NA,NA,NA,NA,NA,NA,NA,NA,NA,NA,NA,NA,NA,NA,NA,NA,NA,NA,NA,NA,NA,NA,NA,3.636,14.545,0,10.909,0,"2024a","4VPKKV",10.193
93,"Romania",0,10,2008-11-30,200811,93002,"Social Democratic Party + Conservative Party Alliance","PSD-PC",98,"NA",270,3,2010,0.812,NA,33.099,0,NA,114,334,8,40,"2024-1",355,0,1.972,0,0,0,0,0,0.845,1.972,0,0,0.282,0.845,0,1.972,0.845,0,5.352,0.282,1.69,0.563,2.535,5.915,2.535,0,1.127,0,6.197,0,1.408,9.014,1.408,0,0.845,0,1.408,4.225,1.408,3.38,9.577,0,4.789,0,1.972,0,1.127,0,3.099,1.972,0,0,0.282,0,5.634,1.69,0,3.099,0,0,0,0,0,0,0,0,0,0,0,0,0,0,0,0,0,0,0,0,0,0,0,2.535,0,0,0,0,0,0,0,0,0,0.282,0,0,0,0,0.282,0,0,0.845,0,0,1.127,0,0,0,0,0,3.662,0,0,0,NA,NA,NA,NA,NA,NA,NA,NA,NA,NA,NA,NA,NA,NA,NA,NA,NA,NA,NA,NA,NA,NA,NA,NA,NA,NA,NA,NA,NA,NA,NA,NA,-13.239,9.859,1.408,12.958,0,"2024a","7RNAXZ",33.099
93,"Romania",0,10,2008-11-30,200811,93430,"National Liberal Party","PNL",40,"NA",270,3,2010,0.812,NA,18.6,0,NA,65,334,1,40,"2024-1",194,1.031,0,0,0,0,0,0,0.515,1.031,0,0,0.515,0.515,0,0,2.577,0,8.247,3.093,5.67,3.608,5.155,4.124,1.031,0,0,0,12.371,0,4.639,10.309,0,0,0.515,0,0,7.732,0.515,0,4.639,0,3.093,0,3.608,0,0,0,7.732,0,0,0,0,0,1.546,1.031,0,4.124,0,0,0,0,0,0,0,0,0,0,0,0,0,0,0,0,0,0,0,0,0,0,0,0,0,0,0,0,0,0,0,0,0,0,0,0,0,0,0,0,0,0,0,0,1.031,0,0,0,0,0,0,0,0,0,NA,NA,NA,NA,NA,NA,NA,NA,NA,NA,NA,NA,NA,NA,NA,NA,NA,NA,NA,NA,NA,NA,NA,NA,NA,NA,NA,NA,NA,NA,NA,NA,12.887,5.155,4.124,4.639,0,"2024a","VTQGQ3",12.9875
93,"Romania",0,10,2008-11-30,200811,93530,"Democratic Liberal Party","PDL",50,"NA",270,3,2010,0.812,NA,32.364,0,NA,115,334,1,40,"2024-1",445,1.124,0,0,0,0.674,0,0,1.573,2.247,0,0,0,0.674,0,3.146,4.045,0,3.82,1.348,7.865,2.022,2.472,6.742,1.798,0.225,0,0,5.843,0,2.697,12.584,0,0,2.472,0,0,4.045,4.494,1.124,4.719,0,1.348,0,0.449,0,0.899,0,4.719,0.449,0,0,0.225,0,4.494,0.225,0,3.146,0,0,0,0,0,0,0,0,0,0,0,0,0,0,0,0,0,0,0,0,0,0,0,0.225,0,0,0,0,0.899,0,0.674,0,0,0.225,0,0,0,0,0,0,0,0,0,0,1.798,0,0,0,0,0.449,2.022,0,0,0,NA,NA,NA,NA,NA,NA,NA,NA,NA,NA,NA,NA,NA,NA,NA,NA,NA,NA,NA,NA,NA,NA,NA,NA,NA,NA,NA,NA,NA,NA,NA,NA,4.944,8.539,4.494,5.843,0,"2024a","5S9C84",32.364
93,"Romania",0,10,2012-12-09,201212,93031,"Social Liberal Union","USL",30,"NA",270,4,2013,0.828,0.644,58.63,0,NA,273,412,8,80,"2024-1",385,2.338,0.26,0,0,1.299,0,0,0.779,1.039,0,0,0.519,1.558,0,2.857,1.299,0,1.558,2.857,25.455,1.818,3.377,1.558,1.299,0,0.779,0,3.636,0,0.779,14.026,0.26,0,3.117,0,0,2.338,1.558,0.779,7.013,0.26,2.338,0,0.26,0,0,0,1.299,0,0,0,2.597,0,7.532,0.26,0,1.299,0,0,0,0,0,0,0,0,0,0,0,0,0,0,0,0,0,0,0,0,0,0,0,0,0,0,0,0,0,0,0,0,0,0,0,0,0,0,0,0,0,0,0,0,0,0,0,0,0,0,0,0,0,0,NA,NA,NA,NA,NA,NA,NA,NA,NA,NA,NA,NA,NA,NA,NA,NA,NA,NA,NA,NA,NA,NA,NA,NA,NA,NA,NA,NA,NA,NA,NA,NA,19.221,3.117,4.935,7.792,0,"2024a","W85K79",58.63
93,"Romania",0,10,2012-12-09,201212,93061,"Right Romania Alliance","ARD",60,"NA",270,4,2013,0.828,0.644,16.508,0,NA,56,412,8,80,"2024-1",91,1.099,0,0,0,0,0,0,0,0,0,0,0,17.582,0,0,0,0,0,0,16.484,1.099,4.396,0,0,0,0,0,6.593,0,2.198,8.791,0,0,0,0,0,0,0,0,0,0,19.78,0,0,0,0,0,7.692,0,0,0,10.989,0,3.297,0,0,0,0,0,0,0,0,0,0,0,0,0,0,0,0,0,0,0,0,0,0,0,0,0,0,0,0,0,0,0,0,0,0,0,0,0,0,0,0,0,0,0,0,0,0,0,0,0,0,0,0,0,0,0,0,0,NA,NA,NA,NA,NA,NA,NA,NA,NA,NA,NA,NA,NA,NA,NA,NA,NA,NA,NA,NA,NA,NA,NA,NA,NA,NA,NA,NA,NA,NA,NA,NA,-18.681,0,1.099,0,0,"2024a","8L73HU",16.508
93,"Romania",0,10,2012-12-09,201212,93981,"People's Party - Dan Dianconescu","PP-DD",70,"NA",270,4,2013,0.828,0.644,13.992,0,NA,47,412,1,80,"2024-1",135,1.481,0.741,0,0,1.481,0,0,5.185,1.481,0,0,0,8.889,0,0,0.741,0,2.222,0,0,2.222,5.185,0,0,0.741,0.741,0,3.704,0,0,11.852,0.741,0,3.704,0,0,10.37,0,0,12.593,1.481,7.407,0,2.963,0,0,0,0,0,0,0,2.222,0,11.111,0.741,0,0,0,0,0,0,0,0,0,0,0,0,0,0,0,0,0,0,0,0,0,0,0,0,0,0,0,0,0,0,0,0,0,0,0,0,0,0,0,0,0,0,0,0,0,0,0,0,0,0,0,0,0,0,0,0,NA,NA,NA,NA,NA,NA,NA,NA,NA,NA,NA,NA,NA,NA,NA,NA,NA,NA,NA,NA,NA,NA,NA,NA,NA,NA,NA,NA,NA,NA,NA,NA,-20.741,0.741,5.926,12.593,0,"2024a","9WVRRA",13.992
93,"Romania",0,10,2016-12-11,201612,93223,"Social Democratic Party","PSD",20,"NA",270,5,2018,0.745,0.667,45.476,0,NA,154,329,9,131,"2024-1",893,0.224,0,0,0,1.12,0,0,0,0.112,0,0,0,0,0,0,0,0,3.583,0,1.008,0.336,15.006,0.224,0,0,0.448,0.336,0.896,1.68,3.024,10.078,1.344,1.12,2.576,0,0.112,3.024,3.247,0.224,20.493,0,5.599,0,0,0,0,0,0,0,0,0,8.959,0,12.99,0.448,0,1.792,0,0,0,0,0,0,0,0,0,0,0,0,0,0,0,0,0,0,0,0,0,0,0,0,0,0,0,0,0,0,0,0,0,0,0,0,0,0,0,0,0,0,0,0,0,0,0,0,0,0,0,0,0,0,0,0,0,0,0,0,0,0,1.008,0,0,0,0,0,0,0.112,0,0,0,0,0,0,0,0,0,0,0,0,0,0,12.99,0,-17.805,1.568,2.912,20.717,0,"2024a","LMAOX1",32.8925
93,"Romania",0,10,2016-12-11,201612,93430,"National Liberal Party","PNL",40,"NA",270,5,2018,0.745,0.667,20.041,0,NA,69,329,1,131,"2024-1",204,0.49,0,0,0,3.431,0,0,0.49,3.431,0,0,0,0,0,0,2.941,0.49,7.843,0.98,0,3.431,10.784,1.471,1.961,0,0.49,0.49,4.902,0,0,20.588,0.49,0,0,0,0,5.882,5.392,0,7.353,0,4.902,0,0.49,0,0,0,2.451,0,0,0,2.451,0,5.392,0.98,0,0,0,0,0,0,0,0,0,0,0,0,0,0,0,0,0,0,0,0,0,0,0,0,0,0,0,0,0,0,0,0,0,0,0,0,0,0,0,0,0,0,0,0,0,0,0,0,0,0,0,0,0,0,0,0,0,0,0,0,0,0,0,0,0,0,0,0,0,0,0,0,0.49,0,0,0,2.451,0,0,0,0,0,0,0,0,0,5.392,0,1.471,3.922,3.431,7.353,0,"2024a","ADT7JR",12.9875
96,"Slovakia",0,0,1990-06-09,199006,96220,"Party of the Democratic Left","SDľ",30,"NA",236,1,1991,0.782,NA,13.35,0,NA,22,150,1,20,"NA",159,3.774,0.629,0.629,0.629,0.629,1.258,1.258,5.031,0,1.258,0,9.434,8.176,5.66,0,3.774,1.887,0,0,0,0,0,0.629,0.629,0,2.516,0,1.887,0,0.629,3.145,1.258,1.887,0.629,0.629,0.629,7.547,6.918,5.031,5.031,0,3.145,0,0,0,0,0,0,0,1.258,0,1.258,0,0.629,0,0.629,6.289,0,0,0,0,0,0,0,0,0,0,0,0,0,0,0,0,0,0,0,0,0,0,0,0,0,0,0,0,0,0,0,0,2.516,1.258,0,0,0,0,0,0,0,0,0,0,0,0,0,0,0,0,0,0,0,0,NA,NA,NA,NA,NA,NA,NA,NA,NA,NA,NA,NA,NA,NA,NA,NA,NA,NA,NA,NA,NA,NA,NA,NA,NA,NA,NA,NA,NA,NA,NA,NA,-16.352,2.516,0.629,10.063,3.145,"2024a","IXMEL5",11.019
96,"Slovakia",0,0,1990-06-09,199006,96430,"Public Against Violence","VPN",40,"NA",236,1,1991,0.782,NA,29.35,0,NA,48,150,1,20,"2024-1",371,0.27,0,0,0,0.27,1.887,0.27,2.156,0.539,0,0,9.973,9.704,0.27,0,7.008,0,0,0,0.27,1.617,1.078,1.078,0,0.27,0.539,0.539,2.426,0,0,2.695,1.078,0,0.27,0,2.695,9.704,7.278,2.426,4.582,0,4.043,0,1.617,0.809,2.426,0.539,0,0,1.887,0,0,0,1.348,0,2.695,5.391,0,0,0,0,0,0,0,0,0,0,0,0,0,0,0,0,0,0,0,0,0,0,2.426,0,0,0.809,0,0,0.539,0,0,0,0,0.539,0,0,0,0,0,0,3.774,0,0,0,0,0,0,0,0,0,0.27,0,0,0,NA,NA,NA,NA,NA,NA,NA,NA,NA,NA,NA,NA,NA,NA,NA,NA,NA,NA,NA,NA,NA,NA,NA,NA,NA,NA,NA,NA,NA,NA,NA,NA,-7.008,2.156,1.887,7.008,2.156,"2024a","UZ7HYX",29.35
96,"Slovakia",0,0,1992-06-06,199206,96220,"Party of the Democratic Left","SDľ",30,"NA",236,1,1993,0.782,NA,14.702,0,NA,29,150,1,20,"2024-1",134,0,0,0,0,0,0,0,0.746,2.239,0,0,5.224,0.746,5.97,0,8.209,0,3.731,1.493,0,0.746,1.493,8.209,0.746,0.746,2.239,1.493,0.746,3.731,0,3.731,0,0,0.746,0,2.239,2.239,3.731,3.731,2.985,0,2.985,0,0.746,0,0,0,1.493,2.985,0.746,0,2.239,0,2.985,0,0.746,2.239,0,0,0,0,0,0,0,0,0,0,0,0,0,0,0,0,0,0,0,0,0,0,5.224,0,1.493,0,0,0,0,0,0,0,0,4.478,0,0,2.985,0,0,0.746,0,0,0,0,0,0,0,0,0,0,0,0,0,0,NA,NA,NA,NA,NA,NA,NA,NA,NA,NA,NA,NA,NA,NA,NA,NA,NA,NA,NA,NA,NA,NA,NA,NA,NA,NA,NA,NA,NA,NA,NA,NA,0,8.955,1.493,6.716,0,"2024a","9JPRAU",11.019
96,"Slovakia",0,0,1992-06-06,199206,96711,"Movement for a Democratic Slovakia","HZDS",70,"NA",236,1,1993,0.782,NA,37.26,0,NA,74,150,1,20,"NA",82,1.22,0,0,0,0,0,0,0,0,0,0,4.878,3.659,2.439,0,2.439,0,1.22,6.098,0,4.878,0,7.317,2.439,0,1.22,1.22,0,6.098,4.878,2.439,0,0,0,0,0,0,0,9.756,0,0,0,0,7.317,0,8.537,0,1.22,0,1.22,1.22,13.415,0,1.22,0,0,1.22,0,0,0,0,0,0,0,0,0,0,0,0,0,0,0,0,0,0,0,0,0,0,0,0,0,0,0,0,1.22,0,0,0,0,1.22,0,0,0,0,0,0,0,0,0,0,0,0,0,0,0,0,0,0,0,0,NA,NA,NA,NA,NA,NA,NA,NA,NA,NA,NA,NA,NA,NA,NA,NA,NA,NA,NA,NA,NA,NA,NA,NA,NA,NA,NA,NA,NA,NA,NA,NA,2.439,9.756,4.878,9.756,0,"2024a","Q2I5O8",21.9746666666667
96,"Slovakia",0,0,1994-09-30,199409,96221,"Common Choice","SV",30,"NA",255,1,1995,0.601,NA,10.416,0,NA,18,150,8,20,"NA",106,0.943,0,0,0,0.943,0,0.943,5.66,1.887,0,0,4.717,5.66,0.943,0,3.774,0,1.887,0.943,0,0.943,0.943,2.83,0,0,0,0,1.887,0,0.943,3.774,1.887,0.943,0.943,0,0,7.547,4.717,11.321,8.491,0,3.774,0,1.887,0,0,0.943,4.717,3.774,0,0,0.943,0,2.83,0.943,0,0.943,0,0,0,0,0,0,0,0,0,0,0,0,0,0,0,0,0,0,0,0,0,0,0,0,0,0,0,0,3.774,0,0,0,0,0,0,0,0,0,0,0,0,0,0,0,0,0,0,0,0,0,0,0,0,0,NA,NA,NA,NA,NA,NA,NA,NA,NA,NA,NA,NA,NA,NA,NA,NA,NA,NA,NA,NA,NA,NA,NA,NA,NA,NA,NA,NA,NA,NA,NA,NA,-11.321,4.717,1.887,19.811,0.943,"2024a","S2K44X",10.416
96,"Slovakia",0,0,1994-09-30,199409,96711,"Movement for a Democratic Slovakia","HZDS",70,"NA",255,1,1995,0.601,NA,34.968,0,NA,61,150,1,20,"NA",301,0,0.332,0,0,3.987,0,0.332,3.322,1.993,0,0,2.326,1.329,0.332,0,0.332,0,1.993,0.332,0,0.332,5.316,3.322,0,0.332,0.664,0,0.997,0,0.332,6.312,0.997,0,0.997,0,0,3.654,8.97,4.319,7.973,0,6.312,0,2.99,0,3.322,0,6.645,0.664,3.654,0.332,0,0,7.309,0,0,0.997,0,0,0.332,0,0,0,0,0,0,0,0,0,0,0,0,0,0,0,0,0,0,0,0,0,0,0,0,0,1.993,0,0,0.332,0.332,0,0,0,0,0,0,0,1.329,0,0,0,1.329,0,0,0,0,0,0.332,0.664,0,0,NA,NA,NA,NA,NA,NA,NA,NA,NA,NA,NA,NA,NA,NA,NA,NA,NA,NA,NA,NA,NA,NA,NA,NA,NA,NA,NA,NA,NA,NA,NA,NA,2.658,4.319,1.329,12.292,0.332,"2024a","6O7N17",21.9746666666667
96,"Slovakia",0,20,1998-09-26,199809,96220,"Party of the Democratic Left","SDľ",30,"NA",255,1,1999,0.601,NA,14.662,0,NA,23,150,1,20,"NA",1615,0.186,0.124,0,0,3.344,0.495,0.124,1.796,1.672,0,0,1.981,2.539,0.495,0.062,2.105,0.062,2.229,0.805,0.248,0.495,1.238,2.105,0,0.991,0.186,0,6.811,0,1.176,11.455,1.362,0,3.839,0,0,3.406,4.706,5.077,11.022,0.124,4.768,0,0.062,0.186,0.495,0.124,7.864,0.186,0.867,0.062,2.229,0,4.334,0,0.062,0,0.248,0.124,0.372,0,0,0,0,0,0,0,0,0,0,0,0,0,0,0,0,0,0,0,0,2.91,0,0,0,0,0.743,0.062,0,0,0.31,0,0,0,0,0,0.124,0.062,0.31,0,0,0,0,0,0,0,0,0,0.062,1.176,0,0,NA,NA,NA,NA,NA,NA,NA,NA,NA,NA,NA,NA,NA,NA,NA,NA,NA,NA,NA,NA,NA,NA,NA,NA,NA,NA,NA,NA,NA,NA,NA,NA,-6.254,3.467,4.334,16.099,0.619,"2024a","RE8GP9",11.019
96,"Slovakia",0,20,1998-09-26,199809,96522,"Slovak Democratic Coalition","SDK",50,"NA",255,1,1999,0.601,NA,26.331,0,NA,42,150,8,20,"2024-1",2042,0.196,0.049,0,0,4.358,1.077,0.147,1.028,1.273,0,0,1.665,2.253,0.196,0.392,5.044,0.049,2.791,0.049,0,1.812,2.057,1.959,0.147,0,0.147,0.098,6.072,0,0.686,8.227,0,0,5.681,0,0,1.371,6.024,2.742,11.704,0.686,3.967,0.049,0,0,1.91,0,8.668,0.49,0,0,0,0,3.428,0,0.686,0,0.196,0.196,0,0.147,0.343,0,0.098,0,0,0,0,0,0,0,0,0,0,0,0.049,0,0,0,0,2.742,0,0,0,0,2.351,0,0,0,0.049,0,0,0,0,0,0.979,0,1.518,0.49,0,0,0,0,0,0,0,0,0,0.049,1.028,0.588,NA,NA,NA,NA,NA,NA,NA,NA,NA,NA,NA,NA,NA,NA,NA,NA,NA,NA,NA,NA,NA,NA,NA,NA,NA,NA,NA,NA,NA,NA,NA,NA,5.191,2.106,7.493,14.447,1.224,"2024a","523IOF",26.331
96,"Slovakia",0,20,1998-09-26,199809,96711,"Movement for a Democratic Slovakia","HZDS",70,"NA",255,1,1999,0.601,NA,27.004,0,NA,43,150,1,20,"NA",668,0,0,0,0,2.246,0.15,0.449,2.246,2.246,0,0,0.898,0.299,0,0,1.198,0.15,3.443,0.15,0,0.15,3.293,4.79,0,0.15,1.198,0,8.683,0,0.299,14.371,0.449,0,5.838,0,0,6.138,5.24,1.048,9.431,0.15,3.892,0,1.048,0,3.743,0,6.287,0,0,0,0,0,5.389,0,0,0.15,0,0,0,0,0,0,0,0,0,0,0,0,0,0,0,0,0,0,0,0,0,0,0,0,0,0,0,0,0.299,0,0,0,0,0,0,0,0,0,0,0,2.246,0,0,0,1.198,0,0,0,0,0,0.449,0.599,0,0,NA,NA,NA,NA,NA,NA,NA,NA,NA,NA,NA,NA,NA,NA,NA,NA,NA,NA,NA,NA,NA,NA,NA,NA,NA,NA,NA,NA,NA,NA,NA,NA,0.749,5.24,5.988,10.479,0.599,"2024a","PF488P",21.9746666666667
96,"Slovakia",10,20,2002-09-20,200209,96220,"Party of the Democratic Left","SDľ",30,"NA",256,1,2003,0.756,NA,1.362,0,NA,0,150,1,20,"NA",429,0,0.932,0,0,1.399,0,0.233,0.233,4.895,0,0,0.932,2.564,0,0,5.128,0,1.399,1.399,2.797,0.233,3.263,3.263,1.166,1.399,0.466,0,1.632,0,0.233,2.797,0.932,0,0,0,0,3.497,3.03,3.497,9.324,0,5.361,0,2.564,0,0.932,0.233,4.196,3.497,0,0,6.76,0,5.828,0,1.399,7.459,0,0,0,0,0,0,0,0,0,0,0,0,0,0,0,0,0,0,0,0,0,0,0,0,0,0,0,0,0,0,0.466,0,0.233,1.166,0.233,0,0,0.233,0,0,0.466,0,0,0,0,0,1.399,0,0,0,0,0.932,0,0,NA,NA,NA,NA,NA,NA,NA,NA,NA,NA,NA,NA,NA,NA,NA,NA,NA,NA,NA,NA,NA,NA,NA,NA,NA,NA,NA,NA,NA,NA,NA,NA,-10.49,5.361,0.233,12.821,0.233,"2024a","1R8P8T",11.019
96,"Slovakia",10,20,2002-09-20,200209,96423,"Direction-Social Democracy","Smer",30,"NA",256,1,2003,0.756,NA,13.464,0,NA,25,150,1,20,"NA",316,0,0,0,0,2.215,0,0,0,2.532,0,0,0.316,1.582,0,0,3.481,0.633,7.278,3.481,8.861,1.266,2.215,3.481,0,0.316,4.43,0,4.747,0,1.266,10.759,0.633,0,0.316,0,0,0.949,0.949,0.633,5.063,0.316,4.747,0,2.215,0,0.316,0,11.076,0,0,0,0.316,0,5.38,0,0.316,0.949,0,0,0,0,0,0,0,0,0,0,0,0,0,0,0,0,0,0,0,0,0,0,0,0.316,0,0,0,0.316,0,0,0,0,0,0,0,0,0,0.949,0.949,0.316,2.532,0,0,0,0,0,0,0,0,0.316,0.949,0.316,0,0,NA,NA,NA,NA,NA,NA,NA,NA,NA,NA,NA,NA,NA,NA,NA,NA,NA,NA,NA,NA,NA,NA,NA,NA,NA,NA,NA,NA,NA,NA,NA,NA,8.861,4.114,1.582,5.696,0,"2024a","K6OH8P",30.0196
96,"Slovakia",10,20,2002-09-20,200209,96523,"Slovak Democratic and Christian Union","SDKÚ",50,"NA",256,1,2003,0.756,NA,15.094,0,NA,28,150,1,20,"2024-1",727,0,0.413,0,0,3.164,0,0,0.413,3.301,0,0,5.227,4.539,0.55,0,2.476,0.138,5.502,2.476,6.052,6.327,0.825,0.963,0,0,0,0,0.825,0,0.138,3.851,0,0,3.026,0,0,0,0.963,1.651,3.714,3.851,4.402,0,0.963,0.138,3.439,0.275,13.618,4.264,0.138,0,0,0,0.825,0.963,0.138,2.613,0,0.55,0,0,0,0,0,0,0,0,0,0,0,0,0,0,0,0,0,0,0,0,0,0,0,0.413,0,0.413,0.688,0.138,0.138,0,0,0,0,0,0,0,0.138,0,3.576,0.688,0,0,0.55,0,0.413,0,0,0,0,0,0,0.138,NA,NA,NA,NA,NA,NA,NA,NA,NA,NA,NA,NA,NA,NA,NA,NA,NA,NA,NA,NA,NA,NA,NA,NA,NA,NA,NA,NA,NA,NA,NA,NA,37.276,0.963,9.354,5.365,0,"2024a","7TVLHM",13.74275
96,"Slovakia",10,20,2002-09-20,200209,96711,"Movement for a Democratic Slovakia","HZDS",70,"NA",256,1,2003,0.756,NA,19.502,0,NA,36,150,1,20,"2024-1",383,0,0.522,0,0,5.483,0,0,0,7.05,0,0,3.394,2.35,0.261,0,3.133,0,3.394,4.7,4.439,2.089,1.828,2.35,0.522,0,0.261,0.261,3.655,0,1.044,4.439,0.522,0,2.611,0,0,5.222,1.828,0,4.439,0,3.655,0,2.872,0,2.611,0,8.355,2.35,0,0,1.828,0,1.305,0.261,0.522,1.044,0,0,0,0,0,0,0,0,0,0,0,0,0,0,0,0,0,0,0,0,0,0,0,0,0,0,0,0.261,0,0,0.522,0,0,0,0,0,0,0.261,0.522,0,1.828,0.261,0,0,0.261,0,4.961,0,0,0,0,0.522,0,0,NA,NA,NA,NA,NA,NA,NA,NA,NA,NA,NA,NA,NA,NA,NA,NA,NA,NA,NA,NA,NA,NA,NA,NA,NA,NA,NA,NA,NA,NA,NA,NA,20.627,3.394,4.7,4.439,0,"2024a","A9QG8Z",21.9746666666667
96,"Slovakia",10,10,2006-06-17,200606,96423,"Direction-Social Democracy","Smer",30,"NA",273,3,2010,0.737,NA,29.142,0,NA,50,150,1,40,"2024-1",455,0.659,0,0,0,0.22,0,0,1.319,2.418,0,0,0,0,2.637,0,0.44,0,1.319,1.538,0.879,0,4.176,0.44,1.758,0,0,0,1.099,0,0.22,8.571,0,0,0.22,0,1.099,1.538,3.077,14.725,16.703,0,5.055,0,0.22,0,0.44,0,6.374,0,0,0,11.648,0.22,2.857,0,0,4.615,0,0,0,0,0,0,0,0,0,0,0,0,0,0,0,0,0,0,0,0,0,0,0,0,0,0,0,0.44,0,0,0,0,0,0.44,0,0,0,2.418,0,0,0.22,0,0,0,0,0,0,0,0,0,0,0,0,0,NA,NA,NA,NA,NA,NA,NA,NA,NA,NA,NA,NA,NA,NA,NA,NA,NA,NA,NA,NA,NA,NA,NA,NA,NA,NA,NA,NA,NA,NA,NA,NA,-21.758,2.198,0.22,31.429,0,"2024a","SZX857",30.0196
96,"Slovakia",10,10,2006-06-17,200606,96523,"Slovak Democratic and Christian Union - Democartic Party","SDKÚ-DS",50,"NA",273,3,2010,0.737,NA,18.358,0,NA,31,150,1,40,"2024-1",957,0,0.627,0,0,3.135,0.104,0.104,1.985,3.657,0,0,1.149,1.463,0.209,0,2.299,0.104,8.882,0.522,3.03,0.731,3.344,0.627,0.104,0,0,0,0.418,0,1.149,5.016,0.104,0,2.09,0,0.313,1.149,3.762,1.463,6.27,1.776,16.823,0.104,0.627,0,1.567,0.104,8.255,1.254,0.209,0,0.836,0.418,2.508,0,0.522,4.702,0,0,0,0,0,0,0,0,0,0,0,0,0,0.104,0,0.627,0,0,0,0,0,0,0,0.313,0.209,0.104,0,0,0.104,0.104,0.104,0,0,0.209,0,0,0.104,0,0.104,0,3.971,0.418,0,0,0,0,0,0,0,0,0,0,0,0,NA,NA,NA,NA,NA,NA,NA,NA,NA,NA,NA,NA,NA,NA,NA,NA,NA,NA,NA,NA,NA,NA,NA,NA,NA,NA,NA,NA,NA,NA,NA,NA,-1.254,0.836,2.821,7.732,0.209,"2024a","DQOK57",13.74275
96,"Slovakia",10,10,2006-06-17,200606,96711,"Movement for a Democratic Slovakia","HZDS",70,"NA",273,3,2010,0.737,NA,8.794,0,NA,15,150,1,40,"2024-1",393,0,0.254,0,0,2.799,0,0.509,1.527,5.089,0,0,1.018,0.254,1.272,0.254,1.781,0,1.781,0.763,1.527,0.509,4.58,0,0,0,0,0.254,3.817,0,1.018,8.906,0,0,2.545,0,0.763,4.326,4.58,3.817,9.924,0,12.468,0,0.509,0,1.018,0,9.669,0,0.763,0,1.018,0,4.326,0,0.254,0,0,0,0,0,0,0,0,0,0,0,0,0,0,1.018,0,0,0,0,0,0,0,0,0,0,0,0,0,0,0,0,0,0,0,0.509,0,0,0,0.254,0,0,4.071,0,0,0,0,0,0,0,0,0,0,0.254,0,0,NA,NA,NA,NA,NA,NA,NA,NA,NA,NA,NA,NA,NA,NA,NA,NA,NA,NA,NA,NA,NA,NA,NA,NA,NA,NA,NA,NA,NA,NA,NA,NA,0,0,3.053,13.74,0.509,"2024a","9G5FHY",21.9746666666667
96,"Slovakia",10,10,2010-06-12,201006,96423,"Direction-Social Democracy","Smer",30,"NA",273,3,2011,0.75,NA,34.795,0,NA,62,150,1,60,"2024-1",747,0,0.402,0,0,0.669,0.134,0.268,1.874,9.772,0,0.134,0,0.669,0,0,0,0,4.552,0.402,4.819,0,4.418,4.418,5.221,0.535,0.134,0,2.008,0.134,0.268,9.505,0.535,0,2.142,0,3.079,0.803,0.803,4.284,11.111,0.535,6.56,0,0.402,0,0.803,1.874,5.89,1.205,0.268,0,6.158,0,1.071,0,0,2.142,0,0,0,0,0,0,0,0,0,0,0,0,0,0,0,0,0,0,0,0,0,0,0,0,0,0,0,0,0,0,0,0,0,0,0,0,0,0,0,0,0,0,0,0,0,0,0,0,0,0,0,0,0,0,NA,NA,NA,NA,NA,NA,NA,NA,NA,NA,NA,NA,NA,NA,NA,NA,NA,NA,NA,NA,NA,NA,NA,NA,NA,NA,NA,NA,NA,NA,NA,NA,-16.198,10.174,2.142,15.395,0.402,"2024a","WSPOEF",30.0196
96,"Slovakia",10,10,2010-06-12,201006,96440,"Freedom and Solidarity","SaS",40,"NA",273,3,2011,0.75,NA,12.149,0,NA,22,150,1,60,"2024-1",1101,4.905,0.727,0,0,0.817,0,0,1.09,0.091,0,1.635,1.453,1.998,0.091,0.454,0,0,5.359,5.359,0.091,8.992,0.908,0.545,0.454,0,0,0,0,0,0,4.723,0,0,5.086,0,0,2.906,4.36,7.266,1.907,9.628,1.998,6.994,0.091,0,0,3.451,10.99,0,0,0,0,1.817,3.451,0,0,0.363,0,0,0,0,0,0,0,0,0,0,0,0,0,0,0,0,0,0,0,0,0,0,0,0,0,0,0,0,0,0,0,0,0,0,0,0,0,0,0,0,0,0,0,0,0,0,0,0,0,0,0,0,0,0,NA,NA,NA,NA,NA,NA,NA,NA,NA,NA,NA,NA,NA,NA,NA,NA,NA,NA,NA,NA,NA,NA,NA,NA,NA,NA,NA,NA,NA,NA,NA,NA,30.154,0.999,14.078,9.173,0,"2024a","NGAYM3",10.0446666666667
96,"Slovakia",10,10,2010-06-12,201006,96523,"Slovak Democratic and Christian Union - Democartic Party","SDKÚ-DS",50,"NA",273,3,2011,0.75,NA,15.42,0,NA,28,150,1,60,"2024-1",678,0,0,0,0,0,0,0,0.737,1.622,0.295,0,0.737,2.507,0.737,0,0.885,0,2.36,5.9,6.342,0.442,3.54,0.737,0.147,0,0,0,1.18,0,0.737,6.932,0,0,4.277,0,0.147,3.687,3.687,2.212,13.864,4.277,12.389,0.59,0,0,0.442,0,8.26,0.147,0.737,0,2.36,0.59,1.327,3.835,0.59,0.737,0,0,0,0,0,0,0,0,0,0,0,0,0,0,0,0,0,0,0,0,0,0,0,0,0,0,0,0,0,0,0,0,0,0,0,0,0,0,0,0,0,0,0,0,0,0,0,0,0,0,0,0,0,0,NA,NA,NA,NA,NA,NA,NA,NA,NA,NA,NA,NA,NA,NA,NA,NA,NA,NA,NA,NA,NA,NA,NA,NA,NA,NA,NA,NA,NA,NA,NA,NA,-3.54,0.885,4.72,16.077,0,"2024a","Z5RCFB",13.74275
96,"Slovakia",10,10,2010-06-12,201006,96711,"Movement for a Democratic Slovakia","HZDS",70,"NA",273,3,2011,0.75,NA,4.32,0,NA,0,150,1,60,"2024-1",208,0,0,0,0,4.327,0,0,1.923,1.442,0.962,0,0.481,0.962,0,0.481,1.442,0,4.327,0.481,5.769,0.962,6.731,2.404,1.923,0,0,0,1.442,0,1.923,6.25,0,0.481,0.481,0,0,5.288,5.288,2.404,9.615,1.442,4.327,0,5.769,0,0.962,0,9.615,0,0.481,0,2.885,0,5.769,0.481,0,0.481,0,0,0,0,0,0,0,0,0,0,0,0,0,0,0,0,0,0,0,0,0,0,0,0,0,0,0,0,0,0,0,0,0,0,0,0,0,0,0,0,0,0,0,0,0,0,0,0,0,0,0,0,0,0,NA,NA,NA,NA,NA,NA,NA,NA,NA,NA,NA,NA,NA,NA,NA,NA,NA,NA,NA,NA,NA,NA,NA,NA,NA,NA,NA,NA,NA,NA,NA,NA,12.019,4.327,1.442,12.019,0,"2024a","D4ZQB3",21.9746666666667
96,"Slovakia",10,10,2012-03-10,201203,96423,"Direction-Social Democracy","Smer",30,"NA",273,4,2012,0.781,0.553,44.417,0,NA,83,150,1,61,"2024-1",781,0,0,0,0,1.408,0,0.384,2.945,6.53,0,0.128,0.128,0,0.256,0,1.665,0,5.122,0.128,3.073,0.128,4.866,2.433,1.28,1.536,0.256,0,3.329,0.256,0.896,8.451,0.768,0.512,1.152,0,5.506,0.896,1.793,7.17,11.012,0.128,6.914,0.64,0.256,0,2.433,0,6.53,0.64,0.256,0,4.225,0,1.536,0.384,0,2.049,0,0,0,0,0,0,0,0,0,0,0,0,0,0,0,0,0,0,0,0,0,0,0,0,0,0,0,0,0,0,0,0,0,0,0,0,0,0,0,0,0,0,0,0,0,0,0,0,0,0,0,0,0,0,NA,NA,NA,NA,NA,NA,NA,NA,NA,NA,NA,NA,NA,NA,NA,NA,NA,NA,NA,NA,NA,NA,NA,NA,NA,NA,NA,NA,NA,NA,NA,NA,-9.731,4.481,1.28,18.182,0.384,"2024a","UVRUX8",30.0196
96,"Slovakia",10,10,2012-03-10,201203,96440,"Freedom and Solidarity","SaS",40,"NA",273,4,2012,0.781,0.553,5.884,0,NA,11,150,1,61,"2024-1",1259,0,0,0,0,2.939,0.238,0.159,0.874,0.397,0,3.257,2.224,1.509,0,0,0.079,0.794,10.167,3.098,0,7.069,1.35,1.43,0.159,0,0.079,0,1.827,0,0.318,9.134,0,0,1.033,0,1.509,4.13,5.957,3.177,1.35,10.405,4.686,2.145,0.715,0,0.318,3.654,10.564,0.159,0,0,0.635,0.159,0.477,0.556,0,1.271,0,0,0,0,0,0,0,0,0,0,0,0,0,0,0,0,0,0,0,0,0,0,0,0,0,0,0,0,0,0,0,0,0,0,0,0,0,0,0,0,0,0,0,0,0,0,0,0,0,0,0,0,0,0,NA,NA,NA,NA,NA,NA,NA,NA,NA,NA,NA,NA,NA,NA,NA,NA,NA,NA,NA,NA,NA,NA,NA,NA,NA,NA,NA,NA,NA,NA,NA,NA,25.655,1.589,8.102,4.527,0.397,"2024a","GVIV3C",10.0446666666667
96,"Slovakia",10,10,2012-03-10,201203,96523,"Slovak Democratic and Christian Union - Democartic Party","SDKÚ-DS",50,"NA",273,4,2012,0.781,0.553,6.099,0,NA,11,150,1,61,"2024-1",481,0,0,0,0,0.832,0,0,0.832,2.495,0,0.416,0.208,0.416,0,0.624,0.208,0.624,7.277,2.703,0.416,3.326,4.158,4.782,0,0,0.624,0.832,0,0,0.416,4.574,0.208,0,5.821,0,0.832,2.703,6.237,4.99,8.94,6.861,9.563,3.326,0.416,0,0,0,9.771,0,0,0,1.247,0,0.832,1.871,0,0.624,0,0,0,0,0,0,0,0,0,0,0,0,0,0,0,0,0,0,0,0,0,0,0,0,0,0,0,0,0,0,0,0,0,0,0,0,0,0,0,0,0,0,0,0,0,0,0,0,0,0,0,0,0,0,NA,NA,NA,NA,NA,NA,NA,NA,NA,NA,NA,NA,NA,NA,NA,NA,NA,NA,NA,NA,NA,NA,NA,NA,NA,NA,NA,NA,NA,NA,NA,NA,6.029,4.99,9.148,13.929,0,"2024a","NZFP9O",13.74275
96,"Slovakia",10,10,2016-03-05,201603,96423,"Direction-Social Democracy","Smer",30,"NA",273,5,2019,0.682,0.621,28.28,0,NA,49,150,1,131,"2024-1",48,2.083,0,0,0,0,0,0,0,2.083,2.083,0,0,2.083,0,0,0,0,0,0,8.333,0,0,0,4.167,2.083,0,0,0,0,12.5,0,8.333,0,22.917,0,0,0,0,0,16.667,0,2.083,0,4.167,0,0,0,0,0,0,0,10.417,0,0,0,0,0,0,0,0,0,0,0,0,0,0,0,0,0,0,0,0,0,0,0,0,0,0,0,0,0,0,0,0,0,0,0,0,0,0,0,0,0,0,0,0,0,0,0,0,0,0,0,0,0,0,0,0,0,0,0,0,0,0,0,2.083,0,0,0,2.083,0,6.25,0,0,0,0,0,0,4.167,0,0,0,0,0,0,0,0,0,0,0,0,0,0,-8.333,12.5,22.917,16.667,0,"2024a","TV1TFO",30.0196
96,"Slovakia",10,10,2016-03-05,201603,96440,"Freedom and Solidarity","SaS",40,"NA",273,5,2018,0.682,0.621,12.101,0,NA,21,150,1,131,"2024-1",1190,3.866,0,0,0,3.697,0,0.168,1.261,0.756,0,1.008,1.176,4.538,0.42,0,0,0,2.941,0.84,0.168,8.739,6.218,0,0,0,0,0.168,0.168,0,0.084,7.059,0,0,4.79,0,2.857,3.025,1.933,5.294,3.025,6.891,8.151,0.168,1.008,0,0.168,3.109,12.605,0.084,0,0,0.672,0.336,2.101,0.084,0,0.42,0,0,0,0,0,0,0,0,0,0,0,0,0,0,0,0,0,0,0,0,0,0,0,0,0,0,0,0,0,0,0,0,0,0,0,0,0,0,0,0,0,0,0,0,0,0,0,0,0,0,0,0,0,0,0,0,1.176,0,4.538,0,0,0,0.168,0,0,0,0,0,0,2.857,0.42,0.588,0,0,12.605,3.866,0,0.084,0,0,0,0,0,0,2.101,0,28.319,0,13.529,8.319,0.168,"2024a","5HXLWR",10.0446666666667
97,"Slovenia",0,0,1990-04-08,199004,97220,"League of Communists of Slovenia","ZKS",20,"NA",999,999,NA,NA,NA,17.28,0,NA,14,80,4,20,"NA",58,3.448,0,0,0,0,0,0,0,0,0,0,3.448,0,0,0,6.897,0,0,0,8.621,0,0,1.724,0,3.448,0,0,1.724,0,0,1.724,0,0,0,0,0,3.448,12.069,1.724,6.897,0,0,0,1.724,0,1.724,0,1.724,3.448,0,0,5.172,0,1.724,5.172,5.172,3.448,0,0,0,0,0,0,0,0,0,0,0,0,0,0,0,0,0,0,0,0,0,0,0,12.069,0,0,1.724,1.724,0,0,0,0,0,0,0,0,0,0,0,0,0,0,0,0,0,0,0,0,0,0,0,0,0,0,NA,NA,NA,NA,NA,NA,NA,NA,NA,NA,NA,NA,NA,NA,NA,NA,NA,NA,NA,NA,NA,NA,NA,NA,NA,NA,NA,NA,NA,NA,NA,NA,6.897,1.724,0,8.621,0,"2024a","RXZFMC",17.28
97,"Slovenia",0,0,1990-04-08,199004,97320,"Social-Democratic Party of Slovenia","SDSS",30,"NA",236,1,1991,0.782,NA,7.389,0,NA,6,80,1,20,"NA",255,0,0.392,0,0,0.392,0.784,0.392,1.176,1.569,5.098,0,5.098,2.353,5.098,0,0,0,0,0,0,3.137,1.961,6.667,0.392,0,0,0,0,0.392,0,6.275,0.392,0,0,0,3.137,5.882,1.569,4.314,12.157,0,5.49,0,0.392,0,0,0,0,1.569,1.569,0,3.922,0,3.529,0,2.745,6.275,0,0,0,0,0,0,0,0,0,0,0,0,0,0,0,0,0,0,0,0,0,0,0,0,0,0,0,0,3.137,0,0,0,0,0.392,0,0,0,0,0,0,0.392,0.392,0,0,0,0,0,0,0,0,1.569,0,0,0,NA,NA,NA,NA,NA,NA,NA,NA,NA,NA,NA,NA,NA,NA,NA,NA,NA,NA,NA,NA,NA,NA,NA,NA,NA,NA,NA,NA,NA,NA,NA,NA,-16.078,7.451,3.137,16.471,1.176,"2024a","DJM1GF",10.66975
97,"Slovenia",0,0,1990-04-08,199004,97421,"Liberal Democratic Party","LDS",40,"NA",236,1,1991,0.782,NA,14.495,0,NA,12,80,1,20,"NA",54,11.111,0,0,0,0,1.852,0,0,0,0,0,29.63,5.556,11.111,0,0,0,1.852,3.704,3.704,5.556,1.852,1.852,0,0,0,0,0,0,0,1.852,3.704,1.852,0,0,5.556,1.852,0,0,3.704,0,0,0,0,0,0,0,0,0,1.852,0,1.852,0,0,0,0,0,0,0,0,0,0,0,0,0,0,0,0,0,0,0,0,0,0,0,0,0,0,0,0,0,0,0,0,0,0,0,0,0,0,0,0,0,0,0,0,0,0,0,0,0,0,0,0,0,0,0,0,0,0,0,NA,NA,NA,NA,NA,NA,NA,NA,NA,NA,NA,NA,NA,NA,NA,NA,NA,NA,NA,NA,NA,NA,NA,NA,NA,NA,NA,NA,NA,NA,NA,NA,31.481,5.556,5.556,3.704,1.852,"2024a","BV2UCK",18.6735714285714
97,"Slovenia",0,0,1990-04-08,199004,97520,"Slovenian Christian Democrats","SKD",50,"NA",998,998,NA,NA,NA,12.976,0,NA,11,80,3,20,"NA",367,1.635,0,0,0,0,0,0,2.725,0.545,1.09,0,2.452,4.087,0,0,2.725,0,0.545,0.272,1.635,2.18,2.452,3.815,0,1.635,0,0,0.545,0,0.817,2.725,0,0,1.635,0,0,8.992,8.719,6.267,4.36,0,5.722,0,2.18,0,8.447,0,1.09,2.725,0,0,4.632,0,5.45,0,0.545,4.087,0,0,0,0,0,0,0,0,0,0,0,0,0,0,0,0,0,0,0,0,0,0,0,0,0,0,0,0,0,0,0,0,0,0,0,0,0,0,0,0,0,0,0,0,0,0,0,0,0,0,2.18,1.09,0,0,NA,NA,NA,NA,NA,NA,NA,NA,NA,NA,NA,NA,NA,NA,NA,NA,NA,NA,NA,NA,NA,NA,NA,NA,NA,NA,NA,NA,NA,NA,NA,NA,-0.545,3.815,3.815,10.627,0,"2024a","URD8WE",12.3683333333333
97,"Slovenia",0,0,1992-12-06,199212,97223,"Unity, Asssociated List","ZL",20,"NA",257,1,1995,0.796,NA,13.577,0,NA,14,90,1,20,"NA",58,3.448,0,0,0,0,0,0,0,0,0,0,3.448,0,0,0,6.897,0,0,0,8.621,0,0,1.724,0,3.448,0,0,1.724,0,0,1.724,0,0,0,0,0,3.448,12.069,1.724,6.897,0,0,0,1.724,0,1.724,0,1.724,3.448,0,0,5.172,0,1.724,5.172,5.172,3.448,0,0,0,0,0,0,0,0,0,0,0,0,0,0,0,0,0,0,0,0,0,0,0,12.069,0,0,1.724,1.724,0,0,0,0,0,0,0,0,0,0,0,0,0,0,0,0,0,0,0,0,0,0,0,0,0,0,NA,NA,NA,NA,NA,NA,NA,NA,NA,NA,NA,NA,NA,NA,NA,NA,NA,NA,NA,NA,NA,NA,NA,NA,NA,NA,NA,NA,NA,NA,NA,NA,6.897,1.724,0,8.621,0,"2024a","J5XF9K",13.577
97,"Slovenia",0,0,1992-12-06,199212,97320,"Social-Democratic Party of Slovenia","SDSS",30,"NA",257,1,1995,0.796,NA,3.339,0,NA,4,90,1,20,"NA",142,9.859,0,0,0,0.704,0,0,3.521,2.113,1.408,0,0.704,0.704,0,0,1.408,0,0,0,10.563,1.408,1.408,0.704,0,0.704,0,0,0,0,1.408,16.197,0,0,2.817,0,0,3.521,0,0.704,12.676,0,6.338,0,0,0,4.93,0,0.704,0,0,0,11.268,0,0,0,2.113,0.704,0,0,0,0,0,0,0,0,0,0,0,0,0,0,0,0,0.704,0,0,0,0,0,0,0,0,0,0,0,0,0,0,0,0,0,0,0,0,0,0,0,0,0,0,0,0,0,0,0,0,0,0.704,0,0,0,NA,NA,NA,NA,NA,NA,NA,NA,NA,NA,NA,NA,NA,NA,NA,NA,NA,NA,NA,NA,NA,NA,NA,NA,NA,NA,NA,NA,NA,NA,NA,NA,-11.972,0.704,4.225,13.38,0,"2024a","QPHGC8",10.66975
97,"Slovenia",0,0,1992-12-06,199212,97421,"Liberal Democratic Party","LDS",40,"NA",257,1,1995,0.796,NA,23.465,0,NA,22,90,1,20,"NA",17,0,0,0,0,0,0,0,0,0,0,0,11.765,0,0,0,0,0,5.882,0,29.412,11.765,0,0,0,0,0,0,17.647,0,0,0,0,0,0,0,0,0,0,11.765,0,5.882,0,0,0,0,0,0,5.882,0,0,0,0,0,0,0,0,0,0,0,0,0,0,0,0,0,0,0,0,0,0,0,0,0,0,0,0,0,0,0,0,0,0,0,0,0,0,0,0,0,0,0,0,0,0,0,0,0,0,0,0,0,0,0,0,0,0,0,0,0,0,0,NA,NA,NA,NA,NA,NA,NA,NA,NA,NA,NA,NA,NA,NA,NA,NA,NA,NA,NA,NA,NA,NA,NA,NA,NA,NA,NA,NA,NA,NA,NA,NA,64.706,0,11.765,11.765,0,"2024a","HAPZM7",18.6735714285714
97,"Slovenia",0,0,1992-12-06,199212,97520,"Slovenian Christian Democrats","SKD",50,"NA",257,1,1995,0.796,NA,14.509,0,NA,15,90,1,20,"NA",367,1.635,0,0,0,0,0,0,2.725,0.545,1.09,0,2.452,4.087,0,0,2.725,0,0.545,0.272,1.635,2.18,2.452,3.815,0,1.635,0,0,0.545,0,0.817,2.725,0,0,1.635,0,0,8.992,8.719,6.267,4.36,0,5.722,0,2.18,0,8.447,0,1.09,2.725,0,0,4.632,0,5.45,0,0.545,4.087,0,0,0,0,0,0,0,0,0,0,0,0,0,0,0,0,0,0,0,0,0,0,0,0,0,0,0,0,0,0,0,0,0,0,0,0,0,0,0,0,0,0,0,0,0,0,0,0,0,0,2.18,1.09,0,0,NA,NA,NA,NA,NA,NA,NA,NA,NA,NA,NA,NA,NA,NA,NA,NA,NA,NA,NA,NA,NA,NA,NA,NA,NA,NA,NA,NA,NA,NA,NA,NA,-0.545,3.815,3.815,10.627,0,"2024a","2ZYXOQ",12.3683333333333
97,"Slovenia",0,0,1996-11-10,199611,97320,"Social-Democratic Party of Slovenia","SDSS",30,"NA",257,1,1997,0.796,NA,16.131,0,NA,16,90,1,20,"NA",41,0,0,0,0,0,0,0,0,0,0,0,0,0,0,0,4.878,0,7.317,0,0,2.439,2.439,7.317,2.439,0,0,0,7.317,0,0,0,0,0,2.439,0,0,0,0,26.829,2.439,0,2.439,0,0,0,0,0,7.317,2.439,0,0,7.317,0,0,2.439,0,2.439,0,0,0,0,0,0,0,0,0,0,0,0,0,0,0,0,4.878,0,0,0,0,0,0,0,0,0,0,0,4.878,0,0,0,0,0,0,0,0,0,0,0,0,0,0,0,0,0,0,0,0,0,0,0,0,0,NA,NA,NA,NA,NA,NA,NA,NA,NA,NA,NA,NA,NA,NA,NA,NA,NA,NA,NA,NA,NA,NA,NA,NA,NA,NA,NA,NA,NA,NA,NA,NA,-4.878,9.756,4.878,29.268,0,"2024a","O4ET2P",10.66975
97,"Slovenia",0,0,1996-11-10,199611,97321,"Associated List of Social Democrats","ZLSD",30,"NA",257,1,1997,0.796,NA,9.034,0,NA,9,90,1,20,"NA",136,2.941,0.735,0,0,0.735,0,0.735,2.206,2.206,0,0,0,0.735,0,0,3.676,0,1.471,0,6.618,0.735,0,0.735,0,0.735,0,0,0,0,1.471,5.882,0,0,0,0,0,0.735,2.206,5.882,9.559,0,5.882,0,5.147,0,2.206,1.471,1.471,0.735,0.735,0,8.824,0,5.147,0,0.735,12.5,0,0,0,0,0,0,0,0,0,0,0,0,0,1.471,0,0,0,0,0,0,0,0,0,0.735,0,0,2.206,0,0,0,0,0,0,0,0,0,0,0,0,0,0,0,0,0,0,0,0,0,0,0,0,0.735,0,0,NA,NA,NA,NA,NA,NA,NA,NA,NA,NA,NA,NA,NA,NA,NA,NA,NA,NA,NA,NA,NA,NA,NA,NA,NA,NA,NA,NA,NA,NA,NA,NA,-11.029,0.735,0.735,15.441,0.735,"2024a","CV3AGN",10.557
97,"Slovenia",0,0,1996-11-10,199611,97421,"Liberal Democracy of Slovenia","LDS",40,"NA",257,1,1997,0.796,NA,27.009,0,NA,25,90,1,20,"NA",267,0,0.375,0,0,0,0.375,0.375,1.498,0.749,0.375,0,0.749,2.996,0,0,4.494,0,1.873,0,3.371,2.622,1.124,1.873,0,0.375,0,0,3.745,0,0,4.494,0.749,0,0.749,0,1.124,4.494,13.109,7.865,7.491,0,9.738,0,0,0,0.749,0,2.622,2.247,0,0,1.873,0,4.12,0,2.247,1.124,0,0,0,0,0,0,0,0,0,0,0,0,0,0.375,0,0,0,0,0,0,0,0,0,0,0,0,0.375,1.124,1.498,0,0.375,0,0,0,0,0,0,0,0.375,0,1.124,0.375,0,0,1.498,0,0,0,0,0,0.749,0.375,0,0,NA,NA,NA,NA,NA,NA,NA,NA,NA,NA,NA,NA,NA,NA,NA,NA,NA,NA,NA,NA,NA,NA,NA,NA,NA,NA,NA,NA,NA,NA,NA,NA,-12.734,2.622,3.371,15.356,0.749,"2024a","IBSZAV",18.6735714285714
97,"Slovenia",0,0,1996-11-10,199611,97520,"Slovenian Christian Democrats","SKD",50,"NA",998,998,NA,NA,NA,9.62,0,NA,10,90,3,20,"NA",367,1.635,0,0,0,0,0,0,2.725,0.545,1.09,0,2.452,4.087,0,0,2.725,0,0.545,0.272,1.635,2.18,2.452,3.815,0,1.635,0,0,0.545,0,0.817,2.725,0,0,1.635,0,0,8.992,8.719,6.267,4.36,0,5.722,0,2.18,0,8.447,0,1.09,2.725,0,0,4.632,0,5.45,0,0.545,4.087,0,0,0,0,0,0,0,0,0,0,0,0,0,0,0,0,0,0,0,0,0,0,0,0,0,0,0,0,0,0,0,0,0,0,0,0,0,0,0,0,0,0,0,0,0,0,0,0,0,0,2.18,1.09,0,0,NA,NA,NA,NA,NA,NA,NA,NA,NA,NA,NA,NA,NA,NA,NA,NA,NA,NA,NA,NA,NA,NA,NA,NA,NA,NA,NA,NA,NA,NA,NA,NA,-0.545,3.815,3.815,10.627,0,"2024a","QZNLV8",12.3683333333333
97,"Slovenia",0,20,2000-10-15,200010,97320,"Social-Democratic Party of Slovenia","SDSS",30,"NA",258,999,2003,NA,NA,15.82,0,NA,14,90,1,20,"NA",280,2.857,0,0,0,1.786,0,0.357,3.929,1.071,0,0,5,2.857,1.071,0,3.571,0,2.5,0.357,0,0.357,0,0.714,0,0,0,0,4.643,0,0.357,5.714,0.357,0,0,0,0,1.786,6.429,6.071,12.143,0,8.571,0,2.857,0,2.857,0,3.929,2.143,1.786,0,2.143,0,0,1.429,0.357,5,0,0.357,0,0,0,0,0,0,0,0,0,0,0,0.714,0,0,0,0,0,0,0,0,0,0,0,0,0,0,0.357,0,0.357,0,0,0,0,0,0,0,0,0,0,0,0,0,1.786,0,0,0,0,0,1.429,0,0,0,NA,NA,NA,NA,NA,NA,NA,NA,NA,NA,NA,NA,NA,NA,NA,NA,NA,NA,NA,NA,NA,NA,NA,NA,NA,NA,NA,NA,NA,NA,NA,NA,-11.071,1.071,0.357,18.214,0.357,"2024a","BMU9HR",10.66975
97,"Slovenia",0,20,2000-10-15,200010,97321,"Associated List of Social Democrats","ZLSD",30,"NA",258,999,2003,NA,NA,12.08,0,NA,11,90,1,20,"NA",327,1.223,0,0,0,0,0,0.306,3.058,3.364,0,0,0.917,1.835,2.141,0,3.67,0,3.058,0.612,2.752,0.306,0.917,0.917,0,0,0,0,12.844,0,0.917,4.281,1.835,0,0.306,0,0,4.281,3.976,5.199,12.844,0,7.951,0,0.917,0,0.612,0,2.141,2.752,0,0,1.835,0,2.752,0,0.917,2.446,0,0,0,0,0,0.917,0,0,0,0,0,0,0,1.223,0,0,0,0,0,0,0,0,0,0,0,0,0,1.223,0.306,0,0,0,0,0,0,0,0,0,0,0,0,0,0,0,0,0,0,0,0.306,0,1.529,0.612,0,0,NA,NA,NA,NA,NA,NA,NA,NA,NA,NA,NA,NA,NA,NA,NA,NA,NA,NA,NA,NA,NA,NA,NA,NA,NA,NA,NA,NA,NA,NA,NA,NA,-16.82,2.752,0.612,18.043,0.306,"2024a","RZKN7H",10.557
97,"Slovenia",0,20,2000-10-15,200010,97421,"Liberal Democracy of Slovenia","LDS",40,"NA",258,999,2003,NA,NA,36.26,0,NA,34,90,1,20,"NA",2633,2.621,0.646,0.228,0,0.987,0,0.152,2.545,3.266,0.038,0.19,1.063,0.456,0.646,0,3.532,0.38,5.849,0.228,0.949,1.975,1.671,0.684,0.19,0,0,0,10.292,0,0.722,8.242,0.076,0,0,0,0,3.646,6.874,4.937,12.647,11.926,0.874,0,0.722,0,0.874,0,2.773,2.165,0.342,0,0.038,0,0.949,0,1.937,0.076,0,0,0,0,0,0.038,0,0,0,0,0,0,0,0.076,0,0.038,0,0,0,0,0,0,0,0,0,0,0,0.038,0.494,0.038,0,0,0,0.114,0,0,0,0,0,0,0,0.456,0,0,0.19,0,0,0,0.038,0,0,0.076,0,0,NA,NA,NA,NA,NA,NA,NA,NA,NA,NA,NA,NA,NA,NA,NA,NA,NA,NA,NA,NA,NA,NA,NA,NA,NA,NA,NA,NA,NA,NA,NA,NA,8.09,0.949,1.975,17.585,0.38,"2024a","NCXTVL",18.6735714285714
97,"Slovenia",0,10,2004-10-03,200410,97322,"Social Democratic Party","SD",30,"NA",274,3,2010,0.674,NA,10.17,0,NA,10,90,1,40,"2024-1",619,0,0,0,0,1.616,0,0,0.485,1.131,0,0,2.585,4.523,0.323,0,4.039,0,7.593,0,0.969,4.2,4.2,0,2.1,1.131,0,0.646,0,0,4.523,8.401,6.624,0,0,0,2.585,2.585,5.654,3.231,2.908,0,5.493,0,0.162,0,0.162,0.323,3.393,2.908,0,1.131,4.685,0,2.423,0.323,0.646,2.746,0,0,0.646,0,0,0.485,0,0,0,0,0,0,0,0,0.162,0,0,0,0,0,0,0,0,0,0,0,0,0,0,0,0.162,0,0.162,0,0,0,0,0,0.162,0.808,0,0,0,0,0,0,0,0,0.323,0,0.323,0.323,0,0,NA,NA,NA,NA,NA,NA,NA,NA,NA,NA,NA,NA,NA,NA,NA,NA,NA,NA,NA,NA,NA,NA,NA,NA,NA,NA,NA,NA,NA,NA,NA,NA,-5.654,8.724,4.2,6.139,0,"2024a","VDMTPP",13.41
97,"Slovenia",0,10,2004-10-03,200410,97330,"Slovenian Democratic Party","SDS",60,"NA",274,3,2010,0.674,NA,29.079,0,NA,29,90,1,40,"2024-1",1973,0,1.318,0,0,1.774,0,0,1.926,1.774,0,0,2.433,1.673,0.101,0,1.216,0.051,23.822,0,3.548,1.521,0.76,0.355,2.281,1.115,0,0.507,0,0,1.875,7.755,4.663,0,0,0,2.281,2.585,2.281,1.014,1.977,0,3.7,0.101,0.456,0,0.862,0,3.244,1.115,0.405,0,1.673,0,2.94,1.673,0.253,1.115,0.152,0,0,0,0,0,0,0,0,0,0,0,0,0.203,0.355,0,0,0.405,0,0,0,0,0,6.792,0,0.253,1.318,0,0.659,0.051,0.051,0,0,0.101,0,0,0,0,0,0.051,0.659,0.152,0,0,0,0,0,0,0,0,0.152,0.507,0,0,NA,NA,NA,NA,NA,NA,NA,NA,NA,NA,NA,NA,NA,NA,NA,NA,NA,NA,NA,NA,NA,NA,NA,NA,NA,NA,NA,NA,NA,NA,NA,NA,-1.926,7.299,1.521,2.99,0,"2024a","TUBAKR",26.031
97,"Slovenia",0,10,2004-10-03,200410,97421,"Liberal Democracy of Slovenia","LDS",40,"NA",274,3,2010,0.674,NA,22.8,0,NA,23,90,1,40,"2024-1",1783,0,1.01,0,0,0.841,0,0,2.131,2.804,0,0,2.299,4.487,0.785,0,2.299,0,18.284,0,2.019,3.982,0.785,1.066,6.057,0.449,0.224,0.112,0,0.056,7.291,9.366,5.104,0,0.224,0,2.86,2.58,3.533,2.019,2.356,0,4.206,0,0.28,0,0,0,0.617,1.178,0.897,0,1.346,0,1.795,0.785,0.056,1.01,0.056,0,0,0,0,0.168,0,0,0,0,0,0,0,0.056,0.056,0.561,0,0,0,0,0,0,0,0.337,0,0,0,0,0.337,0,0.168,0,0,0.729,0,0,0,0.056,0.056,0.056,0,0,0,0,0,0,0,0,0,0,0,0.168,0,0,NA,NA,NA,NA,NA,NA,NA,NA,NA,NA,NA,NA,NA,NA,NA,NA,NA,NA,NA,NA,NA,NA,NA,NA,NA,NA,NA,NA,NA,NA,NA,NA,-13.853,12.227,4.206,4.375,0,"2024a","3VU912",18.6735714285714
97,"Slovenia",0,10,2008-09-21,200809,97322,"Social Democratic Party","SD",30,"NA",274,3,2010,0.674,NA,30.45,0,NA,29,90,1,40,"2024-1",1828,0,0.602,0,0,1.532,0.164,0,0.985,0.711,0,0,2.681,4.322,0.274,0,1.915,0,16.411,0,1.532,1.751,0.492,0,4.267,0.711,0,0.055,0,0,5.58,10.449,5.252,0,0.164,0,1.094,2.188,2.845,3.556,2.79,0,3.775,0,0.055,0,0,0,2.571,2.735,0.219,0,3.775,0,2.188,2.516,0.383,2.899,0.055,0,0,0,0,0.164,0,0,0,0,0,0,0,0,0,0,0,0,0,0,0,0,0,1.368,0,0,0.055,0,0.383,0,0,0.438,0.055,1.204,0.274,0,0,0.711,0.164,0.328,0.383,0.109,0,0,0,0,0,0,0.164,0,0.164,0.547,0,0,NA,NA,NA,NA,NA,NA,NA,NA,NA,NA,NA,NA,NA,NA,NA,NA,NA,NA,NA,NA,NA,NA,NA,NA,NA,NA,NA,NA,NA,NA,NA,NA,-11.488,9.519,1.915,6.346,0.164,"2024a","3WMV2M",13.41
97,"Slovenia",0,10,2008-09-21,200809,97330,"Slovenian Democratic Party","SDS",60,"NA",274,3,2010,0.674,NA,29.257,0,NA,28,90,1,40,"2024-1",1505,0,0.399,0,0,1.794,0,0,1.528,1.13,0,0,0.997,1.993,0.332,0,1.462,0,26.047,0,2.06,2.658,0.664,0.532,5.05,0.797,0,0.598,0,0,4.983,10.166,2.326,0,0,0,1.196,3.522,2.259,1.196,3.123,0,4.186,0,0.93,0,0.066,0,1.86,2.791,0.664,0,2.525,0,4.186,1.661,0.199,0.997,0,0,0,0,0,0,0,0,0,0,0,0,0,0.066,0.066,0,0,0,0,0,0,0,0,0.199,0,0,0.797,0,0.465,0.199,0.066,0,0,0.199,0,0,0,0,0.066,0.133,0.532,0.133,0,0,0.066,0,0,0,0,0,0,0.133,0,0,NA,NA,NA,NA,NA,NA,NA,NA,NA,NA,NA,NA,NA,NA,NA,NA,NA,NA,NA,NA,NA,NA,NA,NA,NA,NA,NA,NA,NA,NA,NA,NA,-6.512,7.907,2.658,4.319,0,"2024a","DFOK93",26.031
97,"Slovenia",0,10,2008-09-21,200809,97421,"Liberal Democracy of Slovenia","LDS",40,"NA",274,3,2010,0.674,NA,5.21,0,NA,5,90,1,40,"2024-1",3651,0,0.192,0.027,0.027,2.712,0,0,1.424,0.849,0,0,4.026,2.629,0.904,0,1.561,0.027,7.039,0,1.041,3.944,1.945,0.52,4.684,0.74,0.11,1.26,0.383,0,1.726,20.652,2.712,0.027,0.63,0,1.972,5.094,1.89,1.753,2.602,0,2.903,0,0.027,0,0.383,0.164,4.547,2.492,0.383,0.055,0.959,0,6.135,0.575,0.329,1.835,0,0.055,0.027,0,0,0.11,0,0,0,0,0,0.055,0,0,0.027,0.082,0,0,0,0,0,0,0,0,0,0,0,0,0.438,0.247,0,0.192,0.055,0.657,0.027,0,0,0,0.192,0,1.26,0.329,0,0,0,0,0,0,0.055,0,0.164,0.137,0,0,NA,NA,NA,NA,NA,NA,NA,NA,NA,NA,NA,NA,NA,NA,NA,NA,NA,NA,NA,NA,NA,NA,NA,NA,NA,NA,NA,NA,NA,NA,NA,NA,5.314,7.916,4.574,4.355,0.027,"2024a","GLWWKT",18.6735714285714
97,"Slovenia",10,10,2011-12-04,201112,97322,"Social Democratic Party","SD",30,"NA",274,4,2012,0.667,0.487,10.52,0,NA,10,90,1,61,"2024-1",1040,0,2.115,0,0.192,1.827,0,0.096,2.019,1.538,0,0,1.923,2.885,0.288,0.385,2.981,0,10.962,0.962,0.865,0.865,3.365,5.385,0.192,0.865,1.154,0.481,0,0,3.75,9.904,4.231,0,0.962,0,2.404,5.385,3.846,2.788,1.731,0,3.942,0,1.635,0,0,0,6.731,2.596,0.288,0,0.769,0,3.269,1.731,1.827,0.865,0,0,0,0,0,0,0,0,0,0,0,0,0,0,0,0,0,0,0,0,0,0,0,0,0,0,0,0,0,0,0,0,0,0,0,0,0,0,0,0,0,0,0,0,0,0,0,0,0,0,0,0,0,0,NA,NA,NA,NA,NA,NA,NA,NA,NA,NA,NA,NA,NA,NA,NA,NA,NA,NA,NA,NA,NA,NA,NA,NA,NA,NA,NA,NA,NA,NA,NA,NA,-1.058,9.808,1.827,4.519,0.096,"2024a","MRA8FO",13.41
97,"Slovenia",10,10,2011-12-04,201112,97330,"Slovenian Democratic Party","SDS",60,"NA",274,4,2012,0.667,0.487,26.193,0,NA,26,90,1,61,"2024-1",2015,0,3.623,0,0,0.993,0.099,0,0.794,2.581,0,0,0,2.084,0.149,0.149,2.283,0,23.524,1.39,3.97,5.062,2.63,6.154,0.993,0.248,0,0.099,0,0,5.806,5.757,0.248,0,2.134,0,1.538,6.849,1.092,2.928,1.042,0,5.856,0,1.935,0,0.05,0,2.978,1.538,0.099,0,0.844,0,1.191,0.695,0.099,0.496,0,0,0,0,0,0,0,0,0,0,0,0,0,0,0,0,0,0,0,0,0,0,0,0,0,0,0,0,0,0,0,0,0,0,0,0,0,0,0,0,0,0,0,0,0,0,0,0,0,0,0,0,0,0,NA,NA,NA,NA,NA,NA,NA,NA,NA,NA,NA,NA,NA,NA,NA,NA,NA,NA,NA,NA,NA,NA,NA,NA,NA,NA,NA,NA,NA,NA,NA,NA,3.424,7.395,7.196,3.97,0.099,"2024a","KI8FW4",26.031
97,"Slovenia",10,10,2011-12-04,201112,97340,"Zoran Janković's List - Positive Slovenia","PS",30,"NA",274,4,2012,0.667,0.487,28.512,0,NA,28,90,1,61,"2024-1",278,0,0.36,0,0,0,0,0,0.719,0.36,0,0,6.475,5.036,0,1.439,1.799,0,8.273,0,10.072,0.719,2.518,2.518,0.36,0.719,0,0.36,0,0,3.237,8.633,2.158,0,1.439,0,2.158,4.317,0.719,4.317,2.518,0,1.799,0,3.957,0,0,0,3.597,6.475,0.36,0,6.475,0,0.719,3.597,0.36,1.439,0,0,0,0,0,0,0,0,0,0,0,0,0,0,0,0,0,0,0,0,0,0,0,0,0,0,0,0,0,0,0,0,0,0,0,0,0,0,0,0,0,0,0,0,0,0,0,0,0,0,0,0,0,0,NA,NA,NA,NA,NA,NA,NA,NA,NA,NA,NA,NA,NA,NA,NA,NA,NA,NA,NA,NA,NA,NA,NA,NA,NA,NA,NA,NA,NA,NA,NA,NA,14.029,5.036,2.158,6.835,0,"2024a","DSVM5A",28.512
97,"Slovenia",10,10,2011-12-04,201112,97421,"Liberal Democracy of Slovenia","LDS",40,"NA",274,4,2012,0.667,0.487,1.476,1,NA,0,90,1,61,"2024-1",885,0,1.695,0,0,2.938,0,0.226,2.486,0.452,0,0,5.198,3.051,0.113,0.113,1.469,0,13.898,0,0.113,2.034,2.373,3.39,0.904,0.565,0,0.452,0,0,2.825,6.102,1.921,0,0.226,0,0.678,5.198,3.051,6.328,2.486,0,6.102,0,0.113,0,0,3.616,8.136,2.825,0.113,0,0.113,0,4.181,1.582,0.791,2.147,0,0,0,0,0,0,0,0,0,0,0,0,0,0,0,0,0,0,0,0,0,0,0,0,0,0,0,0,0,0,0,0,0,0,0,0,0,0,0,0,0,0,0,0,0,0,0,0,0,0,0,0,0,0,NA,NA,NA,NA,NA,NA,NA,NA,NA,NA,NA,NA,NA,NA,NA,NA,NA,NA,NA,NA,NA,NA,NA,NA,NA,NA,NA,NA,NA,NA,NA,NA,3.842,6.215,2.26,8.814,0.226,"2024a","4SU4DI",18.6735714285714
97,"Slovenia",10,10,2014-07-13,201407,97322,"Social Democratic Party","SD",30,"NA",346,5,2019,0.756,0.67,5.976,0,NA,6,90,1,140,"2024-1",277,0,0,0,0,2.166,0,0.361,4.332,0.722,0,0,1.805,1.444,0,0,0,0,10.108,0.722,0,2.888,3.249,3.971,3.971,0,0,0.361,1.805,0,3.971,9.386,0,0.722,2.166,0,3.61,4.332,3.61,3.971,4.693,0.722,5.776,0,2.527,0,0,0,5.415,0.722,0.361,0,4.332,0,4.693,0,0,1.083,0,0,0,0,0,0,0,0,0,0,0,0,0,0,0,0,0,0,0,0,0,0,0,0,0,0,0,0,0,0,0,0,0,0,0,0,0,0,0,0,0,0,0,0,0,0,0,0,0,0,0,0,0,0,0,0,0,1.805,0.722,0,0,0.722,0,0,0,0,0,0,0,3.61,2.527,0,0,0,5.415,0,0.722,0,0.361,0,0,0,0,0,4.693,0,-7.581,7.942,5.054,8.664,0.361,"2024a","EM53OS",13.41
97,"Slovenia",10,10,2014-07-13,201407,97330,"Slovenian Democratic Party","SDS",60,"NA",346,5,2019,0.756,0.67,20.708,0,NA,21,90,1,140,"2024-1",354,0,0,0,0,5.085,0.847,0,3.107,3.107,0,0,1.13,3.39,0,0,0,0,17.232,0.847,2.825,1.695,1.412,0.282,1.13,0,0,0,0.565,0,2.825,6.497,0,0.282,4.52,0,0.847,2.825,4.52,1.412,7.91,0.282,3.39,0,6.215,0,0,0,4.237,0.282,0,0,2.825,0,6.215,0,0.282,1.977,0,0,0,0,0,0,0,0,0,0,0,0,0,0,0,0,0,0,0,0,0,0,0,0,0,0,0,0,0,0,0,0,0,0,0,0,0,0,0,0,0,0,0,0,0,0,0,0,0,0,0,0,0,0,0,0,0,1.13,3.107,0,0.282,0,1.412,1.412,0,0,0,0,0,0.847,6.215,0,0,0,4.237,0,0.282,0,0,0,0,0,0,0,6.215,0,4.52,1.412,6.215,9.322,0.847,"2024a","ESTVF4",26.031
97,"Slovenia",10,10,2014-07-13,201407,97461,"Party of Miro Cerar","SMC",40,"NA",346,5,2019,0.756,0.67,34.492,0,NA,36,90,1,140,"2024-1",293,0.341,0,0,0,3.072,0,0,1.365,0.683,0,0,0.683,5.119,0,0,0.341,0,13.311,1.024,0,0.683,1.365,2.389,1.365,0,0,0,1.024,0,2.73,15.358,0,1.706,0.683,0,3.072,2.73,6.485,0,6.485,0.683,8.532,0,1.365,0,0,0,3.413,1.024,0,0,1.706,0,7.509,0.341,0,3.413,0,0,0,0,0,0,0,0,0,0,0,0,0,0,0,0,0,0,0,0,0,0,0,0,0,0,0,0,0,0,0,0,0,0,0,0,0,0,0,0,0,0,0,0,0,0,0,0,0,0,0,0,0,0,0,0,0,0.683,4.778,0,0.341,0,0,0,0,0,0,0,0,3.072,1.365,0,0,0,3.413,0,1.024,0,0,0,0,0,0,0,7.509,0.341,-15.7,3.754,1.365,6.485,0,"2024a","N8MILT",22.12
97,"Slovenia",10,10,2018-06-03,201806,97322,"Social Democratic Party","SD",30,"NA",349,5,2020,0.889,0.773,9.934,0,NA,10,90,1,150,"2024-1",1452,0.069,0,0,0.138,2.066,0.069,1.102,1.033,3.03,0,0,0.826,5.165,0,0,1.309,0,4.959,0.758,1.377,0.826,1.171,4.477,0,0.758,0,1.171,0,0,2.755,11.983,0,0,4.063,0,3.03,3.099,3.581,4.545,13.567,0.069,4.339,0,3.168,0.207,1.377,0,4.408,2.342,0.689,0.138,3.099,0,3.237,0,0,0,0,0,0,0,0,0,0,0,0,0,0,0,0,0,0,0,0,0,0,0,0,0,0,0,0,0,0,0,0,0,0,0,0,0,0,0,0,0,0,0,0,0,0,0,0,0,0,0,0,0,0,0,0,0,0.069,0.069,0.138,0.689,5.096,0,0,0.069,1.171,0,0.207,0,0,0,0,3.03,2.686,0.482,0,0.207,4.408,0.069,2.342,0,0.689,0,0,0,0.138,0,3.237,0,-10.124,4.477,4.89,18.113,1.171,"2024a","6PM48K",13.41
97,"Slovenia",10,10,2018-06-03,201806,97330,"Slovenian Democratic Party","SDS",60,"NA",349,5,2020,0.889,0.773,24.918,0,NA,25,90,1,150,"2024-1",312,0,0,0,0,0.641,0,0,1.923,5.449,0,0,3.205,4.167,0,0.321,3.846,0,2.564,0,2.564,5.449,0.321,0.962,0,0.321,0,0,0,0,5.128,7.051,0,0,1.923,0,5.128,4.167,3.526,5.769,5.449,0,4.808,0.641,10.897,0,4.487,0,2.885,2.885,0.321,0,1.603,0,1.282,0,0,0.321,0,0,0,0,0,0,0,0,0,0,0,0,0,0,0,0,0,0,0,0,0,0,0,0,0,0,0,0,0,0,0,0,0,0,0,0,0,0,0,0,0,0,0,0,0,0,0,0,0,0,0,0,0,0,0,0,0.641,2.564,3.846,0,0.321,0,1.282,0,0,0,0.321,0.962,0,5.128,10.577,0.321,0,0,2.885,0,2.885,0,0.321,0,0,0,0,0,1.282,0,16.346,0.962,7.372,11.218,0,"2024a","45RVY9",26.031
97,"Slovenia",10,10,2018-06-03,201806,97341,"List of Marjan Šarec","LMŠ",40,"NA",349,5,2020,0.889,0.773,12.597,0,NA,13,90,1,150,"2024-1",143,0,0,0,0,3.497,0,0,2.098,1.399,0,0,2.098,4.895,0,4.196,0,0,2.098,2.797,0.699,0,2.797,0,0,0,0,0.699,0,0,2.098,18.182,0,0,0.699,0,2.797,3.497,5.594,0.699,12.587,0,2.797,0,3.497,0,0,0,7.692,5.594,0,0,2.098,0,3.497,0,0.699,0.699,0,0,0,0,0,0,0,0,0,0,0,0,0,0,0,0,0,0,0,0,0,0,0,0,0,0,0,0,0,0,0,0,0,0,0,0,0,0,0,0,0,0,0,0,0,0,0,0,0,0,0,0,0,0,0,0,0.699,1.399,4.895,0,0,0,0.699,0,0,0,0,0,0,2.797,3.497,0,0,0,7.692,0,5.594,0,0,0,0,0,0,0,3.497,0,2.797,0,0.699,13.287,0,"2024a","88775P",12.597
97,"Slovenia",10,10,2018-06-03,201806,97461,"Modern Centre Party","SMC",40,"NA",349,5,2020,0.889,0.773,9.748,0,NA,10,90,1,150,"2024-1",127,0,0,0.787,0,1.575,0,0,1.575,4.724,0,0,0.787,6.299,0,0.787,2.362,0,2.362,0.787,3.15,0.787,3.15,0,0,0,0,0,0.787,0,0,23.622,0,0.787,1.575,0,3.15,5.512,6.299,3.937,11.024,0,1.575,0,0,0,0.787,0,4.724,0,0,0,3.937,0,3.15,0,0,0,0,0,0,0,0,0,0,0,0,0,0,0,0,0,0,0,0,0,0,0,0,0,0,0,0,0,0,0,0,0,0,0,0,0,0,0,0,0,0,0,0,0,0,0,0,0,0,0,0,0,0,0,0,0,0,0,0,0.787,5.512,0,0,0.787,2.362,0,0.787,0,0,0,0,3.15,0,0,0,0,4.724,0,0,0,0,0,0,0,0,0,3.15,0,-8.661,0,2.362,14.961,0.787,"2024a","OXSQCN",22.12
